,Bankrekening,Consumentenkrediet,Creditcard,Hypotheek,Incasso,Kredietregistratie
deposit,1115,46,108,136,90,24
account,5228,897,3599,2578,3869,4366
day,410,254,333,685,612,268
different,150,78,188,394,320,182
company,276,522,797,1914,2628,1181
authorize,181,45,137,104,99,258
transactions,356,11,86,43,19,10
amount,435,439,596,1619,1076,312
approve,75,96,150,516,35,60
still,366,311,456,1035,695,614
pending,117,16,45,81,46,25
use,614,183,852,617,656,491
debit,472,40,87,69,83,22
card,1187,97,4595,121,575,662
another,366,159,351,793,486,230
gas,30,4,21,6,14,6
close,757,126,890,1334,338,415
business,368,95,319,381,384,200
bank,4132,509,1742,2824,707,390
america,575,13,258,542,79,13
preceeded,1,0,0,0,0,0
charge,1222,413,2215,899,896,546
verdraft,1,0,0,0,0,0
fee,1426,344,1158,1235,388,132
first,259,176,392,727,447,253
state,565,405,696,1999,1702,1065
time,1015,728,1226,3024,1907,1119
items,91,23,83,96,91,444
post,173,62,170,173,108,78
overdraw,141,3,8,10,3,1
fund,870,97,144,678,274,31
cover,139,45,59,174,98,24
call,1478,1110,2177,3329,5268,968
speak,403,262,487,933,704,309
come,250,165,210,538,364,175
fact,131,64,163,371,211,193
representative,252,103,289,495,342,154
proceed,58,20,57,221,103,32
show,312,211,361,815,584,866
screen,34,14,28,19,11,36
notice,206,140,285,799,762,331
layer,2,0,0,3,2,2
transaction,392,37,191,151,35,30
rest,14,14,16,21,15,6
get,950,716,1167,2904,1500,1038
away,83,35,73,184,81,56
overdraft,551,5,16,32,6,4
already,138,76,166,412,258,185
overdrafted,18,0,0,1,0,0
autherized,1,0,0,0,0,0
say,921,521,1151,2153,1835,788
negative,147,67,99,129,173,336
however,248,150,332,583,358,293
item,77,20,86,50,152,333
make,1000,839,1484,3119,1416,736
do,188,82,186,495,230,239
chase,705,120,657,802,61,14
accept,97,65,119,373,125,74
check,2203,353,633,1208,514,324
payable,8,2,2,21,6,3
jointly,3,1,0,2,3,5
wife,85,51,88,311,178,91
non,42,21,56,201,93,43
alternative,5,2,6,30,5,5
payees,8,0,0,0,8,0
unambiguous,2,0,1,0,0,0
symbol,1,0,0,0,0,0
payee,20,2,1,6,6,0
line,179,77,258,354,186,151
forge,10,5,4,24,19,2
endorsements,5,0,0,2,1,0
without,339,132,364,512,451,307
authorization,49,18,34,84,55,105
violation,26,36,50,125,308,207
california,30,19,11,114,49,34
law,86,75,76,344,603,414
include,124,100,197,577,349,316
californ,1,0,0,0,0,0
ia,3,1,2,6,3,1
commercial,6,2,6,3,17,14
code,116,4,32,48,67,42
section,19,14,22,101,117,313
insurance,103,167,61,1143,371,102
write,227,132,277,631,566,355
letter,392,319,670,1928,1793,1190
payor,3,2,1,1,0,0
entitle,15,4,22,48,22,44
claim,470,130,294,631,842,292
ban,3,0,2,8,2,2
k,4,12,4,36,6,3
th,7,8,6,41,18,11
e,64,25,79,167,99,75
improperly,2,4,4,18,7,12
deny,196,58,202,621,113,159
basis,16,12,21,65,40,15
purport,6,0,2,14,59,12
unlawful,12,1,6,23,40,9
power,28,3,25,58,16,20
attorney,87,49,68,619,376,127
denial,12,10,27,173,5,23
unfair,54,30,80,119,71,35
fraudulent,186,46,210,149,201,405
practice,140,90,179,282,402,121
within,185,76,198,367,263,268
mean,84,29,77,155,114,102
professions,1,0,0,1,0,0
assist,51,30,44,167,39,43
steal,155,24,80,101,85,81
californi,1,0,0,0,0,0
probate,19,2,2,21,2,0
p,10,6,7,58,44,15
ower,1,0,0,2,0,0
legally,13,11,12,60,56,71
sufficient,19,6,9,55,17,19
acknowledge,35,22,57,142,80,29
notary,6,2,1,43,15,3
public,38,10,19,37,49,184
sign,198,139,237,723,368,240
lea,1,0,0,0,0,0
st,9,10,5,76,15,10
witne,1,0,0,0,0,0
sses,1,0,0,0,0,0
honor,81,25,70,95,23,39
notarize,12,8,5,41,19,19
witness,7,4,4,16,11,3
califo,1,0,0,0,0,0
rnia,1,0,0,0,0,0
ineffective,2,0,0,1,2,1
violate,25,29,56,130,220,138
califor,1,0,0,0,0,0
nia,1,0,0,0,0,0
fail,109,48,130,388,262,238
exercise,9,4,3,24,9,10
ordinary,2,0,6,2,0,0
care,84,71,144,225,160,77
pay,853,1317,2004,3612,2784,1181
take,741,458,614,1518,945,482
refuse,304,169,347,669,605,469
try,347,221,427,1258,993,546
persuade,3,1,2,2,1,0
return,386,150,354,558,391,139
money,1311,265,381,1104,680,168
years,322,191,371,1254,797,580
admit,36,7,36,104,69,27
name,377,125,328,609,1170,722
despite,62,31,127,170,109,76
promise,93,37,136,180,65,29
hold,367,66,257,499,218,120
resolve,204,93,255,365,314,292
bill,311,162,848,444,1518,406
issue,538,239,689,960,450,514
dispute,218,163,578,276,1243,2327
open,810,74,490,146,390,488
give,586,324,544,1200,970,440
reason,224,69,256,342,173,159
usaa,131,42,75,35,15,0
phone,436,323,599,976,1675,367
number,596,242,646,809,1790,778
attempt,173,90,221,535,782,248
automate,24,12,46,53,49,36
system,113,61,179,249,144,184
able,257,114,219,554,264,252
change,267,147,283,767,187,248
information,527,328,646,1429,1791,2612
ssn,12,4,32,18,48,67
birthdate,1,0,0,0,13,0
provide,382,155,465,1189,1089,991
pin,63,0,14,1,4,16
night,31,16,54,31,38,3
security,194,41,128,118,262,336
question,120,51,142,378,218,179
password,17,5,27,17,1,9
new,458,204,439,1084,345,268
appear,71,30,86,179,170,179
texting,1,1,0,2,2,2
service,633,268,784,1670,1179,457
add,93,95,174,356,154,196
primary,16,9,28,108,14,12
mobile,80,5,9,17,13,4
app,37,10,21,9,1,7
establish,33,4,20,65,31,39
android,1,0,1,0,0,1
none,30,17,36,97,40,68
attach,142,53,147,454,296,368
family,59,40,37,261,212,44
us,493,193,320,1840,351,149
smart,4,0,7,3,11,5
nighmare,1,0,0,0,0,0
really,67,31,67,159,68,55
begin,90,65,88,409,219,56
fraud,369,61,399,205,285,347
department,281,102,240,384,210,134
aware,59,39,84,144,173,81
allow,212,80,157,379,222,243
notifications,8,2,10,14,8,11
mine,41,19,69,51,346,392
remove,165,149,421,385,830,1984
device,12,4,2,1,5,0
profile,17,1,19,4,42,74
put,222,143,244,542,326,233
ticket,13,7,65,12,29,21
solve,24,1,11,21,9,14
sometime,14,4,9,11,13,7
next,154,98,204,334,121,78
week,133,91,105,361,160,70
someone,197,84,215,389,347,182
access,268,41,142,136,92,163
balance,467,312,1261,616,649,491
even,408,265,514,1014,760,494
place,246,98,209,444,514,317
also,517,314,559,1353,1041,843
tell,1491,762,1551,2885,2195,760
two,179,107,174,417,183,120
lock,43,16,19,191,12,37
savings,251,13,26,53,20,12
stick,9,17,25,24,9,3
moment,12,4,8,15,19,2
way,195,86,217,400,223,171
payroll,20,4,1,4,14,1
report,494,777,1064,1232,3610,7385
period,78,45,138,299,95,105
temporarily,9,2,4,8,3,8
refund,271,85,305,297,85,42
investigation,159,27,137,96,97,454
currently,34,45,40,230,114,85
others,29,15,43,83,48,36
military,21,13,6,34,18,12
similar,23,13,33,45,51,28
situations,8,3,4,9,2,6
n,960,567,1145,2156,1653,935
personally,18,6,13,28,39,30
know,378,260,422,943,891,432
adult,2,1,3,2,8,7
son,72,20,17,73,99,30
longer,99,60,88,241,153,150
live,90,32,80,308,318,245
hit,43,21,49,50,30,28
days,572,299,570,1081,475,584
want,386,236,484,1026,686,396
answer,138,82,173,471,376,112
thursday,28,8,2,21,15,3
stop,172,114,164,362,664,80
stress,17,12,14,74,26,14
good,103,73,186,332,126,142
weekend,22,4,16,17,21,5
police,164,17,52,15,172,170
alert,72,16,66,39,60,197
credit,1018,1229,4723,1914,4422,7261
anything,151,93,189,341,426,192
since,449,278,571,1440,652,469
right,159,108,186,514,502,377
sure,87,52,121,215,177,100
trust,87,8,16,281,66,18
float,2,0,0,3,1,0
around,118,65,126,305,127,81
unknown,17,12,16,38,57,41
work,266,238,279,1150,834,205
computer,37,14,65,50,29,37
securities,3,1,1,24,0,2
large,35,14,48,57,22,13
corporation,24,24,12,57,46,5
feel,146,104,171,362,169,100
data,35,8,32,37,71,101
breech,2,1,0,4,6,0
involve,33,21,34,112,63,42
many,159,71,179,366,230,192
authorities,3,2,6,10,10,4
seem,106,53,130,295,122,102
huge,21,6,17,44,13,13
problem,192,70,171,305,112,146
one,521,305,872,1034,601,337
last,217,152,289,644,502,318
weeks,140,102,152,375,138,69
people,137,89,144,333,270,129
compromise,26,0,36,11,15,21
deprive,2,0,3,7,5,0
income,67,56,62,610,101,37
continue,169,153,241,669,742,340
disappear,16,0,11,4,1,13
direct,199,24,66,118,97,56
payments,205,732,652,2512,546,320
addition,42,32,55,147,101,58
incapacity,1,0,0,0,0,0
secure,62,28,91,104,41,32
massively,1,0,0,0,1,0
mature,6,5,0,24,1,1
trivialize,1,0,0,0,0,0
failures,7,2,2,5,0,0
send,562,452,942,2681,2162,1325
email,308,147,434,837,371,181
back,703,420,782,1478,998,572
protection,121,43,103,125,102,56
damage,28,71,88,181,203,141
organization,15,6,13,35,28,9
full,107,188,350,461,499,288
arrogance,1,0,1,1,1,0
belief,5,2,7,11,11,7
fourth,4,3,5,19,6,6
file,418,172,367,1300,1082,1763
complaint,297,131,325,792,431,456
nothing,201,112,216,437,274,213
happen,258,84,215,412,167,138
inch,1,1,0,4,0,0
would,1370,814,1709,3332,1843,923
lose,155,62,117,478,104,60
license,25,20,26,62,130,85
americans,2,0,3,6,5,5
suppose,95,44,74,197,122,112
receive,1027,552,1501,3118,2411,993
moneys,3,1,0,1,3,0
whe,1,0,0,0,1,0
federal,138,44,72,270,244,215
government,26,10,23,121,41,45
act,78,51,130,293,467,317
protector,1,0,0,0,0,0
citizens,64,28,32,70,5,4
rather,22,23,46,91,43,36
arrogant,1,1,2,5,1,1
corporations,2,0,1,4,1,2
destroy,7,2,23,41,27,18
case,251,69,270,547,381,344
id,119,16,61,57,131,131
ebay,24,3,8,0,0,0
paypal,141,69,120,0,28,0
excellent,12,19,45,32,21,13
stand,41,24,81,97,55,46
early,42,47,47,111,68,37
follow,190,89,211,495,268,367
hello,19,9,21,26,36,32
recently,97,58,134,237,165,157
review,104,65,179,714,139,133
activity,114,10,62,46,78,71
determine,34,14,48,115,44,49
acceptable,12,8,13,33,12,6
policy,121,31,83,246,57,45
regard,142,89,175,494,497,384
sales,29,31,30,81,10,8
offer,277,116,567,832,234,90
jerseys,1,0,0,0,0,0
user,21,3,45,6,12,33
result,142,58,166,305,223,316
permanently,7,6,8,11,16,39
limit,60,21,269,68,84,103
appeal,16,6,13,193,22,5
suspend,10,5,19,30,14,6
freeze,76,5,22,21,32,130
months,241,277,541,1089,393,273
active,26,9,29,71,33,28
feedback,5,4,3,2,4,1
complaints,43,19,37,165,97,81
chargeback,6,0,25,0,0,1
understand,143,83,200,354,146,128
choose,37,18,56,72,29,24
keep,196,146,230,779,482,249
incongruent,1,0,0,0,0,0
plead,7,4,3,15,11,1
customer,539,125,627,556,125,129
reps,21,21,31,50,35,16
please,230,142,257,698,504,793
problems,74,36,45,130,34,49
vise,1,0,0,1,0,0
versa,1,0,0,1,0,0
copy,154,78,200,470,511,575
paste,3,1,4,2,1,2
standard,14,3,15,47,14,15
reply,39,16,67,131,90,72
automatically,42,14,43,61,23,18
withdraw,201,27,23,86,72,24
monthly,149,171,191,814,149,73
invoice,10,3,51,47,96,9
retrieve,27,9,9,11,6,17
wallet,20,1,7,0,0,5
replenish,3,0,0,1,0,0
goods,4,0,18,2,8,5
expense,36,7,22,131,31,18
well,675,257,399,1852,409,319
month,277,345,516,1240,398,212
payables,1,0,0,0,0,0
decision,73,23,54,155,17,23
support,75,9,89,186,95,157
prove,48,27,57,152,179,155
help,359,204,353,1285,356,383
reach,61,40,105,228,160,85
etrade,4,0,0,0,0,0
set,124,61,156,302,145,36
along,61,25,47,187,81,92
initial,47,20,50,120,84,49
irs,52,6,6,61,16,52
ein,4,1,1,1,0,0
instructions,24,4,28,75,11,11
errors,12,6,28,104,23,72
web,33,6,40,31,16,21
site,36,10,74,60,29,58
upon,94,41,128,230,151,73
team,36,10,29,64,23,11
exist,42,14,37,105,79,55
personal,172,98,109,145,312,222
affect,42,36,89,113,101,135
explanation,72,28,64,163,57,33
today,166,104,259,368,292,159
submit,168,66,119,822,285,305
proof,87,62,125,297,544,511
identity,100,38,101,39,395,406
order,238,118,233,428,295,197
transfer,384,85,483,646,232,95
bad,44,17,53,102,91,60
enough,99,39,63,197,83,67
opt,40,8,34,20,5,16
initially,32,14,25,66,36,15
worse,13,10,18,49,14,20
downright,1,0,3,2,2,0
criminal,32,11,11,44,41,15
wait,222,71,158,349,93,78
supply,18,7,33,68,57,60
process,308,142,275,1320,222,238
request,416,264,624,2076,1260,1340
documentation,65,52,96,465,322,342
eta,1,0,0,0,0,0
look,170,103,167,351,276,190
alternatives,2,1,1,17,2,0
trade,20,62,21,29,99,78
need,508,276,397,1514,714,587
suggest,42,11,32,74,28,24
ago,137,71,155,312,349,213
approximately,64,24,50,144,67,16
consider,42,43,82,202,66,57
variable,4,0,11,13,0,1
rate,55,158,243,812,51,33
citibank,229,6,339,59,48,2
accord,55,39,66,185,121,121
statements,118,63,225,354,183,61
term,82,107,220,341,97,69
equity,27,32,3,300,9,1
source,22,6,18,50,21,68
total,131,153,178,243,145,66
matter,162,85,183,362,356,306
interest,191,468,1071,1085,278,92
vary,6,0,3,12,6,6
strictly,9,0,2,1,2,1
towards,20,41,32,107,30,9
principal,23,81,16,579,23,4
hardly,1,1,1,8,1,2
decrease,3,12,30,43,8,17
go,959,497,740,1997,941,586
ahead,16,20,24,63,28,10
base,75,48,99,317,92,112
accrual,2,1,0,2,0,0
prior,79,69,98,330,163,87
payment,403,1245,1719,4473,1177,518
never,568,392,897,1457,1608,908
least,66,36,79,171,94,60
year,163,127,265,888,334,286
average,9,5,10,35,6,5
much,105,73,93,322,124,96
dollars,130,51,111,179,131,27
ask,614,360,868,1701,1636,691
rep,103,79,165,253,142,51
prime,1,2,5,10,3,0
spread,3,3,1,12,2,0
find,370,168,335,750,468,331
deceive,7,10,13,23,11,7
extra,21,56,37,267,23,13
exceedingly,3,0,0,1,2,0
difficult,22,15,22,89,22,42
enter,36,23,33,128,63,55
contract,56,239,89,318,430,181
reality,4,2,4,8,4,7
fix,74,69,91,341,73,154
mention,49,28,63,166,85,46
statement,184,113,599,628,251,134
opinion,18,6,25,57,6,8
complain,58,11,72,88,48,54
procedure,17,10,10,23,18,40
mail,281,148,445,745,766,484
excuse,25,13,19,59,10,9
particular,18,5,19,16,17,14
handle,69,30,65,191,106,71
impossible,29,14,43,64,26,28
online,310,126,386,289,155,271
internet,21,6,39,20,56,18
age,13,8,29,30,55,54
possible,79,22,58,152,64,140
clerk,13,0,15,29,32,34
snail,1,1,2,6,0,5
likely,22,6,25,28,20,7
thereby,8,1,9,18,4,6
legal,85,67,96,345,520,147
higher,23,31,61,171,24,37
basically,33,12,28,54,21,21
rip,26,10,10,12,6,4
customers,178,46,151,131,17,26
sorry,16,8,20,41,13,16
late,144,438,958,1137,199,550
hop,26,14,27,82,37,26
directly,46,32,71,132,131,97
umpqua,10,0,0,7,0,0
guy,18,11,17,25,44,24
summary,22,5,25,46,29,11
checkbook,6,2,3,0,0,1
car,75,933,98,46,159,125
fraudsters,3,0,1,1,3,1
cash,361,53,267,228,78,22
home,158,108,177,3169,443,164
branch,624,45,101,114,13,7
responsible,54,31,70,110,113,60
negligent,6,5,7,15,13,13
leave,204,125,170,403,556,87
bother,10,3,9,23,15,11
wildly,1,0,0,3,0,0
signature,64,14,62,76,173,144
real,42,15,31,208,71,31
detail,66,37,71,207,130,106
address,204,85,345,409,703,724
house,63,22,51,1293,192,129
stay,26,16,46,138,47,42
thing,82,44,68,167,93,83
morning,70,22,27,56,69,14
thieve,7,2,3,3,2,5
pass,74,29,68,166,97,54
hear,94,52,109,327,232,80
immediately,168,63,233,279,282,312
things,39,31,36,124,63,82
everyone,15,11,18,57,24,11
assure,52,25,96,146,48,40
reimburse,21,2,28,42,3,5
let,111,59,118,219,158,107
ploy,1,0,2,2,0,0
unit,18,2,6,39,26,7
several,210,136,282,610,504,377
later,260,134,277,519,282,133
justifiably,2,0,0,0,2,0
embarrass,10,4,12,7,24,3
teller,108,0,11,8,1,2
expect,70,23,71,117,33,48
eat,15,5,9,10,7,1
loss,59,36,44,268,28,13
like,278,159,345,620,410,391
point,217,73,523,526,208,187
juncture,1,1,0,2,1,1
walk,40,11,11,43,25,7
minimum,45,27,226,38,27,6
understandable,4,0,0,7,0,0
turn,58,80,69,218,158,62
hinky,1,0,0,0,0,0
jet,1,0,1,0,0,0
see,292,130,311,645,396,432
hook,3,1,1,4,2,2
worth,27,32,32,112,9,6
handwritten,4,0,0,1,2,0
apparently,47,21,42,59,54,30
happy,21,3,18,40,19,5
release,106,60,45,198,99,71
difference,14,22,21,65,16,9
assume,40,18,41,97,78,31
risk,33,12,31,58,12,14
second,84,55,110,292,139,99
short,39,20,39,720,23,38
better,39,24,33,91,30,28
depositors,4,0,0,1,1,0
doubt,9,7,10,22,15,17
low,27,24,59,69,25,47
level,31,9,31,53,16,10
grunt,1,0,0,0,0,0
rule,50,25,37,149,52,66
accountholder,6,0,0,0,0,0
minute,8,10,9,26,19,1
correct,115,92,197,463,203,512
save,60,7,28,158,32,13
labor,3,2,4,2,1,2
cost,63,51,73,391,106,41
cut,22,14,29,37,18,7
corner,2,2,3,7,1,0
responsibility,41,15,36,69,58,52
wrong,97,56,116,259,177,203
fargo,448,121,192,1215,46,1
apply,138,209,551,1026,130,242
unable,105,58,129,245,134,157
fine,40,16,42,70,29,31
false,48,37,76,155,236,167
date,268,279,535,1565,806,871
nsf,66,2,11,23,4,0
crazy,8,5,3,10,5,9
catch,18,18,27,93,19,15
pile,3,0,3,2,0,0
ca,155,59,121,315,177,181
current,53,102,93,640,146,172
always,68,47,109,248,90,62
collect,41,43,62,172,1095,85
dollar,39,22,25,41,28,19
clone,4,0,0,1,0,0
fl,21,11,17,47,50,44
min,3,4,17,13,5,5
film,2,0,0,0,0,0
regions,63,1,0,8,0,0
reluctant,2,0,0,2,2,1
future,35,13,38,77,38,22
plastic,1,1,1,0,0,1
search,26,12,23,47,49,34
learn,43,22,55,88,38,29
easy,11,9,14,19,11,11
key,49,14,17,53,26,19
safe,54,2,8,11,7,6
box,63,7,22,40,58,22
continually,11,7,8,37,25,17
correctly,22,22,26,86,25,84
owe,98,248,234,486,1705,308
contact,500,367,630,1518,1717,847
ignore,32,16,38,116,119,132
decide,84,39,96,216,85,47
institution,85,19,28,40,13,13
yet,132,66,177,400,244,229
confirmation,54,20,43,104,57,96
issuer,6,0,15,1,3,3
clear,185,66,109,232,188,130
earn,40,4,98,35,12,3
citigold,65,0,2,0,0,0
confirm,183,48,139,265,169,137
promotion,180,8,129,17,4,3
fulfill,10,6,6,10,6,5
requirements,147,3,59,96,20,11
update,61,52,104,269,131,333
complete,160,58,111,645,115,193
respond,77,51,126,359,333,245
visit,67,10,24,20,75,18
location,78,13,17,22,38,11
loan,206,1590,103,6831,874,622
sister,39,3,10,24,42,17
park,6,6,0,4,28,11
lot,51,29,33,117,42,45
arm,8,5,2,52,12,3
guard,4,0,0,1,3,0
dress,2,1,1,0,0,1
swat,1,0,0,0,0,0
gear,2,1,1,0,2,2
alarm,4,3,2,9,8,4
drive,23,71,14,29,31,20
cars,5,15,0,4,3,11
lanes,2,0,0,0,0,0
press,12,1,14,16,37,10
job,65,77,62,236,216,79
quickly,25,7,15,61,22,7
miss,77,54,119,392,88,78
run,68,51,91,227,62,93
errand,1,0,0,0,0,0
slip,30,7,15,7,20,1
fill,32,28,57,104,49,43
throughs,1,0,0,0,0,0
deal,69,64,87,293,123,81
oh,11,10,7,31,16,8
interstate,1,0,0,1,23,0
additional,116,84,157,521,161,89
odd,6,2,8,18,7,6
road,4,3,5,5,4,3
demonstrable,1,0,0,0,0,0
feature,23,2,24,3,3,5
vacation,9,1,18,20,11,3
though,139,86,193,432,190,158
wear,2,12,0,0,4,3
photo,30,2,6,5,2,6
medical,15,15,27,73,368,79
laboratory,1,0,0,0,1,0
part,80,64,98,270,98,126
afternoons,1,0,0,1,0,0
driver,9,1,14,1,21,40
could,655,331,730,1483,766,432
snap,1,0,0,1,1,1
overhead,1,0,2,1,0,0
camera,10,1,2,0,1,1
disturb,8,2,7,17,12,4
invasive,1,0,0,0,5,1
sisters,9,0,2,3,2,2
privacy,17,4,23,13,42,35
start,113,89,128,702,320,132
mumble,1,0,0,0,0,0
read,54,32,77,115,68,57
operation,5,0,2,12,11,3
choke,1,0,0,0,0,0
familiar,4,0,5,10,12,5
dept,56,24,46,114,78,54
justice,8,5,5,38,20,1
program,45,47,128,434,55,35
intimidate,4,2,2,5,20,1
businesses,7,2,4,4,5,7
ridiculous,28,16,24,47,23,17
poor,26,15,29,63,20,13
consumer,119,175,205,282,364,469
young,16,5,8,21,8,8
lady,36,19,25,43,76,11
remain,69,61,110,157,108,142
possession,20,19,16,29,17,12
receipt,113,22,92,173,210,126
exit,2,1,2,7,1,1
door,7,5,5,65,26,3
verify,113,56,156,169,484,1024
friday,60,24,22,75,32,6
via,143,82,156,302,256,153
private,15,11,11,56,68,16
success,8,5,5,30,9,16
multiple,131,55,109,212,243,180
must,77,43,119,224,196,279
depositor,6,0,1,1,2,0
appropriate,20,9,12,37,29,17
resolution,72,39,67,145,69,54
disclosure,12,9,16,120,31,21
atm,346,1,25,1,2,4
produce,13,8,4,45,42,26
possess,4,3,2,7,7,1
smartfone,1,0,0,0,0,0
therefore,57,33,87,161,117,127
concern,123,51,134,298,171,154
face,23,14,17,86,18,23
whole,39,26,33,105,26,20
situation,138,110,137,345,158,77
frighten,3,0,1,2,2,0
lack,33,20,30,144,39,41
designate,4,1,2,10,6,1
monday,68,21,25,83,44,7
holiday,22,2,18,10,7,3
action,97,65,139,304,444,168
discuss,44,29,58,133,90,32
investigate,113,24,121,116,118,352
nobody,18,12,17,25,15,11
zip,9,2,4,7,5,2
remember,26,3,27,30,40,8
finally,98,71,122,375,148,84
agonize,1,1,1,1,0,0
minutes,97,29,88,74,63,30
miracle,1,0,1,0,0,0
ever,83,41,124,233,193,131
bofa,64,0,38,104,2,0
train,11,6,25,18,12,2
instruct,40,19,22,88,57,20
serviceconnected,1,0,0,0,0,0
draft,65,15,22,68,10,9
checkingaccount,1,0,0,0,0,0
condo,8,0,2,83,4,1
association,4,0,7,51,27,1
notify,152,69,141,286,273,157
three,84,51,81,202,133,108
orderedon,1,0,0,0,0,0
withoutmy,1,0,0,0,0,0
notfunds,1,0,0,0,0,0
iincur,1,0,0,0,0,0
mycondo,1,0,0,0,0,0
lean,4,4,0,4,3,1
property,50,29,10,1735,194,42
mistake,83,37,105,220,73,88
rectify,20,11,22,38,16,18
thethe,1,1,0,0,0,0
bounce,29,5,10,13,7,3
nowchecks,1,0,0,0,0,0
due,319,484,808,1563,570,474
trustmark,1,0,0,1,0,0
great,27,23,47,76,35,35
inconsistent,3,1,4,6,2,5
strongly,4,2,4,15,6,5
believe,171,113,247,448,299,155
victim,49,28,33,48,158,128
theft,89,27,73,43,343,322
ftc,7,6,31,19,99,96
recieved,12,8,21,17,54,21
client,35,9,13,135,107,11
creditor,9,28,60,44,506,399
realize,54,39,70,101,40,31
thier,4,2,1,12,5,3
end,163,134,280,474,232,149
crumb,1,0,1,0,0,0
friends,13,10,10,21,37,2
pls,1,7,0,3,0,0
advise,145,136,165,456,329,171
vendor,27,8,42,8,2,6
erroneously,8,3,6,20,6,8
cause,178,77,130,319,168,151
subsequently,24,3,20,44,32,19
every,157,147,223,599,318,183
person,206,74,182,344,417,173
liable,20,3,18,25,30,35
overdrafts,40,0,1,0,0,0
rerurns,1,0,0,0,0,0
secondly,4,5,5,12,11,3
single,38,26,45,158,56,31
preposterous,2,0,0,1,0,2
citi,215,3,531,128,26,3
aadvantage,18,0,14,0,0,0
miles,112,30,95,4,9,0
billpay,5,0,5,1,0,0
spend,73,22,282,130,30,44
satisfy,25,10,18,68,57,58
message,110,48,123,221,443,49
website,83,65,185,232,81,141
purchase,249,264,772,512,230,135
meet,162,19,100,199,58,34
promotional,63,11,125,1,0,5
expectations,1,1,0,4,1,1
cycle,17,2,86,11,9,7
calculate,3,13,18,91,11,8
member,33,14,45,39,38,24
reference,57,32,60,91,167,70
may,104,56,109,293,207,170
research,68,26,36,173,71,29
unfortunately,25,12,29,84,41,16
eligible,47,5,52,85,14,4
promotions,8,0,17,1,0,1
available,216,24,134,181,56,53
target,29,3,87,18,8,4
members,19,9,10,28,61,3
communication,31,21,43,120,192,40
record,183,102,217,626,612,489
contradict,6,4,7,19,2,1
shots,3,4,5,3,2,4
national,32,13,21,73,100,18
costumer,3,1,1,6,2,2
station,15,0,18,5,14,3
pre,21,30,21,115,27,17
thank,141,62,150,268,196,291
log,71,20,55,58,29,33
debt,103,184,274,431,6423,963
behalf,26,13,23,133,122,43
explain,226,159,285,515,370,170
csr,13,5,18,28,0,3
inform,291,160,317,659,485,188
associate,70,24,52,58,270,56
refer,42,17,38,131,83,37
recovery,6,20,12,13,461,14
bankers,17,1,1,10,0,0
discussion,8,4,11,13,5,2
manager,313,98,164,294,164,49
collections,33,49,81,53,577,219
hand,45,15,42,101,45,31
bright,1,0,0,1,6,0
side,26,11,41,53,16,19
exclaim,1,0,0,0,0,0
charles,2,0,0,0,0,0
schwab,5,0,0,0,0,0
vehicle,20,606,11,9,102,53
adequate,4,3,6,16,15,7
importantly,4,3,11,10,7,5
error,135,56,149,266,101,172
story,29,9,40,61,25,8
terminate,12,10,10,46,35,6
termination,10,4,0,18,21,16
precede,5,0,3,9,4,1
select,19,5,19,109,13,11
surround,3,2,2,9,1,2
refusal,11,4,11,24,27,17
husband,81,55,114,355,231,66
drop,19,28,54,112,96,119
thousands,14,10,18,32,12,8
qualify,50,21,80,335,19,20
outside,27,6,22,37,44,15
clean,4,6,7,16,35,24
high,33,52,80,146,48,49
actual,26,15,39,77,49,63
recent,32,20,63,98,58,62
interaction,1,0,5,1,1,0
pnc,156,39,37,121,9,0
prepay,11,0,6,13,13,0
reload,4,0,3,0,0,0
child,10,6,6,41,20,24
third,93,53,57,152,149,82
cant,30,8,20,50,25,27
netspend,33,0,0,0,0,0
thenm,1,0,0,0,0,0
perfisinal,1,0,0,0,0,0
everday,1,0,0,0,0,0
ed,2,0,1,7,6,5
sen,3,1,1,0,0,2
chashier,1,0,0,0,0,0
funs,1,0,0,0,0,0
everyday,14,15,5,12,32,1
yes,43,20,40,87,51,21
contradictory,4,0,2,1,0,0
agents,15,10,23,83,29,25
stonewall,3,0,3,10,0,5
repeat,22,9,48,86,93,33
provably,1,0,0,0,0,0
incorrect,30,29,59,176,72,363
response,122,59,154,491,350,339
various,28,11,23,62,39,21
step,31,10,44,97,42,46
discover,98,39,367,91,90,55
per,92,96,116,418,178,158
ten,13,3,4,43,20,22
unauthorized,126,13,68,21,33,170
executor,10,0,1,9,4,0
county,8,5,7,200,91,56
florida,14,10,28,47,43,10
estate,59,15,11,221,29,11
purpose,21,15,34,59,77,66
consult,5,2,10,16,13,7
travel,26,3,80,11,12,5
successful,6,2,9,18,16,14
pursuit,2,1,1,2,2,9
beneficiary,21,0,1,23,10,0
contest,5,0,3,12,22,8
image,21,1,9,10,7,8
telephone,50,18,54,101,139,75
consultations,1,1,0,0,0,0
additionally,25,8,21,76,62,29
combine,8,5,3,17,4,11
conf,1,0,0,2,0,0
trans,1,0,1,3,7,162
rescind,1,13,0,40,5,1
dishonor,2,0,0,2,0,0
properly,27,19,48,115,57,72
bring,60,60,65,209,76,49
consequential,1,0,0,0,0,0
proximately,2,0,0,0,0,0
demand,45,47,42,178,219,136
considerations,2,0,0,3,0,1
clearly,70,36,88,176,94,103
mind,15,14,21,41,14,10
final,29,36,43,168,87,63
meaningful,3,1,1,0,5,3
drastic,1,1,1,4,1,1
harmful,3,0,1,2,1,3
compliance,12,6,9,41,36,29
ucc,4,1,0,7,3,10
calendar,13,2,7,8,5,5
require,124,69,138,578,248,295
breach,25,9,28,35,31,35
represent,15,7,22,101,146,16
offense,2,1,0,2,1,2
obtain,53,67,73,220,183,192
pretenses,1,0,1,4,4,0
remedy,14,4,6,38,16,11
reinstatement,1,2,1,43,2,0
emotional,3,4,1,21,6,6
distress,5,7,6,27,6,4
rat,32,38,89,169,50,75
saw,50,31,72,45,52,44
appropriately,7,0,6,15,1,0
description,11,1,11,16,11,15
whatsoever,6,3,15,18,20,22
hours,142,41,122,172,123,55
conversation,29,26,38,124,100,23
staff,26,11,14,43,27,7
forward,48,30,61,254,136,96
indeed,25,4,30,36,25,32
completely,45,38,92,119,64,71
notification,52,17,59,99,99,69
opportunity,19,16,33,76,42,27
findings,5,2,6,11,8,15
proper,31,14,24,94,78,108
group,12,2,8,60,104,7
victims,11,5,3,25,8,14
authenticate,4,1,2,6,2,10
warn,36,8,36,21,23,12
fortunately,1,1,0,7,2,0
easily,6,6,14,23,10,13
otherwise,27,8,26,36,26,38
justify,7,1,12,20,3,7
far,42,20,41,98,54,41
financially,11,8,16,36,19,10
benefit,46,16,119,82,22,13
perpetuate,1,0,0,1,2,0
something,92,68,89,227,184,116
challenge,10,1,3,22,21,34
kind,43,20,37,73,55,51
idea,27,13,40,79,93,28
pursue,11,4,22,61,68,39
meantime,15,5,15,43,15,13
intent,12,9,17,58,25,11
especially,27,11,29,65,45,21
division,11,5,8,40,14,9
worst,17,8,14,48,7,14
wellsfargo,20,2,1,17,0,0
blue,5,4,14,9,9,1
center,56,11,45,60,38,14
block,69,13,32,33,56,143
unlock,8,0,5,2,3,1
accordingly,4,2,8,19,17,24
intern,3,0,0,0,2,0
indication,5,2,7,14,12,2
refinance,23,56,19,816,35,44
properties,6,0,2,78,6,1
interview,4,1,0,6,6,3
appriasels,1,0,0,0,0,0
appr,1,0,0,0,0,1
valuation,1,2,0,38,0,1
ratio,3,2,3,67,0,6
appraisals,1,0,0,29,0,0
redeem,10,7,21,2,1,1
unnecessary,10,6,3,34,7,3
representatives,67,14,76,162,54,25
progress,10,2,5,43,5,9
direction,3,1,2,21,5,1
consideration,10,4,12,48,13,12
greatly,8,8,12,35,15,25
appreciate,28,17,29,76,44,47
download,11,3,20,11,5,6
highlight,3,0,0,8,3,8
indicate,75,39,109,277,166,116
intentional,3,8,8,12,7,7
fleece,1,0,1,0,0,0
giant,1,0,1,0,1,2
santander,25,117,7,8,8,3
yr,7,1,3,34,10,10
cd,66,3,1,13,0,0
sovereign,1,0,3,0,0,0
register,25,16,33,43,55,26
reinvested,2,0,0,0,0,0
maturity,10,9,0,29,1,0
evidence,32,17,59,113,138,131
closure,39,4,29,8,11,7
junior,2,0,0,5,0,0
event,19,12,14,25,26,8
think,166,79,248,374,233,131
formy,1,0,0,1,0,0
nearly,23,17,45,69,23,17
sum,17,10,12,24,21,2
accumulate,14,6,19,12,10,2
consistently,3,3,9,42,11,11
core,6,1,0,17,2,0
gain,24,1,14,24,16,14
top,26,20,38,56,27,17
supervisor,131,80,247,286,167,89
rhode,1,0,0,0,1,1
island,1,0,0,0,1,1
decline,82,35,136,150,26,31
talk,127,87,173,319,245,72
listen,14,12,37,36,50,16
levy,7,0,7,3,45,1
collector,5,10,9,36,584,58
firm,20,13,28,126,255,35
illegal,51,42,62,127,189,65
reside,9,8,7,30,41,23
statue,2,3,2,9,42,18
limitations,1,5,7,15,133,23
half,42,24,25,119,43,16
boa,118,1,76,174,1,0
lawful,8,0,1,3,11,6
ok,26,13,25,56,32,31
ssi,5,1,0,5,6,2
social,102,27,69,72,226,262
belong,22,7,22,21,154,281
wonder,6,3,13,29,11,14
specially,2,0,2,3,1,2
older,10,0,7,8,16,3
luke,1,0,0,0,0,0
machine,70,2,14,11,38,3
ohio,10,7,2,19,15,9
roughly,8,6,8,20,4,0
repeatedly,36,31,52,148,206,77
consecutive,16,3,8,12,1,4
superior,3,5,2,16,18,9
whatever,25,7,18,40,32,23
unspecified,2,0,1,2,1,0
conditional,5,0,7,10,1,1
throughout,11,9,10,70,24,4
entire,39,22,106,151,55,37
computers,6,1,13,3,1,2
figure,26,20,32,136,23,18
sort,23,12,13,48,37,11
possibly,12,8,18,46,29,24
although,56,19,66,137,66,57
faith,15,6,21,114,24,15
subject,25,10,38,65,35,15
office,168,88,132,379,430,91
avoid,55,22,59,142,38,17
deliver,43,10,62,33,52,24
chickening,1,0,0,0,0,0
saturday,37,20,14,22,14,2
voice,24,18,24,50,127,8
void,11,15,5,35,25,3
sir,13,4,12,17,38,17
madam,10,1,10,11,23,15
long,103,44,111,227,102,84
hardship,12,36,28,203,32,18
ones,13,7,11,29,14,20
advice,8,6,7,37,17,5
highly,13,3,22,19,13,9
regional,7,16,2,2,8,2
acceptance,2,78,9,24,41,4
corp,3,18,2,21,29,0
subsidiary,1,1,3,9,3,5
bb,44,5,16,34,0,1
monies,40,13,7,59,25,5
illegally,20,15,28,61,62,36
consent,36,17,59,61,74,59
knowledge,48,24,53,83,168,85
become,70,35,56,187,130,61
latest,14,1,11,24,17,9
digital,2,2,1,3,4,1
production,2,1,1,1,6,2
ui,1,0,0,2,0,0
offline,1,1,1,0,1,0
status,85,51,82,269,105,192
school,16,3,10,59,51,26
tuition,7,0,1,0,9,2
inability,8,7,10,33,5,11
among,7,0,7,16,5,7
inconvenience,16,1,14,8,7,6
consumers,43,42,94,89,75,128
meanwhile,10,2,10,29,16,6
criminally,2,0,0,0,0,1
specifically,39,16,31,82,62,46
authentication,4,0,1,1,3,4
link,66,14,66,21,17,24
break,26,20,23,113,80,62
ie,5,2,3,9,3,3
chrome,1,0,0,0,0,0
ff,1,0,2,5,0,0
login,24,10,12,9,0,5
com,20,12,41,21,13,46
move,110,38,75,359,230,117
payday,6,18,0,2,83,6
achieve,3,2,2,7,4,4
hole,2,2,7,15,2,5
penny,9,2,17,43,2,4
overage,5,3,1,33,0,0
cent,8,6,1,3,3,0
b,45,12,65,101,90,139
c,15,5,42,96,147,111
chexsystems,7,0,0,0,0,44
kill,4,4,2,4,4,6
excessively,4,1,1,5,3,1
exceed,11,6,23,28,13,12
reorder,11,0,1,2,0,1
impose,10,1,9,31,9,8
regularly,3,2,16,16,9,6
prevent,41,17,38,103,34,75
mishaps,1,0,0,0,0,0
arrears,1,0,2,57,6,1
incur,60,11,47,56,47,18
merchant,60,1,225,0,15,10
recognise,1,0,0,0,0,0
overlook,7,1,2,4,2,1
anyway,19,9,30,47,28,16
incident,34,9,23,16,11,12
occur,82,19,69,130,58,38
reverse,101,25,119,131,19,16
synchrony,6,30,283,0,28,1
financial,156,325,159,593,383,145
necessary,47,10,20,92,41,36
faq,4,0,2,1,0,0
free,56,17,114,76,46,198
operate,14,7,8,44,32,10
swallow,2,1,0,1,0,0
cancel,110,44,389,271,200,127
fully,22,12,35,65,49,38
withdrawal,96,15,9,32,18,12
original,87,95,153,460,639,307
four,17,14,21,85,38,20
previous,64,39,92,249,129,98
acknowledgement,4,0,2,21,4,1
news,17,3,4,21,10,4
student,29,14,9,21,147,122
fin,19,3,10,50,34,24
advantage,39,28,32,58,26,6
package,32,8,21,213,11,14
cashier,49,3,15,22,9,1
advantageous,3,0,0,1,0,0
occasion,52,39,43,124,82,63
removal,11,11,9,41,23,57
disappoint,16,5,22,14,2,8
compensation,17,4,24,31,10,1
oversight,3,4,4,19,2,6
propose,4,0,5,13,6,4
connect,18,10,21,27,29,14
plane,2,0,5,2,0,0
automatic,40,26,88,95,26,8
watch,15,3,9,13,9,9
closely,3,3,6,5,1,4
exactly,23,14,30,67,22,28
normal,14,12,20,53,21,18
apr,3,32,108,12,6,10
annual,17,4,171,56,10,69
percentage,2,6,8,8,5,5
less,48,29,64,223,70,43
_with,1,0,0,0,0,0
little,34,26,31,102,40,14
f,10,4,6,66,42,16
ease,2,1,1,1,0,0
trap,3,1,7,3,1,1
life,35,42,51,133,66,100
ponzi,1,0,0,0,2,1
skim,6,0,1,0,0,0
refi,1,1,2,69,1,3
appraise,1,1,0,79,0,1
drag,3,3,2,39,2,6
officer,43,21,6,173,23,15
switch,21,15,57,49,25,11
trip,14,3,39,9,9,0
previously,26,29,56,132,108,135
signer,11,9,1,23,13,9
actually,63,27,94,142,97,73
lesser,3,1,4,10,1,2
endorser,1,0,0,0,0,0
everything,80,42,67,315,63,67
valid,33,7,70,62,139,86
extort,3,3,2,4,19,5
sell,34,103,85,874,267,137
products,21,6,24,21,15,11
treat,57,28,51,80,42,20
inhumanly,1,0,0,0,0,0
extremely,32,15,33,77,74,22
unprofessionally,1,0,3,1,1,0
disrespect,4,2,2,4,4,0
deprivation,1,0,0,0,0,0
livelihood,1,1,1,3,1,3
insult,15,5,11,12,21,8
character,3,1,3,5,25,13
impact,19,18,46,36,58,69
survival,1,0,1,1,0,0
woman,14,17,31,46,74,10
valley,2,0,0,5,2,0
locate,84,26,34,102,73,33
ny,25,2,17,29,29,24
possibility,7,0,3,19,4,3
teen,1,0,0,1,0,0
willingness,2,1,1,4,1,2
obvious,15,1,7,27,6,22
discrimination,10,7,20,32,4,9
race,1,3,2,5,0,3
gender,1,0,1,3,0,1
reject,50,7,48,87,11,16
rudely,7,1,6,8,8,1
withdrawals,56,0,5,5,6,1
area,24,7,18,55,48,8
rife,1,0,0,1,0,0
scammers,3,2,4,0,8,0
cardholders,1,0,11,0,0,0
scam,45,25,60,53,128,19
shock,22,16,32,36,15,10
assistant,24,1,3,31,13,0
borrow,11,35,14,45,26,8
pick,35,24,31,41,68,15
equipment,14,5,5,2,88,17
pull,43,44,92,118,87,206
footage,14,1,1,9,0,0
atms,8,0,0,0,0,0
moreover,8,6,5,15,14,8
recourse,9,6,15,29,16,8
supervisors,7,3,30,43,12,17
choice,13,5,20,43,17,12
best,23,34,83,92,45,38
specify,11,3,11,29,7,8
option,47,36,85,143,57,36
design,10,3,13,25,7,3
affordable,1,2,3,122,3,1
pace,1,0,0,1,0,1
manually,6,4,9,3,1,7
schedule,51,51,75,320,52,19
maintain,33,11,24,66,20,61
forgive,4,6,11,19,6,6
exact,23,9,31,46,44,34
food,32,2,4,13,17,4
oblivious,1,0,0,0,0,0
fiancee,10,0,0,0,2,0
range,2,10,17,23,5,6
rarely,4,2,3,6,2,1
sparingly,1,0,0,0,0,0
couple,37,30,57,102,67,46
red,13,3,6,14,14,3
flag,20,4,12,30,19,7
blow,4,7,8,8,4,2
sometimes,12,9,15,43,38,8
swear,4,4,7,7,9,8
lower,24,52,92,266,32,59
page,36,13,60,166,43,73
hassle,8,4,9,3,4,2
affidavits,4,0,3,6,22,8
sheet,4,2,6,30,5,4
replace,26,10,27,39,15,11
fair,34,47,84,137,350,328
absolutely,16,13,24,48,29,30
instead,86,59,149,267,131,70
insufficient,52,9,18,34,11,7
rent,38,10,12,107,133,70
intact,3,0,1,2,0,0
local,125,34,36,97,73,34
decease,17,2,8,28,16,4
fraudulently,18,10,27,28,38,23
acct,43,27,62,28,103,133
ill,6,9,5,27,19,4
thru,30,24,22,116,30,26
persons,10,4,7,22,20,9
gold,15,0,30,0,7,6
specific,33,11,16,74,23,44
successfully,19,2,10,27,8,19
condition,38,26,89,78,31,13
airline,4,0,18,0,0,0
till,34,21,25,48,29,20
past,121,126,241,459,292,273
witch,5,0,1,2,3,2
positive,39,4,9,17,2,27
outcome,8,2,11,12,15,13
outrageously,2,0,0,1,0,1
serious,24,5,28,46,26,61
windfall,1,0,0,0,0,0
celebrate,1,1,0,1,0,0
bite,17,7,10,20,8,7
quite,20,6,20,37,24,16
professional,7,6,6,35,48,8
poker,1,0,0,0,0,0
television,1,0,0,0,5,1
foolishly,1,0,0,2,0,0
gamble,5,0,1,0,0,0
maryland,5,4,4,17,8,11
casino,5,0,3,0,4,0
regulate,1,1,1,4,3,6
naive,2,1,0,0,0,2
novice,1,0,0,1,0,0
gambler,1,0,0,0,0,0
casinos,1,0,0,0,0,0
referral,4,1,5,7,3,0
sit,34,15,25,71,24,13
advertise,27,12,84,18,1,10
players,1,0,0,1,0,0
unite,23,7,11,52,55,28
abide,2,3,6,16,12,8
regulations,21,6,12,64,21,28
newly,14,2,1,10,3,3
mint,1,0,1,0,0,0
degenerate,1,0,0,0,1,0
drink,2,0,1,1,0,1
admittedly,1,0,2,2,1,1
considerable,10,1,5,3,4,2
plus,52,46,91,138,58,36
winnings,1,0,0,0,0,0
certain,50,9,44,56,72,24
suntrust,103,21,0,79,0,0
sound,13,6,18,30,29,5
agitate,1,0,0,2,2,1
hurriedly,1,0,0,0,0,0
recalcitrantly,1,0,0,0,0,0
wave,2,0,4,5,2,0
agent,66,49,113,352,120,86
regardless,15,6,24,32,24,12
nature,7,3,16,24,27,17
bed,3,2,2,1,11,0
gullible,2,0,0,0,0,0
loser,2,0,0,0,1,0
creation,4,0,1,1,3,1
wake,7,1,4,2,11,0
authorizations,2,1,2,4,0,1
merchants,19,0,24,0,9,2
futhermore,1,0,1,0,1,0
truthful,4,1,1,4,1,2
aghast,1,0,0,0,0,0
imply,10,1,3,16,22,5
bear,9,2,8,27,64,56
inappropriately,1,1,1,0,2,0
recklessly,1,0,0,0,1,0
cardholder,5,0,30,0,1,0
reasonably,5,1,7,9,3,7
prudently,1,0,0,1,0,0
accuse,10,3,7,19,27,7
naivety,2,0,0,0,0,0
websites,3,2,3,6,7,6
share,33,4,17,34,74,34
party,56,47,65,201,292,116
either,84,44,115,218,148,111
enforcement,7,5,3,14,17,24
uigea,2,0,0,0,0,0
willful,1,1,6,3,9,18
admission,2,0,6,7,7,0
conduct,33,7,25,106,61,78
tacitly,1,0,0,0,1,0
condone,1,0,0,2,1,0
events,11,4,13,16,6,8
revoke,2,2,10,8,10,1
draw,42,4,12,50,4,5
permission,38,23,54,55,80,60
world,9,3,9,12,10,10
wont,10,8,7,26,6,9
experience,64,38,74,126,21,28
problematic,1,0,2,1,1,1
series,8,1,9,18,9,3
enrol,22,9,33,9,7,21
promote,2,2,13,8,3,2
ensure,29,12,34,63,27,34
etc,46,20,58,160,89,61
course,43,23,43,101,42,29
irregular,2,0,1,0,0,0
pattern,10,0,10,15,9,1
afterwards,9,1,9,9,5,2
example,14,10,26,47,15,24
might,23,10,30,59,29,18
hundred,2,2,1,12,3,1
dozens,3,0,6,6,5,0
confront,2,1,2,4,1,3
batch,7,0,0,3,0,0
highest,6,4,20,17,2,11
lowest,4,0,10,5,4,2
evenetually,1,0,0,0,0,0
force,48,33,50,295,63,48
de,6,1,4,5,9,7
enroll,2,1,5,4,0,6
coverage,22,15,11,90,20,6
disallow,2,0,1,2,0,0
deplete,14,0,2,9,1,0
thankfully,3,2,1,5,1,3
recover,21,12,6,20,33,9
insufficent,2,0,0,0,0,0
unexplained,2,1,1,10,2,0
upwards,4,0,3,3,2,0
excess,9,12,28,30,14,2
overall,6,2,8,13,4,11
acquire,12,7,11,51,28,20
rout,27,4,16,15,19,4
sense,18,14,29,64,21,19
neither,17,13,29,79,64,46
retailer,4,0,4,0,0,2
type,66,29,58,129,113,61
agree,80,87,158,349,263,156
neighbor,4,0,5,20,20,1
banker,107,4,18,39,4,8
referee,3,0,1,0,0,0
anyone,50,32,67,170,124,107
create,58,16,35,119,75,52
bonus,182,2,256,8,1,0
equally,2,0,3,0,2,1
clients,19,0,13,52,14,3
soon,61,21,53,131,57,114
view,25,10,27,27,23,117
reflect,29,53,59,150,62,117
incorrectly,16,19,17,43,22,75
deadline,15,11,30,53,10,6
dodge,1,6,2,2,3,0
fianc,1,0,0,5,2,0
assess,35,14,43,79,13,5
extend,43,37,37,79,26,35
introduce,6,3,2,8,4,0
express,44,14,409,38,38,14
dishonest,21,1,12,13,5,8
mislead,45,26,64,90,53,26
soonest,1,0,4,0,1,0
intentionally,12,10,13,46,19,22
university,4,3,2,2,32,13
infuriate,2,1,3,3,0,1
families,6,2,1,9,6,4
barely,6,2,2,14,5,6
children,13,4,10,92,21,23
grow,9,1,5,29,8,7
constantly,13,14,7,51,48,9
rob,6,6,8,11,2,1
hard,66,53,101,162,58,302
enable,16,1,3,9,2,1
maintenance,43,0,5,18,13,11
criteria,23,1,9,22,10,1
earlier,27,19,44,73,32,15
capital,126,104,401,49,128,13
moneyorder,1,0,0,0,0,0
priority,3,0,6,13,5,7
prompt,7,3,18,22,8,23
fault,49,24,44,97,24,20
differently,1,2,4,6,1,1
title,48,162,13,365,59,13
originate,10,7,2,57,26,12
finance,30,407,84,311,94,73
general,21,21,40,89,78,44
ledger,6,1,1,6,6,2
escalate,39,10,30,81,13,11
operations,7,1,11,6,9,0
form,127,49,94,318,130,168
separate,35,17,35,75,59,48
fax,100,47,110,459,136,115
ach,45,20,29,20,6,1
adjustment,8,10,11,32,17,7
anywhere,19,8,25,35,19,13
trace,22,1,4,2,20,1
partner,15,3,16,20,9,1
processor,5,0,0,84,2,2
portion,19,7,30,40,27,15
internally,6,2,6,7,1,3
specialist,10,4,23,105,8,2
ledgers,2,0,0,0,6,0
upper,3,1,1,8,1,0
management,28,22,29,64,232,39
await,6,3,3,18,7,5
assign,11,6,18,215,61,18
jpmorgan,9,1,4,14,1,0
abruptly,5,2,8,7,6,0
restrict,5,3,12,5,8,3
employment,13,30,11,61,115,42
simple,58,15,18,50,17,26
negatively,12,14,32,29,48,56
dumb,2,2,0,1,0,2
almost,52,43,66,221,73,60
mortgage,102,23,62,6193,251,289
residence,13,12,4,108,40,11
important,19,9,17,49,32,13
award,16,6,54,28,16,4
correspondence,22,20,35,129,108,73
quote,10,11,17,96,21,4
inquiry,55,35,100,72,35,449
whether,40,7,42,57,46,27
ongoing,7,4,20,51,24,15
electronically,12,4,18,22,8,13
cfpb,79,36,99,365,165,195
unfortunate,5,0,4,11,1,4
incredibly,5,0,6,7,6,4
intend,19,12,28,46,37,26
unless,36,27,28,77,80,47
unethical,19,15,18,69,36,14
ready,7,7,13,63,14,12
recognize,14,6,17,25,30,24
identifiers,1,0,0,0,1,2
effect,21,18,48,63,42,47
touch,11,10,10,50,15,6
main,20,25,21,31,23,14
disconnect,16,4,25,24,55,18
strand,2,1,4,1,0,0
apologize,23,11,19,29,13,14
suspicious,19,3,22,9,14,45
caller,8,2,7,4,111,1
comment,8,8,5,24,25,35
note,85,79,113,584,201,85
freedom,1,3,14,119,3,3
paycheck,35,8,7,8,23,3
duplicate,18,5,22,28,13,57
bmo,10,2,0,5,0,0
harris,9,2,0,6,30,0
virtual,8,0,0,1,0,0
totally,23,13,23,53,23,30
penalty,14,9,36,56,13,17
afford,21,45,20,179,85,7
beyond,19,14,20,49,36,21
tight,5,1,1,7,2,0
beg,10,6,4,18,5,5
attentive,1,0,0,0,0,0
individual,49,13,20,34,79,56
sole,13,4,9,23,10,9
obligation,6,16,12,49,69,36
hope,33,12,33,81,21,20
retire,13,6,9,41,9,8
individuals,20,6,19,29,34,14
bottom,12,6,17,36,20,4
mystery,3,0,0,1,0,1
shopper,3,0,1,0,0,0
town,9,3,10,46,11,10
assignment,2,2,2,121,65,2
wire,56,3,16,39,4,1
else,58,32,82,166,151,64
consist,4,0,3,16,8,8
counterfeit,11,1,0,0,0,0
terrible,7,2,7,24,9,3
blame,15,4,14,22,5,4
dupe,4,0,5,3,1,0
induce,5,0,4,4,4,0
exchange,26,4,7,20,8,3
flagstar,9,0,0,40,0,0
predate,1,0,1,0,0,0
requirement,30,3,26,71,15,13
employees,60,16,23,52,45,15
trick,6,1,11,6,6,4
paper,82,42,46,303,203,46
deceptive,31,36,74,68,56,31
millions,8,0,9,7,2,6
distribution,4,1,1,3,3,3
rmd,4,0,0,0,0,0
pension,18,1,5,12,1,3
delay,52,21,38,254,16,19
formula,1,0,0,13,0,0
reputable,3,1,2,10,3,0
six,19,11,32,68,19,17
multiply,2,1,3,3,2,1
pensioner,1,0,0,0,0,0
bandits,1,0,0,0,0,0
old,101,48,100,179,287,134
daughter,39,27,50,65,71,14
market,35,6,39,162,14,21
joint,42,7,11,9,15,12
holder,33,23,47,111,36,6
senior,18,5,20,36,8,4
community,21,2,3,28,11,1
retirement,9,0,9,21,6,2
seek,23,26,34,156,88,47
equal,8,5,26,32,6,4
rental,18,8,22,85,40,23
alone,22,14,15,37,43,18
transportation,5,2,4,0,5,2
manage,22,7,30,49,19,11
unexpected,5,2,3,9,4,1
situational,1,0,0,0,0,0
crisis,2,0,2,17,7,2
arise,1,0,3,11,6,6
emergencies,2,2,2,0,0,0
hospitalization,1,0,0,0,2,0
death,28,5,8,42,23,4
preplanned,1,0,0,0,0,0
independence,1,0,0,0,0,0
daughters,3,2,3,11,10,5
solely,7,0,10,16,4,7
depend,13,7,9,10,9,6
youngest,3,0,0,3,0,0
entrust,4,0,0,1,0,0
oversee,3,1,2,4,1,3
responsibilities,5,2,3,10,20,4
daily,23,37,23,39,56,7
intuition,1,0,0,0,0,1
inquire,49,31,75,106,43,170
grandson,5,0,1,3,1,0
md,8,2,3,13,8,7
printouts,1,0,0,0,0,0
discovery,5,2,2,8,12,4
cry,6,1,0,7,4,1
counter,17,1,13,33,15,8
disbursement,4,1,0,30,4,1
investigator,6,1,11,4,6,2
frequently,7,0,5,4,8,4
reimbursement,13,1,8,13,7,0
assistance,45,28,49,395,69,82
warrant,4,4,2,6,34,5
failure,22,7,42,71,39,42
probable,1,0,0,3,0,1
arrest,6,2,5,3,66,3
extensive,2,5,9,8,2,3
consume,6,3,9,8,2,3
exuberant,1,0,0,0,1,0
mistakenly,7,3,6,11,1,4
unacceptable,33,15,37,42,14,16
swap,2,3,5,1,0,0
scramble,3,1,0,4,0,0
together,15,13,9,64,22,10
afternoon,15,1,12,23,7,4
supposedly,20,10,22,46,52,12
wf,58,1,7,57,9,0
reopen,26,5,36,17,8,4
lie,46,41,89,176,95,62
imminent,2,0,0,12,1,0
happily,4,2,1,2,0,1
load,16,5,3,16,6,5
punch,1,1,0,2,0,0
safety,15,3,3,9,5,3
louisiana,3,1,1,1,11,4
originally,20,29,34,118,59,33
attest,3,0,0,7,5,1
paperwork,65,60,39,486,105,60
mother,91,16,48,140,149,29
notwithstanding,4,0,2,5,11,0
ignorant,4,2,3,5,2,0
lien,8,46,3,229,65,176
instruction,7,2,4,9,2,3
lay,5,7,3,29,19,6
dormant,6,0,1,0,1,1
occasional,3,0,1,0,0,0
relative,2,1,2,8,19,1
prospective,1,1,2,5,1,5
buyer,38,28,6,238,36,7
approach,10,4,8,24,7,6
buy,57,102,118,270,185,101
spot,4,3,0,5,4,3
mutually,3,0,0,2,4,0
own,14,20,23,143,75,22
apartment,12,3,4,37,170,113
complex,4,1,0,11,47,26
build,12,14,17,72,17,20
burn,1,3,1,8,1,1
grind,1,3,3,17,3,1
electrical,2,1,1,7,3,1
fire,6,3,1,51,16,3
marshall,1,0,0,0,2,0
cabinet,4,0,3,2,0,0
photos,10,4,0,4,2,2
magma,1,0,0,0,0,0
blaze,1,0,0,0,0,0
control,29,8,12,43,106,19
extinguish,1,0,0,7,3,1
dmv,5,10,0,0,9,7
revert,1,1,1,1,2,1
registration,7,7,3,5,13,2
list,77,75,137,325,377,586
surprise,25,13,38,54,21,22
ms,1,0,0,0,4,0
liquidate,7,0,1,8,0,0
archive,5,0,0,2,4,1
unobtainable,2,0,0,0,1,0
recommend,19,8,18,26,10,8
rude,38,53,38,69,206,24
instance,10,5,12,20,12,11
thereafter,8,6,7,40,12,5
blatantly,2,2,2,18,5,8
unhelpful,6,2,4,4,5,3
useful,4,0,2,1,0,1
render,7,1,17,19,31,6
gtf,1,0,0,0,0,0
gt,12,1,2,48,5,10
docs,4,8,6,77,9,13
asset,2,5,1,53,91,1
conclude,13,2,7,20,7,7
drum,1,0,0,1,0,0
roll,7,9,4,18,1,3
luck,7,2,6,17,20,17
bye,1,0,0,1,3,0
fdic,16,2,9,21,3,3
tx,12,7,4,26,49,29
presence,4,1,1,2,3,4
comptroller,5,1,4,11,3,4
backup,1,0,1,6,1,4
plan,31,43,118,280,147,48
encourage,15,0,15,19,1,7
tcf,12,0,0,9,2,0
reveal,7,6,7,16,20,6
excessive,29,13,10,39,12,6
predatory,17,28,16,105,24,7
menial,1,0,0,0,0,0
rd,11,5,12,38,43,26
chagers,1,0,0,0,0,0
manger,8,3,1,9,5,2
dont,18,17,17,40,64,23
dealer,2,148,3,2,6,9
outstanding,29,25,62,72,155,23
auto,52,254,87,61,60,75
carry,11,6,31,29,17,20
ins,2,2,0,34,5,2
lapse,4,3,3,19,6,0
constant,4,4,2,36,17,2
fall,18,15,24,107,28,20
chance,20,12,14,60,44,24
american,27,58,394,67,31,17
dream,1,0,3,13,4,4
correction,5,4,6,30,2,18
fight,17,12,11,67,35,25
restore,14,1,17,15,3,12
forclosure,2,0,0,28,1,1
big,28,20,32,59,11,18
wipe,6,0,4,3,5,4
detriment,1,0,0,4,2,2
expedite,13,4,19,35,7,12
restoration,1,0,1,4,2,2
advance,30,15,116,113,41,22
ga,9,6,1,15,24,32
unclear,5,1,4,16,1,1
reserve,19,4,13,29,15,9
transmit,4,1,2,12,1,2
substantiate,5,1,1,14,17,21
precise,1,0,1,0,1,1
demonstrate,4,3,6,18,6,8
accout,2,0,2,2,4,3
negotiate,4,16,20,48,32,8
agreement,40,89,116,428,294,95
verification,27,12,34,50,319,245
immediate,20,8,7,29,26,19
loose,12,2,8,41,10,1
r,5,1,19,48,32,20
welcome,6,2,14,19,1,0
randomly,3,1,7,1,2,0
browse,1,0,0,1,0,0
shockingly,1,1,0,0,0,0
identify,34,11,30,46,122,54
owner,40,23,27,176,62,38
accidentally,5,1,10,5,2,3
word,34,19,36,81,40,33
arrive,27,12,69,55,19,10
debate,3,0,0,3,0,0
fast,8,6,10,22,14,7
window,32,6,8,15,8,7
liberty,1,0,3,4,1,4
suspect,23,0,20,16,16,15
deliberately,11,5,4,19,2,14
deserve,6,7,11,13,7,6
remind,9,3,7,12,17,12
somebody,9,2,13,9,6,4
constitute,4,0,6,13,22,13
strategy,1,0,1,3,0,0
al,2,2,4,15,3,5
din,2,0,3,0,0,0
swipe,13,0,2,0,0,0
route,4,0,3,6,3,2
respect,9,5,8,22,16,13
policies,25,4,12,32,9,13
eliminate,4,0,6,25,7,7
ability,26,20,44,80,46,41
erase,1,0,3,4,7,11
penalties,23,8,21,60,25,4
wish,22,10,29,55,35,23
suffer,22,12,19,70,28,48
circumstances,8,11,20,44,13,12
resident,13,1,3,12,10,10
citizen,22,3,18,22,10,2
usa,7,39,9,14,14,5
relatives,4,0,1,3,26,4
permanent,7,2,6,84,7,1
withhold,21,3,6,24,17,5
foreign,24,0,32,2,14,5
publication,1,0,0,3,2,0
http,1,0,1,1,4,0
www,5,2,4,8,10,7
gov,6,0,3,17,17,13
international,10,1,6,4,19,3
taxpayers,4,0,0,9,1,0
nra,1,0,0,0,3,0
effectively,8,4,10,18,1,4
u,54,5,53,98,90,81
subjest,1,0,0,0,0,0
tax,89,52,26,1123,100,221
forth,14,11,20,65,22,25
version,5,3,4,7,2,5
inquries,1,0,0,0,0,7
tally,1,0,2,1,0,0
lo,1,0,2,15,1,0
behold,1,2,2,4,2,2
honestly,9,3,9,21,11,6
method,13,8,15,9,17,48
frustrate,27,11,38,89,21,31
text,12,17,21,14,13,6
unusual,8,1,2,9,5,8
evaluate,3,1,6,28,2,4
shudder,1,0,0,0,0,0
managers,14,3,12,43,14,6
retaliation,6,2,3,6,5,3
activities,13,3,7,31,23,8
hundreds,11,1,10,13,11,2
organize,3,0,0,7,5,0
systems,19,9,11,15,201,21
twice,61,25,76,157,102,68
displeasure,3,3,0,0,0,0
everheverything,1,0,0,0,0,0
countless,7,1,11,17,15,9
amout,1,1,0,4,2,0
city,15,6,11,74,42,19
santa,1,0,0,0,0,0
fe,1,0,0,0,0,0
favor,20,12,29,21,12,15
subpoena,9,2,4,3,11,1
strange,2,3,6,13,13,1
lawyers,5,5,0,45,22,9
invest,19,1,1,21,4,2
mess,7,8,21,53,9,20
sleepless,2,0,0,2,0,0
nights,3,0,17,4,1,0
overwhelm,2,0,1,9,0,1
upset,32,17,40,62,65,16
waive,56,29,83,60,11,6
chat,56,6,53,1,1,3
sleep,5,3,2,12,9,1
light,9,19,16,16,9,3
miscommunication,3,1,0,6,2,0
dignity,1,0,0,0,1,0
erroneous,8,11,19,30,41,77
endorse,8,2,0,26,3,1
bankruptcy,34,77,62,447,174,512
store,45,34,176,5,64,35
database,6,0,13,6,12,21
accou,1,0,0,0,0,0
ts,1,0,4,2,0,0
washington,8,6,0,36,10,3
mutual,9,1,2,36,2,0
wamu,8,0,0,9,0,0
xxxxacquisition,1,0,0,0,0,0
chapter,7,15,19,137,44,169
grant,14,26,24,83,46,27
discharge,12,16,18,138,90,125
debtor,2,1,0,7,81,13
court,60,72,67,443,682,368
acquisition,5,1,5,9,3,2
bk,2,5,5,57,16,27
convert,9,3,11,23,1,2
slate,1,1,11,0,2,0
approval,30,36,21,227,16,15
onto,9,3,15,36,16,12
statute,1,8,6,16,131,23
acquisiton,1,0,2,0,0,0
creditors,7,13,31,16,79,214
compass,34,10,5,13,2,0
bbva,32,11,12,7,2,0
comprise,2,0,2,0,1,0
describe,12,5,35,40,32,15
steer,2,1,0,9,0,0
electronic,49,17,35,43,23,13
guardianship,3,0,0,0,1,6
minor,11,2,7,8,8,8
product,37,6,104,18,24,29
accountissue,1,0,0,0,0,0
undersign,1,0,3,1,1,0
hereby,3,2,3,6,19,6
relinquish,1,0,2,6,3,0
verbiage,4,7,3,0,2,2
tense,1,0,0,0,1,0
document,165,125,125,1533,460,426
liability,20,7,18,27,18,14
perjure,1,0,0,1,0,1
va,13,8,9,180,45,24
former,11,7,7,35,39,26
employee,52,25,49,75,66,22
participate,4,0,12,34,5,2
stock,19,0,4,15,3,3
ubs,10,0,0,2,0,0
dividend,2,0,5,1,0,0
disbursements,1,0,0,9,0,0
paperless,4,2,19,4,0,0
execute,1,9,2,34,12,3
sale,32,57,23,1272,82,40
wealth,5,0,0,4,3,2
transact,2,1,2,4,3,1
robbery,8,1,2,6,2,0
barclays,2,0,69,0,9,0
certify,17,39,36,154,232,205
application,75,77,211,566,64,85
agencies,15,37,87,109,288,435
isnt,2,1,5,4,3,13
wo,37,17,35,79,67,44
friend,23,6,27,28,18,4
co,15,45,19,119,81,51
https,6,1,2,1,1,4
five,19,9,15,66,28,40
clarification,11,5,11,21,5,0
individualize,1,0,0,2,0,0
intention,13,8,11,40,17,6
special,19,6,29,34,6,17
initiate,47,14,32,78,27,57
employer,20,10,11,41,142,25
maybe,19,15,20,38,18,13
communicate,33,18,35,117,102,20
replacement,12,5,32,12,8,9
simply,55,19,68,120,71,68
avail,18,9,16,52,32,32
hang,41,35,53,76,292,46
adjust,14,18,26,66,9,17
timeline,5,0,7,22,13,11
function,8,0,3,9,2,1
settle,24,40,64,80,278,67
external,18,0,1,2,1,1
popular,5,0,4,4,1,0
hour,50,9,38,48,46,9
poorly,4,4,5,9,3,2
huntington,37,5,0,3,0,0
settlement,17,53,43,203,236,56
prescriptions,3,0,0,0,1,2
pennyless,1,0,0,0,0,0
medication,4,2,1,6,2,0
hopefully,7,7,8,16,6,3
hospitalize,2,0,3,5,6,3
medicine,1,0,2,0,1,0
whats,6,6,1,6,3,3
reasonable,19,15,26,71,27,68
accommodation,2,0,0,0,0,0
man,15,18,19,48,83,16
mock,1,0,1,1,1,1
disgust,4,6,6,7,2,4
blunt,1,0,0,0,2,0
besides,9,2,11,18,10,7
severe,4,4,4,17,5,11
bias,4,1,3,3,1,5
histories,7,0,0,5,1,4
bureaus,9,87,110,153,349,564
timely,27,19,32,138,37,35
severely,5,5,8,18,14,4
depress,3,3,1,1,1,3
score,43,103,290,249,179,795
unfairly,13,1,13,25,8,12
interfere,1,0,2,3,6,1
ch,3,3,1,10,2,3
accordance,8,2,6,27,35,38
resume,4,2,3,14,5,3
responses,5,7,12,40,12,23
history,45,84,132,271,92,231
ratings,2,0,0,3,1,4
penalize,16,4,15,36,10,14
derogatory,4,19,25,23,51,104
heloc,16,0,0,75,2,0
trustee,10,0,0,216,26,4
unreported,3,0,0,1,0,1
collusive,1,0,0,0,0,0
pursuant,3,4,8,41,70,58
agency,31,53,122,130,1144,522
navy,56,12,24,16,9,0
union,85,23,29,60,28,187
nfcu,12,48,15,14,13,0
unprofessional,25,10,14,43,45,6
affiliate,8,3,13,17,26,7
youth,6,0,0,0,0,0
reduce,13,29,90,190,28,12
mobilization,1,0,0,0,0,0
harassment,6,16,16,36,140,8
strong,4,3,1,21,10,4
debts,7,13,21,25,271,86
formally,2,5,6,10,18,9
affiliation,3,3,3,1,2,0
repay,7,8,18,29,30,2
responsibly,1,0,1,1,0,1
declare,6,7,3,16,10,12
honorably,1,0,0,0,0,0
unwilling,15,7,13,27,22,12
sever,2,0,0,1,3,0
relationship,40,2,21,65,16,10
pound,6,0,0,3,3,1
flesh,1,0,0,0,0,0
sand,2,0,0,1,2,1
manner,21,17,29,110,44,76
approximate,2,2,4,5,1,1
facts,15,7,21,54,27,15
ways,13,6,11,17,11,7
promptly,11,3,23,32,13,88
cell,10,22,46,31,260,32
info,40,36,82,117,180,149
protest,4,2,3,3,2,1
waiver,7,5,14,19,11,2
sanction,2,0,1,7,3,3
accountable,12,3,11,30,11,16
internal,28,1,9,28,8,18
w,17,3,17,25,23,5
threaten,26,59,22,122,429,14
tototod,1,0,0,0,0,0
bully,5,3,5,15,17,3
tactic,5,4,3,16,14,6
rushcard,5,0,6,0,0,0
rough,2,4,3,3,1,2
ned,1,0,1,0,0,0
groceries,9,0,7,2,2,0
personnel,17,8,10,27,7,8
hurt,6,16,32,22,29,64
attention,26,15,29,51,39,24
guest,1,0,2,1,0,0
accurate,13,17,26,74,47,184
insignificant,2,0,0,1,2,1
commerce,6,0,7,4,6,2
lender,10,54,8,836,54,53
seller,23,4,16,122,3,0
ownership,7,9,3,62,26,10
llc,2,16,7,195,245,40
buyers,2,5,2,76,3,3
mo,5,10,10,28,17,10
premiere,2,0,0,0,3,0
authorze,1,0,0,0,0,0
currency,6,1,3,13,3,9
ole,1,0,0,1,0,0
holders,8,3,22,13,7,4
landlords,3,0,0,1,2,4
lobby,8,1,0,1,3,0
absurd,7,2,4,13,6,4
disclose,23,21,36,100,110,33
paychecks,5,0,0,2,3,0
sunday,14,4,15,10,14,4
blank,8,4,4,16,12,11
undergo,1,0,1,12,3,1
anybody,5,4,2,9,8,2
toll,7,1,7,17,33,10
allude,1,0,0,3,1,0
commit,23,6,24,58,62,22
protect,40,16,57,86,48,53
accrue,7,18,49,35,33,3
network,5,1,3,8,7,1
divorce,11,16,16,108,52,31
illinois,2,5,5,18,22,4
retainer,2,1,2,5,1,1
allege,19,11,17,98,404,133
ex,18,8,29,83,74,35
arrangement,8,14,26,32,62,5
uneventfully,1,0,0,0,0,0
chronology,2,0,0,1,0,0
alter,7,4,4,15,8,12
assets,22,3,4,28,21,1
essentially,11,3,13,30,5,3
impound,1,2,0,46,6,0
regular,22,28,61,134,17,7
mailings,7,1,3,8,1,2
retain,8,8,11,26,36,15
conflict,7,3,5,40,2,4
employ,6,7,12,32,11,32
helpful,23,5,14,41,12,13
suit,6,11,19,29,107,37
expertise,1,0,0,3,0,0
glad,5,0,4,6,5,3
accoutn,1,1,1,0,1,0
minus,5,1,14,6,0,6
smae,1,0,0,0,0,0
sick,5,4,5,31,21,6
tire,8,26,13,24,29,21
waste,16,10,25,40,13,20
everytime,10,3,5,15,4,1
alot,4,2,1,6,2,7
td,119,28,17,24,5,10
double,22,23,46,86,31,14
behind,16,60,28,388,57,21
glass,7,0,2,2,3,1
faster,3,3,3,11,2,1
anyways,2,2,1,2,5,1
locations,13,2,4,6,4,1
rush,9,1,2,16,7,0
reprint,1,0,0,1,0,0
useless,4,1,5,10,2,1
temporary,27,6,20,26,10,6
contain,18,5,18,48,41,59
jp,27,2,14,62,6,0
morgan,34,3,14,64,6,0
unhappy,8,0,6,5,1,2
protections,3,0,5,4,1,3
connection,5,2,9,22,32,15
aunt,9,2,3,6,4,2
value,21,31,27,410,14,10
administration,7,2,3,25,5,10
establishment,1,1,4,1,5,2
certificate,37,2,17,64,16,19
medallion,1,0,0,5,0,0
stamp,17,8,20,29,21,9
wsfs,1,0,0,0,0,0
courier,2,0,0,3,5,0
shareowner,1,0,0,0,0,0
material,9,3,12,31,10,4
incomplete,1,2,6,49,9,35
resubmitted,3,2,1,23,5,4
reuse,1,0,0,0,0,0
head,6,4,4,31,12,10
awful,5,2,5,7,2,4
overcharge,4,7,11,18,5,3
lump,6,7,2,9,6,0
calculation,4,3,8,31,2,3
have,1,0,0,0,0,1
promblem,3,0,0,0,0,0
banl,1,0,0,0,0,0
thou,1,0,0,0,0,5
doucument,1,0,0,0,0,0
thid,1,0,0,0,0,0
indentity,2,0,0,0,0,0
tel,3,0,1,9,2,0
afterward,2,0,2,1,1,1
forbid,6,0,1,1,4,1
district,8,4,6,26,20,10
position,27,14,24,72,23,20
straight,4,11,8,32,14,9
unequivocal,1,0,0,0,0,0
president,20,7,15,52,12,3
disclosures,12,5,6,42,2,3
delineate,1,0,0,0,0,0
doublespeak,1,0,0,0,0,0
equivocation,1,0,0,0,0,0
flatly,1,0,0,1,0,0
larger,15,4,9,12,5,2
occ,8,0,0,8,0,7
feed,5,5,2,17,4,11
exception,5,4,4,16,8,1
logical,3,1,0,5,2,1
relate,61,13,39,90,104,62
inquiries,15,17,33,46,14,571
escalations,2,0,2,10,1,0
hi,15,4,17,14,13,15
print,51,12,45,31,20,29
printout,5,1,6,4,5,3
will,35,25,36,77,77,26
vex,1,0,0,0,0,0
vs,3,5,8,17,5,5
corporate,46,22,38,53,31,14
approx,7,15,17,43,13,4
attorneys,3,12,6,84,66,8
recipient,7,0,1,2,16,1
somewhere,7,2,12,23,6,7
elsewhere,9,0,0,7,2,3
needless,7,3,6,17,8,7
dfs,2,0,6,2,0,0
duty,2,4,4,16,13,7
indictment,3,0,0,1,0,0
mandatory,4,0,2,20,2,1
grandfather,2,0,0,2,1,2
grandmother,1,0,0,11,9,0
string,2,0,5,15,2,1
acquisitions,1,0,0,0,4,0
hsbc,59,0,18,59,12,5
formerly,3,3,6,12,4,5
ing,1,0,0,3,3,1
nowhere,7,7,27,30,15,15
except,17,19,33,67,66,35
lend,7,41,30,200,17,13
reversal,9,4,11,5,0,0
wide,1,2,1,4,4,2
class,11,8,28,44,37,18
endure,1,1,0,14,5,2
debtors,2,0,1,2,7,2
resubmit,5,0,8,32,6,5
present,79,16,50,146,55,53
behavior,26,5,17,46,25,9
thus,30,9,46,96,53,32
compliant,10,5,3,26,20,19
fake,10,5,16,10,31,6
ss,13,3,6,12,38,39
hsa,35,0,0,0,5,0
bankxxxxxxxx,1,0,0,0,0,0
wi,8,3,3,2,0,0
xxxxxxxxcustomer,1,0,0,0,0,0
serviceenglish,1,0,0,0,0,0
xxxxxxxxit,1,0,0,0,0,0
healthy,1,0,1,1,1,1
obviously,20,8,20,43,46,51
heavily,1,1,4,5,4,2
govern,6,2,3,12,8,10
body,4,5,2,8,5,3
cks,1,0,0,2,0,0
recvd,3,0,0,0,1,0
grief,2,1,0,6,2,1
pricesless,1,0,0,0,0,0
esurance,1,0,0,0,0,0
empathy,1,1,2,1,0,0
texas,20,12,5,31,117,54
loyal,8,2,23,4,2,1
noon,3,0,0,1,6,0
display,11,2,9,7,10,35
inside,31,2,10,17,2,0
dismissive,1,0,2,3,3,0
ether,1,0,0,0,0,0
patient,3,3,3,6,40,5
mt,1,0,0,22,8,5
originator,1,0,0,34,5,2
desk,9,4,6,13,8,0
drawer,5,1,2,1,0,0
shred,1,0,4,3,1,0
originators,1,1,0,4,0,0
tsetse,1,0,0,0,0,0
pretty,8,8,10,15,12,11
fraudulant,2,0,3,1,0,2
article,2,2,14,19,6,9
detections,1,0,0,0,0,0
upfront,4,0,2,19,2,1
executive,38,3,36,57,6,5
vice,7,1,3,12,2,1
probably,19,9,24,29,23,14
warranties,1,3,0,2,1,0
serve,23,17,16,70,208,24
cst,4,1,2,5,7,0
srv,1,0,0,0,0,0
procedures,15,3,3,56,25,38
xxxxthese,1,0,0,0,2,2
abusive,14,7,15,29,54,9
putt,1,0,0,1,0,0
hr,5,0,2,5,12,4
srvs,1,0,0,0,0,0
frauds,5,0,2,10,1,3
banner,2,0,0,0,0,1
ad,8,1,17,16,37,3
packet,2,6,7,99,13,7
departments,16,10,12,26,11,7
majority,7,0,2,7,1,3
scenario,5,0,4,8,4,2
numerous,51,44,65,245,195,108
fairly,4,2,8,13,4,7
shoot,13,4,6,12,5,10
faulty,3,2,1,6,5,5
zero,24,8,52,19,23,42
vendors,7,1,5,2,3,5
manipulate,9,1,3,14,2,3
overdaraft,1,0,0,0,0,0
checkings,8,0,1,0,1,0
reward,48,1,279,4,6,2
ocassions,2,0,0,2,1,0
fulfil,17,4,12,9,4,5
falsehoods,1,0,0,0,0,0
confuse,23,14,42,64,30,15
lengthy,8,0,9,16,5,1
blatant,6,4,6,29,5,10
comenity,3,0,29,0,5,1
oppose,11,4,1,11,1,4
ship,17,5,51,6,16,11
session,8,1,3,2,0,1
transcript,3,3,7,10,3,0
od,21,0,0,0,0,0
respectively,3,2,5,6,4,6
drivers,9,4,6,6,13,33
identification,23,3,6,4,15,53
match,23,9,20,37,43,49
size,5,4,8,10,3,2
improper,3,0,5,28,14,19
potentially,8,1,9,12,4,9
harm,9,7,22,27,23,35
garnishment,15,13,7,1,109,0
ks,1,1,0,0,4,1
seven,6,1,6,32,24,35
availably,1,0,0,0,0,1
hence,8,8,19,19,7,9
insist,23,21,33,64,52,23
reset,8,2,7,16,7,2
ba,2,0,2,10,0,0
predator,1,0,0,4,0,2
attachment,9,11,17,67,27,31
nine,1,2,6,17,2,2
indict,1,0,1,1,0,0
punish,3,0,17,10,5,8
felony,4,0,0,0,9,2
annuity,2,0,1,4,0,0
allowable,2,2,0,3,1,3
courtesy,16,4,28,6,4,4
perform,17,5,17,56,31,23
perfectly,4,1,2,7,0,1
ira,22,0,0,13,1,0
utterly,1,0,2,6,1,1
convince,7,7,13,31,3,3
speculate,2,0,0,1,0,1
cdos,1,0,0,0,0,0
worthless,2,2,5,3,4,5
piece,13,7,11,32,13,6
scamming,4,0,5,1,8,0
ample,4,3,3,7,1,4
quicker,2,0,0,5,0,0
eventually,24,13,31,81,50,15
redeposit,4,0,2,4,0,0
accommodations,1,0,0,2,1,0
institute,5,0,3,8,3,2
dc,3,0,0,0,1,0
count,40,4,19,30,12,20
yell,5,9,2,7,46,2
women,7,3,2,11,7,1
twenties,1,0,0,0,0,0
uncomfortable,4,1,5,7,6,4
book,12,12,67,45,13,8
aloud,2,3,1,1,0,0
picture,17,13,9,31,9,10
superimpose,1,0,0,0,0,0
lease,13,239,14,65,172,69
painful,2,0,2,5,1,2
knee,1,0,0,0,0,1
elbow,1,0,0,0,0,0
implement,6,0,5,18,5,8
usps,17,2,17,23,25,25
delivery,23,11,27,25,38,16
merit,9,0,5,4,0,3
maintainance,1,0,0,0,0,0
grand,1,2,2,2,9,1
unannounced,1,0,0,1,1,0
comprehend,1,1,0,1,0,2
anytime,8,7,8,6,7,5
whenever,9,7,3,10,6,8
endlessly,5,1,0,0,2,0
defense,4,0,0,4,5,1
script,3,2,7,8,5,2
connive,2,0,0,0,0,0
join,5,7,2,5,12,12
price,14,44,37,196,20,9
mostly,2,0,1,5,4,1
thousand,3,0,3,4,0,0
toward,6,11,27,55,10,4
intrest,3,2,4,6,2,0
complaind,1,0,0,0,0,0
laugh,7,2,10,6,15,5
anymore,11,11,31,33,48,11
woulf,1,0,0,0,0,0
ouw,1,0,0,0,0,0
maker,4,0,3,0,0,0
rare,2,0,3,0,0,1
occurrence,5,0,1,3,2,3
retiree,2,0,1,0,0,0
gouge,4,3,4,3,1,1
availabe,1,0,0,0,0,0
track,27,10,24,146,37,40
subtract,4,0,3,3,1,0
purposely,5,7,9,29,3,8
health,18,8,16,59,61,15
betcha,1,0,0,1,0,0
aside,11,1,6,13,6,1
cents,18,2,12,2,4,0
worry,24,11,20,65,35,9
nicely,3,2,1,2,2,2
tomorrow,11,1,12,18,14,4
inaccurate,8,26,31,78,107,377
outline,6,4,11,24,10,10
correspond,6,1,12,17,10,11
runaround,4,4,5,19,4,3
renters,1,0,0,18,1,1
ice,2,0,3,2,0,1
cake,1,0,0,1,0,0
monitor,22,10,23,16,35,90
rebuild,11,8,8,18,4,9
appal,8,2,6,11,3,6
nerve,2,0,1,2,2,0
country,15,7,22,52,21,22
diligently,2,0,3,19,2,4
conclusion,10,3,11,17,8,8
felt,25,17,36,59,36,15
generous,1,0,2,1,0,1
boil,1,0,0,1,0,2
deem,5,2,11,13,10,19
ineligible,8,0,13,12,0,0
discrepency,2,0,1,2,0,2
plain,6,1,5,8,4,6
eye,4,2,6,10,9,8
generate,19,5,26,38,16,10
paragraph,2,3,4,30,14,6
click,12,11,27,8,3,10
execs,1,0,0,1,0,0
generic,4,2,6,13,18,19
ineligibility,1,0,0,1,0,0
exec,2,0,3,0,0,1
suntrusts,2,0,0,0,0,0
vague,6,1,6,14,6,7
imbiguous,1,0,0,0,0,0
terminology,3,1,0,0,0,0
interpretation,4,0,2,3,2,0
disclaimer,5,1,1,6,4,2
interpret,1,1,2,4,4,2
forget,20,3,25,25,17,3
institutions,21,5,7,19,3,19
ambiguous,1,1,1,4,3,1
laws,9,29,30,101,105,81
honest,8,7,10,27,12,3
dormancy,2,0,1,0,0,0
abandon,4,0,2,27,6,1
stack,1,0,3,4,3,1
teh,1,1,3,4,0,0
unbeknownst,4,0,8,8,1,2
screenshot,8,2,8,1,1,3
tellers,13,0,0,1,0,0
busiest,1,0,0,0,0,0
unreasonable,14,5,8,20,7,3
periods,3,3,6,14,2,2
deduct,44,13,28,50,22,6
malpractice,1,0,2,1,2,1
hrs,7,1,3,7,5,1
reissue,8,0,7,11,0,3
frustration,12,3,14,25,5,6
bewilder,1,0,0,1,1,0
dilemma,2,1,1,4,4,1
bait,11,6,33,16,1,2
suddenly,12,2,11,22,16,10
google,3,0,5,4,22,8
forums,2,0,2,1,0,0
pressure,8,7,6,11,6,5
publish,10,2,10,28,17,26
easier,2,1,3,9,3,3
discrepancies,5,2,4,22,7,9
unilateral,2,1,0,3,0,1
nd,12,10,11,64,19,7
air,3,5,21,7,8,3
kid,8,5,8,22,17,6
label,8,6,2,15,8,12
guidelines,1,6,7,105,23,20
honered,1,0,0,0,0,0
max,4,6,15,6,3,7
snow,1,1,0,0,2,0
ball,5,5,3,12,2,3
morgage,3,0,0,18,0,2
throw,9,2,12,27,10,9
stomach,1,1,1,0,0,0
abuse,10,8,18,44,31,19
rectifing,1,0,0,0,0,0
payers,1,0,0,5,1,0
bail,3,1,8,14,6,0
undocumented,1,0,0,0,0,0
industry,11,3,12,33,2,5
predators,2,0,0,0,0,0
mayor,1,0,0,0,0,0
congressman,2,0,0,8,0,2
senators,7,0,0,3,0,0
donald,1,0,0,0,0,0
j,4,1,3,7,23,2
trump,2,0,2,1,0,0
cooperation,9,4,5,14,20,6
truly,13,6,16,28,16,8
nj,15,5,10,17,8,6
joke,3,1,8,8,7,6
dilemna,1,0,0,0,0,0
resolvable,1,0,0,0,0,0
solid,2,1,1,9,4,1
options,12,25,31,180,38,22
assurance,3,1,13,10,2,0
tie,10,1,10,21,10,7
improve,2,4,10,20,4,14
solvable,1,0,0,0,0,0
treatment,18,10,12,26,18,15
snub,1,0,0,0,0,0
sarcastic,1,0,0,2,1,0
lead,24,13,40,87,30,18
discriminate,16,4,18,34,3,13
skin,1,0,3,1,0,0
ethnicity,1,0,1,1,0,1
conjunction,3,2,1,4,1,1
rightfully,3,2,2,3,3,0
hotel,9,0,58,7,1,4
provisional,29,0,2,2,0,10
grader,1,0,0,0,0,0
offshore,1,0,0,0,1,0
divulge,3,1,1,0,12,1
factual,1,0,8,9,7,37
fago,1,0,0,1,0,0
brokerage,9,0,1,0,1,0
propel,2,0,0,0,0,0
bind,8,4,5,18,11,15
true,28,29,38,116,60,62
standpoint,1,0,0,0,0,0
clientele,1,0,2,0,0,0
trash,3,0,3,4,1,0
devastate,2,0,7,21,0,1
examples,3,2,2,4,1,0
ditch,1,0,0,4,0,0
effort,16,7,29,67,35,16
legality,1,0,0,6,2,1
modify,4,5,5,267,7,14
profit,14,8,14,66,8,12
corrupt,8,2,4,13,5,5
unemployment,4,11,11,54,14,4
detrimental,2,3,6,2,9,11
pst,10,0,1,4,4,2
eternity,2,0,0,1,0,0
redemption,2,2,4,5,1,0
reboot,2,1,0,0,0,0
directors,1,0,0,1,1,1
confiscate,3,0,4,0,2,0
urge,3,0,2,10,4,7
lawyer,27,12,14,159,86,17
aid,2,1,5,13,12,4
sector,1,0,0,1,0,0
unemployed,5,4,10,34,17,4
budget,6,3,0,27,9,0
strain,4,2,0,5,0,2
cop,6,0,1,1,3,0
smaller,9,5,8,15,2,2
summon,1,0,7,9,62,2
shortly,11,11,15,55,23,10
deductions,4,2,0,2,4,1
dentist,2,2,12,0,9,0
autopay,4,7,30,15,1,0
unaware,14,11,17,24,38,15
physical,19,3,26,14,29,40
increase,28,33,131,492,53,38
collection,38,90,133,126,2690,798
amerca,1,0,0,0,0,0
excite,2,0,2,4,0,1
insure,8,6,6,32,22,5
readers,1,0,0,0,0,0
compare,10,5,4,14,2,9
die,13,4,10,38,11,3
judge,8,6,9,102,66,21
distribute,8,2,1,7,4,3
fit,7,3,7,7,11,3
front,23,20,36,51,35,7
methods,6,0,8,5,7,14
asap,20,9,11,40,23,54
voicemail,9,31,14,29,127,1
voicemails,2,7,1,8,37,7
incriminate,1,0,0,0,1,0
presume,3,1,2,4,1,5
passport,11,0,4,2,2,12
utility,9,0,3,23,16,25
obligate,3,3,4,19,15,11
gentleman,8,6,4,15,38,5
unavailable,5,0,5,12,8,5
superb,1,0,1,0,0,0
incompetent,4,2,9,25,6,8
misinformation,3,2,1,10,8,7
extension,5,52,10,101,18,11
virtually,4,1,3,3,2,0
identical,2,0,13,8,3,8
unlikely,6,1,4,4,1,2
communications,10,4,15,31,73,7
abysmal,1,0,1,0,0,0
generally,5,3,10,8,3,2
greater,5,4,10,24,3,3
inactivity,4,1,19,0,0,0
weary,1,0,1,1,0,2
webpage,2,0,7,2,0,2
pop,1,2,5,3,6,9
somehow,12,9,19,31,28,16
push,21,14,12,71,6,7
juxtapose,1,0,0,0,0,0
visa,37,1,120,7,12,3
conversations,12,13,23,57,17,6
provision,4,7,9,36,19,21
entry,14,7,9,21,44,42
pad,2,1,2,8,1,1
payout,6,1,1,12,1,0
functionality,1,0,1,1,0,1
rely,10,3,14,21,13,10
solution,15,9,17,53,18,10
initiation,3,2,2,3,0,0
failedinitiation,2,0,0,0,0,0
succeed,2,2,1,2,2,1
failedwe,1,0,0,0,0,0
horrible,11,7,24,39,12,6
measure,5,1,14,7,9,9
finalize,2,9,6,48,3,3
expire,14,22,84,112,46,25
suggestions,2,0,3,2,1,0
whoever,6,2,2,7,7,6
existence,7,1,2,7,16,1
earth,4,1,1,8,1,1
flaw,4,1,6,4,3,4
incoming,7,0,3,3,2,0
capabilities,1,0,0,2,0,0
stupid,3,1,5,6,2,4
setup,16,10,14,23,7,1
apps,2,0,1,1,2,1
smartphone,2,0,2,0,2,0
regularity,1,0,1,0,0,0
sudden,8,0,6,20,14,13
wa,3,1,1,10,11,2
noterized,1,0,0,0,0,0
grab,1,0,3,4,0,0
yesterday,33,18,28,58,49,13
treasure,1,0,0,1,0,0
supplemental,3,0,0,11,0,3
youxxxx,2,1,1,0,0,3
reversals,2,0,3,4,0,0
contractually,2,1,2,1,6,0
tool,8,4,6,9,5,5
pure,5,0,4,5,1,1
usery,1,0,0,1,0,0
fiduciary,3,0,0,6,2,0
structure,4,5,7,23,3,0
scale,3,1,1,2,1,3
pennies,3,0,1,0,4,1
examine,2,1,5,12,5,1
ethics,2,1,2,5,4,4
spirit,1,2,5,2,2,0
donot,1,0,0,1,4,1
membership,9,0,83,0,35,30
dear,24,8,25,49,42,27
officials,4,0,2,6,2,5
providers,6,1,1,7,11,2
bar,8,0,3,10,47,7
un,12,2,5,13,12,6
enormous,4,4,2,10,3,1
basic,18,3,13,7,3,7
outrageous,6,8,10,16,2,6
often,10,5,10,28,18,4
wits,5,1,2,10,4,0
repair,24,43,28,158,36,31
unresolved,10,7,6,10,7,4
difficulty,8,8,8,27,4,2
ramble,2,0,0,1,3,0
forever,6,0,6,9,3,0
durable,4,0,11,0,0,0
processors,2,0,1,7,0,0
sectors,2,0,0,0,0,0
input,4,1,5,5,3,3
significant,13,5,15,49,16,14
cooperate,6,5,5,22,10,4
spur,2,0,1,0,0,0
remediation,4,0,1,4,6,1
sec,12,0,3,17,42,40
illicit,5,0,0,0,0,0
bsa,2,0,0,0,0,0
virginia,1,16,6,15,7,8
gift,25,2,33,14,4,0
gif,1,0,0,0,0,0
mistreat,3,2,1,8,2,1
behave,3,1,4,1,4,2
snaky,1,0,0,0,0,0
hide,15,6,7,24,15,6
cheat,12,4,12,10,2,3
explanations,2,1,2,14,0,3
disrespectful,5,0,2,6,11,2
renege,1,1,2,0,1,0
delinquent,16,28,57,188,75,88
permit,8,4,6,20,22,10
unrestricted,1,0,0,0,0,0
sun,4,0,0,13,0,0
cosign,1,5,1,1,9,1
judgement,4,13,7,35,178,109
ammount,3,0,0,2,0,0
totaly,1,0,0,1,0,0
becasue,2,1,1,1,0,1
ow,1,1,0,2,1,0
delete,15,21,37,30,198,861
issuance,6,1,2,4,0,2
approvals,1,1,0,6,2,2
informations,1,0,0,1,0,2
ben,2,0,0,1,0,1
pacific,3,1,1,11,4,1
western,6,0,0,0,3,0
pacificwesternbank,1,0,0,0,0,0
landlord,14,3,0,7,39,25
nevertheless,5,0,2,5,6,4
evection,2,0,0,0,0,0
intake,1,0,1,1,1,0
tole,1,0,0,0,0,0
weather,1,2,4,6,0,1
impression,8,3,4,18,17,7
wether,1,0,0,2,0,0
distance,3,1,2,0,3,2
complaintgood,1,0,0,0,0,0
scottrade,73,0,0,0,0,0
cease,10,20,15,35,222,20
desist,7,13,8,14,114,6
cite,12,5,14,15,7,7
unsolicited,6,0,20,11,8,0
statutes,3,2,1,6,9,6
father,45,22,8,76,76,9
sons,10,1,2,10,18,2
career,2,2,3,5,8,6
scroll,3,0,1,0,0,1
offset,7,1,0,6,4,0
math,5,4,5,11,3,1
inflate,1,3,2,22,7,2
wash,4,0,0,4,1,0
sensitive,4,1,5,9,13,9
amerika,1,0,0,0,0,0
friendly,5,9,2,5,2,3
clarify,9,6,10,28,12,7
play,14,7,9,65,28,20
moments,2,1,2,1,2,0
struggle,8,6,7,55,14,4
certainly,12,2,15,19,15,5
usury,2,5,4,4,10,0
disguise,1,2,0,0,2,0
santandar,1,1,0,0,0,0
represntative,1,0,0,0,0,0
recored,2,0,0,1,1,1
confim,1,0,0,0,0,0
pause,3,1,0,1,2,0
astonish,1,1,3,5,0,0
tough,1,2,1,8,2,1
bare,1,1,0,3,2,1
bone,1,0,0,0,1,0
deeper,1,2,2,6,1,3
iterate,1,0,0,1,0,0
trouble,10,20,22,67,28,14
remotely,2,1,0,1,2,2
explore,3,1,3,9,1,0
uncreative,1,0,0,0,0,0
spite,5,2,4,16,2,5
desire,8,2,15,43,6,6
sorely,1,0,0,1,0,0
relations,7,3,3,10,2,13
liar,8,2,3,8,20,5
divide,3,1,1,9,0,0
near,11,12,11,31,7,9
blindside,1,0,1,3,0,0
abroad,3,1,4,1,3,0
altogether,3,2,2,7,3,3
prevention,12,0,5,12,2,1
escalation,11,6,9,24,5,5
sincerely,11,8,23,45,35,27
activate,33,2,93,0,23,8
raise,22,14,38,127,22,11
satisfactory,1,3,3,11,6,11
parent,23,4,13,40,91,11
wince,1,0,0,0,0,0
expensive,4,3,6,20,4,0
escheet,1,0,0,0,0,0
assumption,4,2,4,25,5,1
arbitrarily,5,1,8,9,2,2
lunchtime,1,0,0,0,0,0
biggest,2,3,3,10,3,2
dumbfound,1,0,0,0,0,0
sentiment,1,0,0,1,0,0
readily,1,1,4,3,0,2
whereas,2,1,6,12,16,10
abusively,1,2,1,0,1,0
prohibit,7,3,9,32,16,11
threats,2,9,2,21,53,5
misconduct,6,0,1,10,21,3
accusation,2,1,0,0,0,2
strict,2,0,1,13,10,2
prohibition,1,0,0,0,0,1
jeopardize,1,2,4,8,7,1
margin,2,0,1,2,0,3
net,8,8,10,29,3,2
gross,4,3,4,55,5,10
domestic,5,1,1,0,2,0
argument,4,0,7,14,3,1
wholly,5,1,3,3,1,1
argue,7,6,13,34,18,3
loud,2,2,2,2,14,1
blockage,1,0,0,0,0,0
obstruction,1,0,0,0,0,0
withdrawl,5,0,1,6,0,0
welfare,2,0,0,1,0,0
mark,12,36,41,64,94,110
markings,1,2,0,0,1,0
positively,3,1,1,2,1,3
obstruct,4,0,0,3,0,1
surgeon,1,0,1,0,1,0
fatal,1,0,0,0,1,0
threat,2,3,3,16,24,2
boyfriend,5,0,4,8,7,0
increasingly,1,0,0,7,1,1
noticeable,1,0,1,0,0,0
minimal,2,3,3,4,5,1
maximize,8,0,5,7,1,0
household,7,3,7,36,12,0
reputation,2,2,5,12,16,13
immoral,2,1,0,3,0,0
strategies,1,0,0,0,1,0
officially,1,2,2,13,6,2
unsure,6,5,6,13,10,5
relation,4,2,1,8,3,4
aforementioned,7,0,7,10,11,15
consequently,6,2,3,6,6,2
ultimately,13,6,16,43,9,13
fraudlant,1,0,0,0,0,0
ally,56,136,0,0,59,2
grace,9,13,16,41,4,5
common,14,3,7,24,27,10
noticeof,1,0,0,0,0,0
routinely,6,2,5,5,1,1
absorb,3,1,0,4,2,0
small,56,19,57,60,61,44
whack,1,0,3,0,0,0
mishap,2,1,2,3,0,1
uncle,11,0,3,4,5,0
unique,3,0,2,3,1,0
executrix,2,0,0,4,0,0
monetary,6,1,4,14,5,8
holdings,2,0,0,2,7,0
nurse,2,0,0,0,1,3
courthouse,3,3,0,16,12,12
wv,4,0,0,0,0,1
marry,13,2,3,21,22,17
veteran,7,6,1,46,14,15
disburse,6,1,1,16,2,0
siblings,2,0,0,1,0,0
administer,5,1,5,6,2,1
heirs,2,0,0,17,1,0
consistent,7,2,7,22,8,4
logic,3,0,3,5,1,1
predicament,2,0,3,3,0,0
demise,2,0,0,0,0,2
roadblock,2,1,0,0,0,0
appointments,2,2,1,16,5,0
alternate,1,1,4,3,5,4
federally,1,0,0,5,3,3
appoint,5,1,0,13,7,1
organizations,1,0,1,2,3,2
opposition,3,0,0,0,0,1
drug,2,0,3,3,0,2
war,1,0,0,2,0,0
circumstance,1,0,6,10,3,2
furthermore,19,6,31,49,39,33
inconsistency,2,0,0,5,2,1
examiner,1,0,0,2,3,0
major,18,23,26,50,46,55
preparer,2,0,0,0,1,0
skills,2,1,3,5,1,0
frame,17,13,10,34,24,22
unidentified,1,2,1,2,2,1
analysis,2,0,2,128,5,1
understatement,1,0,1,0,0,1
unresponsive,6,0,7,9,6,2
decade,1,0,6,4,7,3
tn,3,7,0,7,13,4
entirely,6,5,11,9,11,9
interrupt,1,3,2,6,15,0
water,5,3,1,57,21,8
mold,5,0,0,13,18,1
estimate,11,9,32,129,5,4
inspector,7,5,1,15,2,0
satisfaction,4,5,4,26,17,9
mediation,1,0,0,70,20,1
insulation,1,0,0,0,0,0
sheetrock,1,0,0,0,0,0
plaster,1,0,0,1,0,0
paint,3,2,2,7,3,8
inspection,5,12,4,115,3,3
encounter,12,2,4,9,1,3
contractor,20,4,5,74,9,0
opposite,5,1,1,7,4,0
mtb,1,0,0,9,0,0
mercy,3,0,2,4,0,0
consistency,3,0,1,4,0,0
recur,24,1,15,8,5,5
transparent,2,1,4,4,1,2
disenrolled,1,0,0,0,0,0
exceptions,3,1,0,1,0,1
maximum,3,4,10,16,7,8
recall,7,5,19,12,33,14
widely,1,0,1,2,0,0
publicize,1,0,0,0,0,0
screenshots,3,0,6,1,0,0
checkboxes,1,0,0,0,0,0
achs,1,0,2,0,0,1
metrics,1,0,0,0,0,1
timeframe,10,3,3,10,5,7
discontinuation,1,0,0,0,1,0
coin,8,0,0,0,0,10
meticulously,1,0,0,1,0,0
pour,3,0,0,0,0,0
attendant,2,0,3,2,2,0
empty,8,1,3,9,7,4
miscalculate,1,0,0,5,0,1
unfamiliar,2,0,3,2,5,4
blacklist,4,0,0,0,1,1
dad,9,5,3,16,14,3
rejection,2,3,4,5,0,10
elate,1,0,1,1,0,0
tuesday,28,5,5,23,16,2
dispense,8,0,0,1,0,1
deject,1,1,0,0,0,0
pocket,4,2,3,48,7,5
scant,1,0,0,0,1,0
obligations,6,10,4,40,8,8
proprietary,1,0,2,13,0,0
legitimate,24,7,17,18,50,25
regulation,22,5,10,54,5,9
electronics,2,1,2,0,0,0
decisioning,2,0,0,0,0,0
persistence,1,0,0,0,1,1
liquid,2,0,0,3,0,0
audit,7,7,5,58,5,2
reg,8,1,2,15,6,1
implementation,2,0,0,3,1,0
threshold,5,0,12,3,0,2
affidavit,17,3,13,43,73,49
recordkeeping,1,0,0,0,0,0
relevant,8,1,7,19,6,15
accurately,2,4,15,26,14,47
formal,13,11,9,38,56,31
contradiction,4,2,2,2,0,1
determination,6,3,5,25,12,8
adverse,5,1,19,19,12,47
hopeful,3,1,1,1,2,0
merchandise,2,0,50,1,10,6
shipments,1,0,1,0,1,0
insensitive,2,0,0,1,0,0
remittance,2,1,1,2,0,0
remitly,6,0,0,0,0,0
inc,4,6,0,108,308,11
appease,1,0,0,0,0,0
utilize,12,4,17,22,13,18
avenues,1,1,4,0,1,0
wednesday,11,1,5,22,11,3
synchroney,1,0,1,0,0,0
notion,1,0,1,0,0,0
scope,2,0,1,2,3,1
overreaction,1,0,0,0,0,0
launder,10,0,4,1,1,0
fear,6,2,7,45,19,2
blanket,1,0,1,1,2,0
proportion,1,0,1,2,0,3
undue,2,5,4,12,4,3
burden,7,5,11,33,6,18
amend,4,7,0,19,3,5
applicants,2,0,7,3,0,5
street,5,3,2,23,6,4
fico,1,7,33,11,5,37
relatively,3,1,2,6,1,1
opaque,2,0,0,0,0,0
tabs,1,0,0,1,0,0
missteps,1,0,0,1,0,0
quick,9,2,6,34,7,6
mishandle,9,0,4,21,3,6
validation,3,8,10,23,551,149
alabama,1,1,1,2,6,2
painfully,1,0,0,2,0,0
flawless,1,0,3,0,1,2
reportyou,1,0,0,0,0,0
reportally,1,0,0,0,0,0
green,3,1,1,246,7,4
troll,1,0,0,0,0,0
applications,12,4,21,39,38,16
directive,1,0,1,1,1,1
concept,1,0,1,1,0,0
destructive,1,0,0,0,1,2
background,8,5,12,12,11,28
middle,6,8,12,46,29,20
scandal,3,1,2,2,1,0
foot,4,1,2,13,2,2
pentagon,1,3,1,4,0,0
bureau,35,51,101,162,265,389
fis,1,0,0,0,0,0
qualifile,3,0,0,0,0,0
default,10,42,26,296,170,32
vociferous,1,0,0,0,0,0
alternatively,1,0,1,1,2,1
round,3,3,9,24,3,2
vain,3,0,1,0,0,3
reachable,1,0,0,1,1,0
ext,6,3,3,24,26,6
seize,3,0,1,7,23,0
brew,1,0,0,0,0,0
ensnare,1,0,1,0,0,0
scheme,4,1,2,14,9,8
eyeglasses,1,0,0,0,0,0
laundry,1,1,0,0,0,0
con,1,1,3,1,6,2
electricity,2,1,0,1,7,2
negativity,1,0,0,4,1,1
firstmerit,3,0,0,0,0,0
availability,21,0,4,2,0,0
cc,15,4,46,10,8,3
compas,1,0,0,0,0,0
inactive,12,0,4,3,0,1
lift,5,0,1,10,3,14
escheted,1,0,0,0,0,0
fulfillment,5,0,3,2,0,1
reactivate,2,1,4,2,1,1
speek,1,0,0,0,0,0
compaint,1,0,0,0,0,0
iphone,4,0,0,0,4,0
wu,9,0,0,0,0,0
untrue,3,3,5,12,10,8
cafe,1,0,0,0,0,0
icon,2,0,0,0,0,0
scammed,8,4,12,15,6,2
escape,2,3,1,0,1,0
official,10,5,10,34,29,18
ithin,1,0,0,0,0,0
digits,6,2,14,2,30,11
unsubscribe,1,0,0,0,0,1
homeowner,3,1,1,148,7,1
vet,2,2,3,10,4,4
memory,1,2,2,3,1,2
wonky,1,0,0,0,0,0
cancellation,7,7,27,43,33,15
square,2,2,1,19,3,1
cancellations,1,1,2,1,0,0
homeowners,3,0,0,214,8,0
folks,6,1,6,15,4,6
male,13,4,6,6,14,1
disagree,5,2,6,13,5,14
refresh,2,0,2,2,0,1
midnight,12,0,1,6,1,0
ransom,1,0,1,0,0,0
kidnap,1,0,0,0,0,0
silly,1,0,1,1,0,2
progressive,6,0,0,1,13,0
bunch,4,2,5,10,4,5
concert,1,0,2,1,1,0
confirmations,4,1,2,2,0,3
eligibility,17,2,5,24,1,2
shut,18,11,23,23,21,9
ground,1,2,3,9,5,3
nt,1,0,0,3,3,0
language,9,2,14,36,24,7
rephrase,1,0,0,0,0,0
kindly,7,1,4,4,7,11
pain,2,4,0,12,3,4
decently,1,0,0,0,0,0
xxxxavailable,1,0,0,0,0,0
xxxxhold,1,0,0,0,0,0
deposittotal,1,0,0,0,0,0
xxxxfunds,1,0,0,0,0,0
xxxxreason,1,0,0,0,0,0
inthe,1,0,1,0,0,0
homeless,4,1,2,40,5,9
payoff,7,95,37,298,27,6
motorcycle,1,3,8,0,1,2
incentive,5,4,3,41,0,0
instrument,10,0,2,24,14,12
indentifying,1,0,0,1,0,0
fiananal,1,0,0,0,0,0
na,4,13,9,20,17,2
publicly,2,0,3,5,2,1
rounting,1,0,0,0,0,0
indications,1,0,0,1,1,0
silence,6,0,5,3,3,1
proceedure,1,0,0,0,0,0
revocable,1,0,0,1,0,0
verbal,18,8,14,35,35,13
inciates,1,0,0,0,0,0
reponse,1,0,1,2,0,2
confidentuality,1,0,0,0,0,0
confer,1,0,0,2,2,0
imposer,1,0,0,0,0,0
forgey,1,0,0,0,0,0
fiananical,1,0,0,0,0,0
tuff,1,0,0,0,0,0
ggod,1,0,0,0,0,0
infinacial,1,0,0,0,0,0
instution,1,0,0,0,0,0
busniess,1,0,0,0,0,0
physically,8,1,3,13,5,6
handel,1,0,0,0,0,0
choices,2,1,4,4,2,1
presentation,3,2,5,0,0,1
instrutment,2,0,0,0,0,0
tranasaction,1,0,0,0,0,0
discrission,1,0,0,0,0,0
competiators,1,0,0,0,0,0
superceeds,1,0,0,0,0,0
finacial,2,2,0,1,1,0
unnamed,2,0,0,0,1,0
preform,1,0,0,0,1,2
guarentee,1,0,1,0,0,0
ilegal,1,0,0,0,2,0
witholding,3,0,0,2,0,0
fullfillment,1,0,0,0,0,0
imposition,1,0,2,0,3,0
arrange,4,3,8,21,12,2
carefully,3,2,9,9,4,2
stable,1,2,7,6,2,0
unclaimed,14,0,2,1,0,0
essence,4,1,6,17,7,6
chairman,4,0,2,6,0,0
ceo,5,3,17,23,6,5
rebate,1,2,4,5,4,0
redress,1,0,0,0,1,0
violations,6,0,8,52,59,27
busy,11,7,9,13,13,4
table,1,2,2,14,3,2
clock,1,1,1,5,7,2
est,15,0,5,6,11,1
horrendous,2,0,2,3,0,1
ton,1,0,0,8,2,1
unthinkable,1,0,0,0,1,0
suffice,2,0,3,3,3,2
headquarter,6,4,6,9,5,7
fashion,11,2,10,19,5,7
extent,4,0,3,8,5,7
unconscionable,2,0,1,7,5,1
entrap,1,0,0,0,0,0
relief,6,15,10,67,14,19
underneath,1,1,2,2,0,0
egregious,4,0,1,5,2,4
litigation,1,4,5,36,35,33
adhesion,1,0,1,0,1,0
shark,1,4,1,6,1,0
cheaper,2,1,0,6,0,3
dangerous,2,1,1,2,3,0
voluntary,2,4,0,2,5,4
highway,1,2,3,1,0,1
airlines,5,0,7,0,0,0
investigations,8,2,6,7,7,31
malicious,4,2,1,6,11,3
unknowing,2,0,0,2,0,0
electric,2,3,0,4,13,2
humiliation,3,0,0,1,1,0
unpaid,11,19,28,62,95,26
nonpayments,1,0,0,0,0,0
nearest,13,2,3,4,3,1
override,8,0,1,2,0,0
substantive,5,0,1,3,1,0
annually,1,1,3,13,3,3
focus,4,9,3,5,27,4
consequences,3,2,10,18,6,2
secretly,1,0,0,1,0,0
retail,4,3,11,3,5,9
tech,7,0,7,12,6,4
discern,1,2,0,1,0,0
georgia,7,2,1,14,21,9
confusion,4,4,7,17,3,2
conspicuously,1,0,0,1,0,1
absent,3,1,0,2,0,6
central,4,2,3,10,87,0
enclose,12,9,17,51,55,39
sleeve,1,0,0,0,0,0
differ,2,0,3,8,3,5
criminals,14,1,1,6,2,1
midst,2,2,1,3,3,2
meter,2,0,4,0,2,0
painstakingly,2,0,0,1,0,0
landline,2,1,2,2,6,0
notate,3,6,4,5,11,7
politely,1,2,2,2,5,1
belligerently,1,0,0,0,0,0
surely,4,2,4,6,1,1
satisfactorily,3,0,1,1,1,2
unblock,3,0,2,1,1,2
west,13,4,5,22,26,2
nc,15,1,3,20,10,13
bullet,1,0,0,0,1,0
tray,1,0,0,0,0,0
fell,8,18,14,97,16,7
potential,13,10,11,30,32,22
attitude,11,2,1,16,13,0
prejudge,1,0,0,0,0,0
fly,6,2,10,3,1,1
incldues,1,0,0,0,0,0
accident,10,28,7,16,28,9
cameras,4,0,0,0,0,0
whereabouts,3,1,2,2,8,0
geolocation,1,0,0,0,0,0
aggressive,4,7,3,10,32,1
xxxxto,1,1,2,2,1,2
xxxxbank,2,0,0,2,0,2
xxxxafter,2,0,0,1,0,0
enterprise,7,0,3,4,5,2
overseas,4,2,5,6,1,4
exhibit,15,0,18,57,57,18
followings,1,0,1,0,1,0
americamy,1,0,0,0,0,0
hospital,4,6,6,17,231,43
furniture,2,11,32,5,11,2
fixtures,1,0,0,0,0,0
honorable,3,0,1,4,1,0
respectable,1,0,2,0,0,0
survive,8,3,4,7,6,2
hardships,6,3,4,24,2,6
useable,1,0,1,0,0,0
urgently,2,0,2,1,0,0
college,13,8,8,8,40,15
deeply,3,1,2,3,4,0
puzzle,1,0,3,3,0,1
sincere,1,0,0,1,1,2
hacker,7,0,1,1,0,1
pose,5,0,2,3,3,1
hack,22,6,11,0,8,11
drain,5,2,0,6,2,1
assault,1,0,0,1,0,0
gunpoint,1,0,0,0,0,0
apprehend,1,0,0,0,0,0
ensue,2,0,3,4,2,0
scrutiny,1,1,0,2,1,1
crimes,6,0,0,7,3,1
seriously,11,5,16,21,10,20
whose,4,2,8,25,12,3
mule,1,0,0,0,0,0
perpetrator,5,0,0,1,0,1
define,9,0,8,14,10,10
alas,1,0,0,0,0,0
thief,15,1,8,1,24,7
ail,1,0,0,1,1,0
convenience,7,5,5,6,0,7
vaporize,1,0,0,0,0,0
routine,3,0,3,5,1,1
cyber,1,0,2,1,3,0
comerica,31,0,0,2,0,0
deadlines,2,0,2,5,0,0
exhaust,6,10,6,24,4,7
gentlelady,1,0,0,0,0,0
eastern,3,0,4,2,9,1
board,6,0,9,32,12,3
postal,7,0,6,21,8,12
quailty,1,0,0,0,0,0
resort,8,3,7,5,9,10
respectfully,6,1,7,22,10,15
cfpa,1,0,0,1,5,0
earliest,1,0,2,5,2,2
compel,3,0,4,9,2,2
entities,6,1,1,20,11,8
mastercard,6,0,42,0,3,0
borrowers,1,5,1,87,2,0
vigorously,1,0,0,0,2,1
reinstate,6,8,24,45,4,11
discontinue,6,1,15,7,15,6
sixty,3,0,1,2,0,0
comparable,1,1,0,14,0,1
teenage,1,0,0,1,0,0
classic,2,1,3,6,0,1
trickle,1,0,0,0,0,0
pretend,5,1,4,10,8,3
slap,3,2,2,3,1,0
aggravation,2,0,3,10,1,2
mental,5,3,1,9,3,0
torture,2,0,1,3,1,0
licence,2,2,0,2,2,3
justly,1,0,0,0,0,0
advertisements,1,0,6,3,0,2
agreements,2,3,9,23,19,3
restitution,2,1,2,5,6,4
software,9,1,11,5,5,5
confidentiality,1,1,0,1,1,3
comply,19,11,20,113,43,77
quickpay,12,0,0,0,0,0
eft,6,2,1,7,2,1
xxxxat,1,0,1,0,0,0
capability,2,0,2,3,1,3
capitalize,1,2,0,3,0,0
incapable,1,0,0,5,0,3
systemic,2,0,1,0,1,3
expiration,8,5,22,12,6,4
tooken,1,1,0,0,0,0
shop,19,7,34,18,3,13
spree,1,1,1,0,0,0
bee,3,1,1,1,0,1
lesson,3,0,1,1,1,1
negligence,7,5,12,51,6,18
adjustments,3,3,3,15,5,0
allowance,4,1,1,2,2,2
apparent,7,3,7,14,6,7
handicap,1,0,0,3,0,0
relay,3,1,4,8,8,1
illegality,1,0,0,1,0,0
zombie,1,0,0,6,3,2
whomever,2,2,1,3,1,2
workday,1,0,0,0,1,0
remainder,5,11,7,9,10,5
trend,3,2,1,0,1,1
areas,5,1,1,13,4,1
normally,3,1,4,16,5,4
surveillance,6,0,0,0,0,0
signatures,8,3,8,32,27,13
victimize,6,1,5,10,3,4
extreme,7,8,4,16,6,4
anxiety,1,1,0,4,1,1
incidents,7,0,1,6,1,1
proactive,2,1,2,7,0,0
random,6,0,5,11,8,0
deficiency,2,12,3,32,5,5
tact,1,0,0,4,1,0
unjustly,2,0,5,0,5,1
investment,35,0,3,50,6,0
advisor,13,1,1,6,2,0
birthday,2,1,7,2,5,2
portfolio,5,4,4,91,197,4
kick,5,6,9,12,5,6
surrender,3,14,0,17,6,11
taxable,1,1,0,0,0,1
sloppy,2,1,1,2,0,8
purse,6,0,3,0,7,8
usually,16,6,9,26,14,6
culprit,2,0,0,0,1,3
vermont,4,1,0,1,0,0
across,8,3,13,20,14,2
slowly,4,0,0,1,3,6
lucrative,2,0,3,0,1,0
alive,1,1,0,3,4,2
competent,2,1,6,14,18,16
unnecessarily,1,1,2,10,3,2
photocopy,1,0,2,3,1,4
vt,1,1,0,2,1,0
moire,1,0,0,0,0,0
apology,12,3,5,8,2,6
partially,5,0,7,6,4,6
shift,2,4,4,8,1,5
domineer,1,0,0,0,0,0
clingy,1,0,0,0,0,0
disparage,1,0,0,0,0,1
remark,1,7,11,14,42,53
activy,1,0,0,0,0,0
wed,2,2,8,1,3,0
probe,1,0,1,2,1,0
combination,3,1,1,3,1,2
g,2,6,12,27,51,24
ofdi,1,0,0,0,0,0
chain,2,6,5,26,7,1
smooth,3,0,0,1,0,1
tennessee,7,2,0,12,6,1
troublesome,1,0,1,1,0,0
prosecute,6,0,0,4,9,2
roth,2,0,0,0,0,0
crowd,1,0,0,0,0,0
mm,1,0,1,0,1,0
selection,1,0,1,1,2,1
accountant,4,0,2,6,5,2
misstep,1,2,0,0,0,0
employet,1,0,0,0,0,0
ive,7,2,4,13,18,23
amazon,2,1,66,0,14,0
dysfunctional,1,0,0,4,0,0
provider,5,7,21,28,65,15
guess,13,7,10,35,17,10
assert,5,0,4,8,9,6
stepdaughter,2,0,0,1,0,0
forgeries,2,0,1,0,1,0
forgery,3,0,3,6,5,0
counties,2,0,1,2,1,0
cities,1,0,0,0,1,1
encouragement,1,0,0,1,0,0
losses,8,2,4,13,2,0
directions,3,0,2,3,2,0
peace,2,3,0,4,5,0
instiutions,1,0,0,0,0,0
careless,1,1,1,1,1,3
elapse,3,1,4,4,3,2
controller,4,0,0,3,0,0
volume,3,0,4,4,2,1
downgrade,3,0,4,3,0,1
aa,2,1,3,0,1,0
promo,14,0,24,0,2,0
undisclosed,4,2,4,6,1,1
improbable,1,0,1,0,0,0
renewal,11,2,18,23,12,2
cancelation,2,2,5,6,1,0
sate,1,1,1,3,0,0
rgions,1,0,0,0,0,0
renew,9,5,18,15,17,4
reacurring,1,0,0,0,0,0
capitol,2,7,45,2,6,0
submission,10,4,9,34,7,9
im,18,30,13,33,32,31
perpetraitor,1,0,0,0,0,0
theyve,2,0,0,0,1,0
thats,11,8,6,14,15,12
nof,1,0,0,0,0,0
persist,2,3,2,0,9,0
judicial,1,0,0,21,23,3
forum,3,0,4,2,0,0
acquiescence,1,0,1,0,0,0
guilt,1,0,0,3,0,0
workers,8,3,2,3,14,1
expenditures,2,0,2,5,0,0
purposefully,2,0,2,9,3,3
exclude,1,1,7,6,4,3
expressly,4,4,1,2,8,0
inclusion,1,0,1,3,0,2
omit,3,2,3,8,2,1
institutional,1,0,1,0,0,1
gods,1,0,0,0,0,0
sake,1,0,1,8,1,1
lled,1,0,0,0,0,0
hey,1,1,1,0,2,2
indemnity,1,0,0,1,0,1
busi,1,0,0,0,0,0
ness,1,0,0,0,0,0
lastly,6,1,0,12,4,8
upload,7,5,2,58,9,70
dent,1,1,1,1,1,0
midwest,2,1,0,1,31,0
employers,3,1,0,2,14,8
deaf,1,0,3,9,5,0
ears,1,0,3,9,5,0
ring,5,7,8,8,20,3
mins,3,0,7,4,5,4
recollection,1,0,2,3,8,1
retrospect,1,1,0,1,0,0
restate,2,1,2,6,3,0
closest,6,2,4,1,3,0
oak,1,0,0,0,0,0
bluff,1,0,0,0,0,0
election,1,1,0,9,7,1
proximity,2,0,0,0,0,0
untreated,1,0,0,0,0,0
ruin,9,17,34,54,35,43
shamble,1,0,0,5,0,0
deteriorate,1,1,0,7,1,0
complacent,1,0,1,0,0,2
commend,1,0,0,1,0,0
convict,3,0,0,8,0,4
opportunities,4,1,8,4,3,5
solicitation,6,3,9,7,1,0
campaign,1,1,0,0,1,0
desirable,2,0,1,4,0,0
reconsider,3,0,7,7,0,0
colleagues,3,0,1,0,0,1
unpleasant,1,1,1,5,1,0
intolerable,1,0,0,1,0,0
ps,4,0,4,3,1,3
discretion,3,4,3,4,0,1
neccessary,1,0,0,0,2,0
az,6,8,7,16,8,0
kinds,6,2,3,6,6,5
endorsement,6,2,0,25,1,1
tues,4,0,2,2,0,0
mon,5,0,1,3,1,0
overnight,10,4,6,41,3,1
privilege,5,0,6,1,4,0
mad,1,2,2,8,4,2
fresh,2,2,0,7,2,7
quantities,1,0,0,0,0,0
can,1,0,0,3,1,1
foods,1,0,0,0,0,0
snack,1,0,0,0,0,0
hurricane,1,2,2,10,0,2
cpaitalone,1,0,0,0,0,0
io,1,0,0,0,0,0
capitalone,3,0,33,9,0,0
perhaps,10,6,11,30,10,8
tall,1,0,0,0,0,0
insuffient,1,0,0,0,0,0
madamthursdays,1,0,0,0,0,0
wee,2,0,0,0,0,0
grocery,6,1,7,0,0,0
fridays,4,0,0,1,1,0
saturdays,1,1,0,0,0,0
sundays,1,1,1,2,2,0
chores,1,0,0,0,0,0
errands,1,0,0,0,1,0
substract,1,0,0,0,0,0
annuities,1,0,0,0,0,0
recommendations,2,0,4,4,0,0
slot,2,0,0,0,0,0
rail,1,0,0,1,0,0
iras,4,0,0,0,0,0
contributions,1,0,0,0,0,0
investments,9,2,1,6,2,2
yearly,2,0,5,22,3,9
indiana,4,2,0,8,24,1
externally,1,0,2,0,0,0
addendum,1,1,1,24,5,1
bow,2,0,1,5,2,0
unilaterally,2,1,4,5,0,5
guarantee,15,10,14,76,18,4
estimation,1,1,0,4,1,1
contractual,2,2,4,8,51,15
duties,6,0,3,3,1,4
remit,5,5,0,6,10,0
contrary,3,1,11,7,11,8
taxpayer,6,0,0,2,2,5
ftp,1,0,0,0,0,0
revenue,8,0,6,8,36,8
asses,1,0,0,0,0,0
peruse,1,0,1,0,0,1
tonight,1,0,5,9,8,0
elect,5,1,5,11,6,6
outrage,5,0,0,3,5,3
intermediately,1,0,0,0,0,0
appliances,1,0,3,8,4,1
anticipation,3,1,0,2,1,1
project,4,0,12,28,1,0
patiently,3,0,3,3,0,2
sender,11,0,0,2,3,1
fedex,7,0,2,3,0,0
female,3,10,2,12,15,1
unopened,1,0,1,1,6,2
pickup,3,2,1,0,0,0
coincide,2,0,2,4,1,1
walmart,1,0,33,0,3,1
defensive,1,2,0,1,4,0
quit,1,3,4,30,25,0
wall,2,0,3,20,9,7
angry,10,3,9,14,12,7
vindictive,1,1,2,1,2,2
inbound,1,0,1,0,5,0
hasty,1,0,0,0,0,0
quality,4,9,11,26,9,6
coach,4,0,1,2,3,0
format,2,0,2,13,2,4
conventional,1,2,0,52,1,1
installment,1,30,2,16,20,11
intercept,4,0,1,1,1,1
yield,2,1,2,9,0,1
dissatisfaction,3,2,4,0,0,1
wage,1,5,4,3,38,14
goals,2,0,0,4,2,2
pertinent,5,1,3,6,12,5
fifth,27,18,7,24,1,1
technician,5,0,2,1,3,1
hq,5,0,2,0,0,0
reportedly,2,0,1,6,1,0
committee,2,0,1,7,0,0
malfunction,6,1,3,0,0,0
miserable,1,0,0,1,0,0
actionable,1,0,0,2,2,0
conversion,10,0,7,9,1,1
crear,1,0,0,0,0,0
supermarket,3,0,1,0,0,0
instinctively,1,0,0,0,0,0
crab,1,0,0,0,0,0
inhibit,1,0,1,0,0,1
dinner,2,1,0,1,4,0
waiter,1,0,0,0,0,0
imagine,6,2,8,26,7,11
meal,1,0,1,1,0,0
restaurant,4,0,3,0,1,0
ludicrous,2,2,3,4,0,2
comfortable,4,3,4,9,9,2
exclusion,1,0,1,0,0,0
preventative,2,0,0,0,0,2
escrow,23,2,7,1327,10,6
contractors,5,0,1,15,2,0
ty,1,0,0,0,0,0
dedicate,1,0,1,14,0,1
lure,2,2,6,3,0,0
attractive,1,0,4,2,1,0
underway,1,0,0,1,0,0
appearances,6,0,0,1,0,0
downtown,1,0,1,2,0,0
hatred,1,0,0,0,0,1
speaker,6,1,2,6,2,1
enforce,3,4,7,24,28,22
municipal,3,0,0,1,2,0
misrepresent,4,11,11,24,22,2
educational,1,1,0,1,1,0
repetively,1,0,0,0,0,0
badge,2,2,0,0,3,1
wlll,1,0,0,0,0,0
stink,1,0,0,0,0,0
mufg,1,0,0,0,0,0
component,1,0,1,1,0,0
dime,3,4,2,9,4,3
unto,1,0,0,0,1,0
accountability,2,0,3,8,10,5
engage,7,5,15,33,28,16
fnbo,1,0,0,0,0,0
gladly,1,2,4,6,4,0
hire,12,5,21,108,69,24
expose,10,1,3,8,7,4
vulnerabilities,2,0,0,1,0,0
warnings,5,1,2,1,2,0
inadequate,4,1,3,9,5,2
ic,2,0,0,0,15,0
exposure,2,0,6,3,1,2
consumerfinance,3,0,1,2,1,5
ky,1,1,0,7,6,4
loudly,2,1,0,1,4,0
uphold,8,4,4,6,1,1
flat,5,3,14,5,6,0
category,3,0,11,11,5,5
magazines,1,0,3,0,1,0
recognizable,1,0,1,0,0,0
greet,7,0,2,2,6,0
leap,1,0,0,0,0,0
categorize,2,0,2,0,1,0
overpayment,1,11,12,26,4,2
resent,4,1,5,14,0,2
manipulation,2,1,1,2,0,2
helloon,1,0,0,0,0,0
cryptic,2,0,0,1,1,1
successi,1,0,0,0,0,0
daysi,1,0,0,0,0,0
reasoni,1,0,0,0,0,0
reviewthanks,1,0,0,0,0,0
cus,1,0,0,0,0,0
discrimates,1,1,0,0,0,0
causei,1,0,0,0,0,0
wil,1,0,0,1,1,0
york,22,5,1,34,22,11
leak,2,5,2,19,9,5
floor,8,7,3,21,6,5
cabinets,7,0,11,3,1,1
kitchen,7,0,5,19,4,1
room,5,3,26,28,40,10
instal,7,5,6,11,11,3
downstairs,2,0,0,0,0,0
inspect,1,12,3,10,3,2
disastrous,1,0,0,1,0,0
sink,1,0,0,3,1,0
stage,1,0,1,12,3,6
possibilities,1,0,0,2,2,1
finish,18,17,14,48,24,13
space,4,3,4,5,7,1
sheriff,8,0,3,66,22,3
literally,6,10,10,20,9,11
baffle,2,1,1,5,1,2
imburse,1,0,0,1,0,0
stories,5,1,4,19,4,3
unwell,1,0,0,0,0,0
starve,2,0,0,3,0,0
roof,1,1,3,50,3,8
beat,2,5,0,9,1,1
crook,6,3,4,14,5,7
shame,4,4,3,7,2,7
gather,3,3,2,13,9,7
legwork,1,0,0,0,0,0
lax,1,0,0,2,0,0
manual,3,0,11,4,0,0
prepare,10,7,4,54,24,17
astound,1,1,3,0,0,1
indignant,1,0,0,0,0,0
authority,9,8,17,68,34,23
periodic,3,0,6,7,1,2
miscellaneous,4,1,3,5,1,4
falsehood,1,0,0,1,2,0
similarly,1,1,3,2,4,1
spouse,7,4,5,26,36,6
accessible,2,1,1,4,2,2
incase,1,0,0,2,0,1
leisure,2,0,0,0,0,0
mandate,6,1,1,12,5,11
validate,7,11,21,33,315,221
harass,13,61,33,86,360,20
xoom,1,0,0,0,0,0
birth,11,4,17,6,43,56
invalid,12,6,9,16,57,32
brake,1,1,0,0,0,0
clarity,1,1,1,6,4,4
bold,1,0,1,3,1,0
couldnt,1,5,7,4,4,4
arrangements,9,17,24,23,70,6
apologetic,3,0,3,2,0,0
revive,4,0,0,0,3,1
happing,1,0,0,0,0,0
mcadoo,1,0,0,0,0,0
pa,5,5,9,16,17,21
prob,3,0,0,1,0,0
dueing,2,0,0,0,0,0
org,1,0,0,2,0,1
field,3,4,5,9,5,7
surrogate,1,0,0,1,0,0
pod,3,0,2,2,0,0
collectors,5,2,6,6,130,13
hesitate,2,1,3,3,5,5
immensely,1,0,2,1,1,3
brochure,2,0,1,0,0,0
disputable,1,0,0,0,0,0
elaborate,3,0,2,0,0,0
trial,4,0,4,327,23,11
transunion,2,4,1,1,7,978
stub,2,8,0,66,5,3
lawsuits,1,0,3,14,19,2
primate,1,0,0,0,0,0
secondary,3,0,3,3,6,0
panel,1,1,0,0,1,0
fcc,2,0,0,1,5,3
perjury,1,0,2,4,1,6
systematically,2,0,0,2,0,2
humiliate,3,3,6,3,2,0
optional,1,0,1,4,0,0
rid,3,1,5,19,9,3
uncashed,1,0,0,3,1,0
mitigation,2,0,0,138,1,0
evident,2,0,3,10,2,6
sabotage,2,0,0,12,0,2
laziness,2,0,0,1,0,0
deceitfulness,1,0,0,0,0,0
unsuccessful,6,7,8,24,10,8
incompetence,14,1,7,36,1,4
reassure,2,2,4,9,5,2
okay,9,4,10,14,10,4
embarrassment,3,1,1,4,5,1
boss,5,6,2,20,23,1
confidence,2,0,3,14,0,0
speed,3,6,3,5,9,0
cruise,1,0,5,1,3,1
delaware,4,0,13,6,8,0
carnival,1,0,0,0,1,0
master,3,5,27,14,6,4
sail,1,0,0,0,1,0
historical,1,0,0,3,4,2
fradulent,3,0,4,3,2,3
negligience,1,0,0,0,0,0
bankand,1,0,0,0,0,0
tranaction,1,0,0,0,0,0
withdrawalsonmy,1,0,0,0,0,0
wrongly,3,3,2,9,5,5
deligience,1,0,0,0,0,0
diligence,7,2,6,28,4,10
negligient,2,0,0,0,0,0
bummer,1,0,0,0,0,0
inefficient,1,0,0,2,0,0
proceess,1,0,0,0,0,0
detect,2,0,4,0,1,1
strike,2,2,3,4,4,0
pdf,5,1,11,16,2,11
accouts,1,0,0,0,0,0
rev,1,1,0,2,0,4
prop,1,0,0,0,0,0
orally,1,1,0,2,1,3
latter,1,3,2,8,4,6
crime,18,0,7,18,15,6
naturally,2,3,1,3,4,2
embezzlement,3,1,0,0,5,2
conspire,7,1,1,3,2,2
writ,6,0,0,3,21,2
judgment,6,11,14,50,198,67
pledge,4,0,0,2,4,0
jurisdiction,2,1,0,8,22,2
technicality,3,0,4,1,0,1
topic,1,1,2,1,1,0
self,2,2,12,36,10,12
iam,1,0,0,3,3,7
study,4,0,3,5,1,5
niece,5,0,0,2,2,1
immigration,2,0,0,2,0,0
star,2,1,2,74,1,1
invite,3,1,9,5,1,0
seat,3,2,9,3,0,0
ids,5,0,1,1,3,1
polite,4,1,2,1,3,0
misunderstand,8,4,10,7,3,5
continuously,9,8,13,29,45,20
stronger,1,1,0,0,1,0
minority,2,2,3,5,0,2
ct,3,4,1,8,7,13
mccue,3,0,0,0,0,0
negotiator,2,0,0,43,0,0
slow,3,2,5,24,2,2
financials,2,1,1,16,0,0
appraisal,4,10,6,495,1,0
lenders,2,16,4,86,10,19
desperate,2,4,0,17,5,0
calculations,2,2,4,33,3,1
forthright,1,0,0,7,0,0
sight,2,1,4,6,1,2
unsecure,1,0,0,1,0,0
definitely,7,5,11,26,14,11
insert,4,0,3,1,16,37
tape,1,0,3,5,3,0
thoroughly,3,2,6,10,3,17
thirteen,1,0,1,0,1,1
guardian,3,2,0,1,1,0
partial,4,9,7,86,14,9
exploitation,2,1,1,0,0,0
yyyy,2,0,1,1,0,0
attachments,6,2,7,23,6,4
energy,4,0,2,4,2,1
audio,1,1,3,3,2,2
difficulties,8,1,13,16,6,2
deduction,7,2,9,14,8,4
chex,5,0,0,0,0,15
correspondent,1,0,0,0,1,0
sayin,1,0,0,0,0,0
inforaation,1,0,0,0,0,0
staple,2,1,3,0,0,1
stun,2,1,1,5,1,1
worker,6,3,0,5,15,4
adhere,2,3,5,10,6,3
someones,2,1,3,1,0,2
modest,1,0,0,2,0,0
salary,3,2,1,21,7,3
trigger,3,3,3,7,1,1
deceitful,2,0,6,11,4,3
feds,2,0,0,2,0,0
grok,1,0,0,0,0,0
game,9,2,7,52,14,12
refrigerator,3,0,4,3,5,0
bedroom,1,1,2,8,2,3
stanley,3,0,0,0,0,0
mychecking,1,0,1,0,0,0
representativewho,1,0,0,0,0,0
fundswere,1,0,0,0,0,0
garnishmentwith,1,0,0,0,0,0
quiet,1,1,1,10,2,1
irrelevant,3,1,11,3,6,4
substantial,6,0,11,27,7,8
aything,1,0,0,0,0,0
po,2,2,0,1,4,0
plague,4,1,0,2,1,0
desperately,4,1,4,16,0,1
hectic,1,0,0,0,1,0
lawsuit,6,8,25,68,124,37
cap,4,5,21,10,2,0
otf,2,0,0,0,0,0
human,4,2,16,14,16,19
rationale,1,0,3,2,0,0
insane,3,0,3,10,1,2
incomes,1,0,0,6,0,1
grandfathered,2,0,0,1,1,1
barclaycard,1,0,47,0,0,0
recived,1,1,1,8,3,2
dergatory,1,0,0,0,0,0
tthrough,1,0,0,0,0,0
verifiable,3,0,6,5,6,41
ews,4,0,0,0,0,0
fcra,9,21,36,18,192,479
unverified,1,0,1,0,30,77
responsabilit,1,0,0,0,0,0
needle,2,0,1,0,0,0
referrer,2,0,0,0,0,0
slander,2,1,0,4,3,0
love,4,2,9,11,1,3
crdedit,1,0,0,0,0,0
financling,1,0,0,0,0,0
retract,2,0,7,8,2,0
reluctantly,1,5,0,6,4,0
knowingly,4,7,6,19,15,9
merrill,10,0,3,0,1,0
bi,3,6,1,41,4,1
weekly,5,15,6,68,11,2
stability,1,0,1,4,1,2
stmt,1,0,7,7,1,0
univerity,1,0,0,0,0,0
orther,1,0,0,0,0,0
campus,3,0,1,1,0,3
attend,6,1,8,18,27,8
ststements,1,0,0,0,0,0
devels,1,0,0,0,0,0
sue,13,13,22,50,251,66
arbitration,12,5,9,4,11,1
deliberate,1,0,8,9,1,2
defraud,8,7,9,19,13,2
cheque,21,0,6,0,5,0
seemingly,3,0,2,6,1,4
ridiculously,1,1,0,1,0,0
import,1,0,0,0,0,0
chief,4,0,0,7,6,0
anger,3,0,2,4,1,1
incredible,2,0,3,4,2,0
avoidable,1,0,2,3,0,0
paymentson,1,0,0,0,0,0
monthlystatement,1,0,0,0,0,0
paymentoption,1,0,0,0,0,0
thecredit,1,0,0,1,0,0
creditcard,1,0,3,0,0,2
thedue,1,0,0,0,0,0
xxxxdifferent,1,0,0,0,0,0
toowe,1,0,0,0,0,0
ifeel,1,0,0,0,0,0
minimumbalance,1,0,0,0,0,0
thiskind,1,0,0,0,0,0
paidmy,1,0,0,0,0,0
jpmorganchase,2,0,0,0,0,0
dl,1,0,1,0,0,4
uncover,1,0,0,4,2,2
offices,9,0,7,40,39,11
garnish,4,13,8,7,156,1
earnings,4,0,3,9,0,0
disposable,1,0,1,4,2,0
abrasive,1,3,0,2,2,0
abrasiveness,1,0,0,0,0,0
discomfort,1,0,1,0,0,0
foreclose,5,1,0,477,39,14
panic,7,0,1,6,2,0
hurdle,3,0,0,0,1,0
straighten,2,4,10,19,6,4
meetings,2,1,0,1,4,0
chaos,1,0,0,3,1,0
unravel,1,0,1,1,0,0
outsource,2,0,1,6,29,2
fraudently,2,0,0,0,0,0
misplace,3,4,6,11,0,3
flash,1,0,0,0,0,0
cable,3,2,0,4,44,11
treasury,6,0,0,20,5,4
veterans,9,4,1,19,1,9
affairs,6,9,6,17,4,15
medicaid,1,0,0,0,17,4
screw,4,0,1,12,2,3
mortage,1,2,0,31,0,0
shabbily,1,0,1,0,0,0
wrap,6,2,2,2,2,0
unwrap,1,0,0,0,0,0
temp,3,1,1,2,0,0
discourage,7,0,4,13,1,4
sticker,1,7,2,1,0,1
tag,1,4,15,10,16,2
tiered,1,0,0,0,0,0
platinum,2,0,74,2,0,0
prefer,7,7,16,15,14,4
nuisance,2,0,0,1,4,0
il,5,4,4,11,15,15
prescribe,2,0,1,5,3,0
dastardly,1,0,0,0,0,0
subscribe,2,0,3,0,1,3
quickness,1,0,0,0,0,0
cheap,1,0,1,2,0,1
suggestion,1,1,5,9,2,0
transcriptions,1,0,0,0,0,0
fbi,12,0,4,9,8,0
sheriffs,2,2,1,7,2,0
officd,1,0,0,0,0,0
pd,6,0,3,1,4,4
forensic,1,0,0,14,0,1
efforts,6,8,11,43,50,16
civilian,2,0,0,0,2,0
servant,1,0,1,0,0,0
stimulus,1,0,0,0,0,0
midestment,1,0,0,0,0,0
registrred,1,0,0,0,0,0
hijack,1,0,0,0,0,0
envelope,22,2,9,45,10,1
white,2,1,3,9,4,4
virus,2,0,0,0,1,0
reffering,1,0,0,0,0,0
usb,1,0,0,0,0,0
defendant,1,0,0,14,28,6
couldve,1,0,0,0,0,0
whatnot,1,0,0,0,0,0
unfold,3,0,0,1,0,0
sham,1,1,1,2,1,2
hoax,1,0,0,0,0,1
itd,1,0,0,0,0,0
goodnight,1,0,0,0,0,0
preliminary,1,1,0,5,3,0
completion,11,6,8,34,3,8
reoccurring,7,0,4,1,0,1
largest,8,2,2,3,2,1
descend,3,0,0,0,0,0
greatest,1,1,4,0,0,0
fyi,1,3,2,3,1,1
evict,3,1,1,17,8,8
malevolent,1,0,0,1,0,0
greedy,4,1,3,9,0,0
lodge,4,3,4,10,6,3
inconclusive,1,0,0,0,0,0
usage,1,1,9,1,4,10
crash,2,1,4,16,4,2
weapon,1,0,0,0,0,1
scar,2,6,2,11,24,1
apparantly,1,0,0,0,0,0
enrich,1,0,1,1,1,0
proprietorship,2,0,1,0,0,0
dissolution,1,0,0,1,1,0
gong,1,0,0,1,0,0
luckily,4,2,1,8,1,2
pip,1,0,0,9,2,2
unoccupied,1,0,0,1,1,0
burst,1,0,2,4,3,0
dismiss,2,6,6,43,34,84
heat,1,1,1,8,2,1
foreclosure,2,2,1,1402,105,42
rehabilitation,1,0,1,3,12,2
contactor,1,0,0,0,0,0
declaration,1,1,4,14,3,2
repaircontractors,1,0,0,0,0,0
waiverinternal,1,0,0,0,0,0
xxxxcopy,1,0,0,0,0,0
undeliverablenotarized,1,0,0,0,0,0
harmless,1,0,0,1,1,0
sellercopy,1,0,0,0,0,0
length,6,6,9,23,7,7
vp,8,1,0,11,1,0
arizona,2,9,0,10,15,9
accunt,1,1,0,0,0,0
unknowingly,3,1,5,2,3,1
appointted,1,0,0,0,0,0
secu,5,0,7,0,0,0
cremation,1,0,0,0,0,0
mrsxxxx,1,0,0,0,0,0
mentally,1,1,1,2,0,0
paralyze,1,0,0,0,0,1
neck,1,0,0,1,0,0
depositer,1,0,0,0,0,0
ceos,2,0,0,0,0,0
frequent,3,1,7,1,12,0
warren,1,0,0,0,0,0
gratiot,1,0,0,0,0,0
livid,3,1,3,2,3,1
preparation,1,0,2,2,0,1
nutshell,2,0,0,1,1,0
engineer,1,0,0,8,0,1
pennymac,12,0,0,75,14,0
hazard,6,1,0,71,0,2
perspective,1,1,1,1,0,1
wherein,3,1,4,6,7,2
farmers,1,0,0,0,0,2
custom,5,2,5,4,0,1
videos,7,0,0,0,1,0
carrier,1,0,4,7,16,1
garnishable,1,0,0,0,0,0
garnishement,1,0,0,0,0,0
xxxxmy,3,1,0,3,0,2
heir,4,0,0,10,0,0
administrator,2,4,2,8,2,1
befor,1,0,0,0,0,1
esignature,1,0,0,0,0,0
hve,1,0,1,0,3,1
physician,1,0,2,7,30,0
coroner,1,0,0,0,0,0
suspicions,3,2,3,5,0,0
band,2,0,1,1,1,0
verifications,2,0,0,1,2,5
sstill,1,0,0,0,0,0
packets,1,0,0,12,3,1
estates,9,0,0,1,0,0
questionnaire,9,0,0,8,1,0
xxxxwe,1,0,0,4,1,0
shortcomings,1,0,0,0,0,0
disappointment,2,1,3,5,0,0
neglect,6,3,8,23,6,16
disgrace,1,0,0,6,3,0
bizarre,1,0,3,2,0,1
realtor,3,2,2,135,2,2
bid,3,1,1,30,1,0
mort,1,0,0,9,0,0
xxxxthe,2,0,0,2,1,1
shortcoming,1,0,1,0,0,0
socialsecurity,1,0,1,0,0,0
widow,1,0,6,9,3,2
pymt,3,1,5,11,2,0
didnt,8,12,11,23,34,17
attroney,1,0,0,0,0,0
goverment,1,0,0,6,0,1
followers,1,0,0,0,0,0
facility,6,0,1,3,18,4
belongings,2,1,0,12,1,2
detain,1,0,0,0,3,0
viva,2,0,0,0,0,0
clue,4,4,8,17,16,6
civil,5,6,11,41,50,40
summit,1,9,3,7,6,4
ant,1,1,0,1,1,0
grateful,6,1,2,6,5,3
heart,1,0,2,11,2,1
younger,3,0,3,1,2,0
brother,18,13,13,19,30,6
aways,1,0,0,0,0,0
content,10,1,9,9,17,15
gatherings,1,0,0,0,0,0
bond,10,5,2,6,24,12
irrevocable,6,0,0,4,1,0
brothers,3,0,5,2,4,0
nod,2,0,0,11,1,0
apologise,1,0,0,0,0,0
administrators,2,0,1,0,0,0
resend,5,1,3,26,0,4
checkup,1,0,0,0,0,0
creditied,1,0,0,0,0,0
identiy,1,0,0,0,1,1
solicit,2,4,7,19,4,1
appointment,13,3,2,22,8,1
appt,3,0,0,2,1,0
bargain,3,0,2,1,1,2
compensate,7,6,10,19,8,1
technical,16,0,14,6,2,11
glare,1,0,0,2,0,1
nut,1,0,1,4,2,0
cube,1,0,0,0,0,0
tend,1,2,2,2,4,1
reiterate,4,1,6,7,6,3
dismay,1,0,4,8,0,3
retaliate,3,1,0,3,2,5
bogus,5,3,14,30,30,17
nothe,1,0,0,0,0,0
luxury,1,3,0,1,0,1
chencking,1,0,0,0,0,0
duringg,1,0,0,0,0,0
murder,1,1,0,0,0,1
hawk,1,0,0,0,0,1
seventh,1,0,0,2,1,0
avenue,1,0,1,2,1,1
curtain,1,0,0,0,0,0
boken,1,0,0,0,0,0
mailer,9,0,2,2,0,0
sadly,4,1,2,4,2,3
discard,2,0,1,0,2,0
spring,1,2,4,7,3,1
beautifully,1,0,0,0,0,0
algorithm,1,0,0,0,1,1
dependent,1,1,2,0,7,3
necessarily,2,0,1,1,0,1
defy,3,0,0,0,0,1
doctor,2,5,9,10,80,6
adamant,3,2,2,2,4,2
undeniably,1,0,0,0,0,0
complicit,2,1,0,2,1,1
premise,7,1,0,6,12,1
unrecoverable,1,0,0,0,0,0
variety,1,5,0,4,6,1
obstinate,1,0,0,0,0,0
detection,2,0,2,0,0,0
plenty,4,2,3,18,4,1
unreal,1,0,0,1,0,1
sore,1,0,1,0,1,0
dramatic,1,0,1,3,0,1
broker,3,6,0,99,11,6
ripple,1,0,0,0,0,0
overnighted,2,1,3,10,0,0
divisions,1,0,0,0,1,0
decisions,2,4,3,13,4,7
journey,2,0,1,5,0,0
accts,1,0,4,0,5,7
rise,3,7,3,17,6,2
checkout,2,0,19,0,0,0
outdated,2,0,2,7,5,27
antiquate,3,0,0,0,0,1
technology,4,3,5,1,8,0
solutions,3,2,6,33,96,25
simultaneously,3,0,1,10,2,3
ineptness,1,0,0,1,0,0
exacerbate,2,1,2,5,0,0
financies,1,0,0,0,0,0
depost,1,0,0,0,0,0
technically,2,3,5,11,4,1
equivalent,2,0,3,9,4,1
viable,2,2,1,8,4,6
resemble,2,0,0,0,1,1
presentative,1,0,0,0,0,0
discrepancy,9,7,16,16,6,14
toss,1,1,0,7,0,0
devastation,1,0,0,1,0,1
inflict,2,0,0,2,0,0
standards,3,0,5,17,10,8
stranger,1,0,1,1,6,1
retirements,1,0,0,0,0,0
split,6,1,6,22,5,7
individually,1,0,0,4,1,4
v,2,2,3,10,14,18
amongst,2,0,1,2,1,0
payouts,2,0,0,0,0,0
dividends,1,0,0,0,0,0
distributions,2,0,0,0,0,0
consultant,2,0,2,22,11,4
administrative,1,1,0,9,11,2
shortages,3,0,0,9,0,0
shoddy,1,0,1,3,0,0
efficient,3,1,2,8,1,2
fluctuate,2,1,0,5,2,0
backdate,2,0,0,17,1,0
principle,3,30,11,152,9,0
drastically,1,1,3,9,3,4
duration,3,6,4,9,1,1
unresponsiveness,1,0,0,0,0,0
homelessness,1,0,0,4,0,0
hunger,1,0,0,0,0,0
unions,1,1,2,2,0,1
outright,1,1,4,5,3,2
annoy,4,8,5,4,17,1
tone,1,4,2,8,16,0
dissatisfy,4,2,6,5,2,1
apologies,3,0,2,5,0,0
owners,4,5,0,100,9,4
inspite,2,0,0,1,0,1
excerpt,1,0,1,5,1,2
boa_logo,1,0,0,0,0,0
ph,1,0,1,5,9,2
nice,3,5,11,15,21,13
bus,7,0,0,1,3,0
roommate,2,1,0,1,11,5
upcoming,4,3,11,9,2,0
rationalize,1,0,1,0,0,0
unsatisfactory,2,0,2,1,1,2
pleasant,2,0,2,2,0,1
sing,1,0,1,1,1,2
praise,1,0,0,0,0,1
hill,1,1,0,4,0,0
havent,2,0,0,4,9,6
awhile,2,1,1,1,6,0
timid,1,0,0,0,0,0
wasnt,5,0,4,11,8,8
ut,1,2,2,0,6,3
existent,1,1,3,7,5,3
fish,2,0,1,1,2,1
expedition,2,0,0,0,1,0
instantly,4,2,9,1,0,2
array,1,0,0,1,0,0
storage,1,9,2,12,4,4
passcode,3,0,1,0,0,0
phn,1,0,0,0,0,0
convenient,5,0,6,1,1,2
subscription,4,0,16,0,5,13
accomplish,6,0,5,7,3,6
circle,3,1,12,18,5,9
jerk,3,0,0,4,1,1
fica,1,0,1,1,0,0
unauthorize,1,0,0,0,0,1
eppicard,3,0,0,0,0,0
la,2,3,0,1,6,3
oklahoma,2,4,1,7,5,1
conceal,3,3,0,8,5,1
cusip,1,0,0,0,0,0
msrb,1,0,0,0,0,0
emma,1,0,0,0,0,0
viability,1,0,0,0,0,0
occupancy,1,0,1,17,0,2
investor,5,0,1,191,6,2
investors,4,1,0,39,7,2
impeccable,1,2,3,5,0,1
specifics,1,1,3,7,7,1
forfeit,6,0,14,7,5,1
mod,1,1,0,103,0,1
hemp,1,0,0,0,0,0
rope,1,2,0,1,0,0
sad,3,0,4,11,2,4
epitaph,1,0,0,0,0,0
emergency,6,12,6,18,43,13
stoled,2,0,0,0,1,0
ghost,1,0,1,2,0,0
significantly,3,6,10,27,8,15
disadvantage,1,1,1,1,2,0
protocol,7,0,2,7,4,7
ramifications,1,0,1,1,0,1
unwillingly,2,0,0,0,0,0
exploit,3,4,0,0,1,0
uncompromising,1,0,0,0,0,0
l,3,4,11,43,39,11
synovus,2,0,0,0,0,0
presist,1,0,0,0,0,0
row,2,2,9,14,5,4
unformed,1,0,0,0,0,0
usbank,10,5,7,12,0,0
underwriter,2,6,3,111,3,0
goof,2,0,0,0,0,0
availbale,1,0,0,0,0,0
flyer,1,0,6,2,2,0
theses,1,0,0,3,3,0
construction,4,4,1,35,4,1
relax,2,0,0,2,0,0
frauded,2,0,0,0,0,0
gentlemen,4,2,0,2,6,0
intercede,1,1,0,4,0,0
gram,5,2,1,0,1,0
mediator,1,0,0,12,3,0
ssxxxx,1,0,0,0,0,0
secret,1,0,2,3,0,4
evaluation,1,3,4,53,1,0
spin,1,0,0,3,2,1
bny,2,0,0,3,0,0
mellon,5,0,0,9,6,0
redemptions,1,0,0,0,0,0
fingerprint,2,0,0,0,0,0
biometric,1,0,0,0,0,0
biometrics,1,0,0,0,0,0
task,6,0,4,20,0,4
mundane,1,0,0,0,0,0
cold,2,1,3,4,5,1
apliances,2,0,0,0,0,0
writting,1,1,0,0,4,1
thoughts,1,1,0,4,0,0
payme,1,0,0,0,1,0
typical,2,1,6,6,2,1
issuethe,1,0,0,0,0,0
atn,1,0,0,0,0,0
effective,7,4,6,85,14,6
crammer,1,0,0,0,0,0
discount,10,2,29,21,18,4
cross,4,1,2,21,10,0
crd,1,0,4,0,0,0
stumble,1,1,0,1,1,0
mend,1,0,1,1,0,0
affiliations,1,0,0,0,0,0
entries,4,0,0,1,12,30
circulate,1,0,0,1,1,2
decades,1,0,4,3,2,3
boounced,1,0,0,0,0,0
beliigerent,1,0,0,0,0,0
escort,3,0,0,1,1,0
marriage,1,0,1,8,5,2
safeguard,2,0,1,3,0,5
surplus,2,6,1,24,4,0
condesending,1,0,0,0,0,0
tear,7,8,2,8,11,2
demean,1,0,0,2,0,1
condescend,2,2,7,7,17,1
behaviors,1,0,1,3,1,0
macy,5,0,190,0,31,0
ro,3,0,0,0,1,0
misdirect,1,0,0,1,0,0
requestedfor,1,0,0,0,0,0
anddeposited,1,0,0,0,0,0
wasnot,1,0,0,1,0,0
subsequent,6,5,9,32,15,5
overdraftcharges,2,0,0,0,0,0
giveme,1,0,0,1,0,0
refusedto,1,0,0,0,0,0
forfive,1,0,0,0,0,0
detective,3,1,1,0,3,0
susquehanna,2,4,0,0,0,0
deli,1,0,0,0,0,0
abrubtly,1,0,0,0,0,0
unsatisfied,3,1,2,2,2,3
tread,2,1,0,0,1,0
mill,2,0,0,6,6,0
mat,2,0,0,0,0,0
bellow,1,0,0,0,0,0
freight,2,0,0,0,0,0
role,2,1,0,7,9,1
vulnerable,3,4,8,4,3,3
speech,1,0,1,1,0,0
intrusive,1,0,0,0,3,0
speedy,1,1,0,0,6,2
pamphlet,2,0,0,1,0,0
materials,4,4,8,12,3,1
accuracy,1,3,5,3,16,96
supportive,2,0,1,0,2,0
advancement,1,1,0,1,2,0
recipients,1,0,0,0,0,1
resources,8,2,0,20,42,3
instigate,1,0,0,0,0,1
telecheck,3,0,0,0,0,10
unplug,2,0,0,1,0,0
sevices,1,0,0,0,0,0
affective,1,0,0,0,0,0
thirty,2,6,4,24,9,15
applicable,7,4,6,15,16,7
transpire,1,0,7,2,2,3
signup,2,0,7,0,0,1
tent,3,0,0,0,0,0
wisconsin,2,4,0,1,4,1
weight,2,1,1,4,2,3
allot,4,4,0,8,11,8
texts,1,1,3,3,2,1
essentails,1,0,0,0,0,0
usages,1,0,0,0,0,0
intervene,2,0,3,13,3,4
unchanged,2,1,3,4,1,5
confident,2,1,7,17,3,5
fla,1,0,0,1,0,0
video,14,1,2,1,1,0
centralize,1,0,0,1,0,0
fcba,3,0,10,0,0,2
efta,3,0,0,0,0,0
definate,1,0,0,0,0,0
heres,2,0,0,0,0,1
frivolous,1,0,5,2,12,18
relevence,1,0,0,0,0,0
punative,1,0,0,0,0,0
explicitly,2,1,10,4,7,3
measurable,1,0,0,1,0,0
arguments,1,0,2,3,0,0
guide,3,8,3,12,2,4
culture,1,0,0,2,0,3
rub,1,0,0,0,0,0
internship,1,0,0,1,0,0
differentiation,1,0,0,0,0,0
entity,6,3,6,47,36,23
seriousness,3,1,0,2,0,0
black,3,0,3,9,6,6
injury,7,1,16,27,12,6
multitude,1,0,3,3,0,0
complexity,1,0,1,1,0,0
sub,2,2,0,11,6,1
messege,2,0,0,0,0,0
reciept,2,0,2,1,2,1
assitant,1,0,0,0,0,0
erroring,1,0,0,0,0,0
reprsentation,1,0,0,0,0,0
alright,2,0,3,1,0,0
periodically,1,2,4,3,1,1
asleep,1,0,0,0,1,0
longest,1,1,2,0,0,1
custodial,1,0,0,7,0,0
turing,1,0,0,0,0,0
disposition,3,4,1,3,4,6
furnisher,1,4,15,0,8,61
capable,2,0,6,5,2,0
fro,1,1,1,10,8,3
privy,1,1,0,4,0,1
scenes,1,0,0,0,1,0
conferenced,2,0,1,1,0,2
overhear,1,0,1,0,1,0
cool,1,1,2,0,1,1
blind,1,1,1,6,1,1
hinder,2,3,0,9,8,12
flood,2,5,0,163,5,0
adjuster,1,1,0,8,0,0
mac,4,0,3,33,1,3
hardware,1,0,0,0,1,0
bundle,1,0,1,3,21,2
lifetime,2,3,3,5,4,3
recoup,4,0,1,8,2,0
unskillful,1,0,0,0,0,0
test,3,10,9,15,8,15
cit,13,0,2,10,1,0
falsely,3,8,10,22,49,24
truthfully,1,0,0,0,1,2
thankful,2,0,1,4,1,1
equip,1,0,3,3,0,1
regrding,1,0,0,1,0,0
ding,1,0,6,9,4,6
modification,4,9,7,2205,23,26
logo,3,0,5,2,2,0
corrections,3,3,4,12,3,14
legit,3,2,2,2,8,3
hose,1,3,0,2,0,0
streets,2,1,1,5,1,1
impersonate,2,0,0,2,2,0
elderly,4,2,3,15,10,1
survivors,1,0,0,1,0,0
mispelled,2,0,0,0,1,0
revise,1,3,10,21,3,6
multi,2,1,2,4,1,0
notations,3,0,0,2,4,3
identifer,2,0,0,0,0,0
identifier,1,0,0,1,0,0
rightful,2,0,2,3,3,2
cust,1,0,3,4,0,0
vitally,1,0,0,0,0,0
surface,1,0,3,2,5,2
falsification,1,0,1,1,0,0
mix,4,5,3,5,10,16
unknowledgeable,1,0,0,0,0,0
wouldnt,1,3,2,3,2,2
practically,2,1,1,1,3,1
tutition,1,0,0,0,0,0
bbt,7,0,0,14,0,0
conference,4,2,6,33,4,5
charages,1,0,0,0,0,0
negligible,1,0,1,1,0,0
ethical,2,3,3,7,6,3
prey,3,4,7,12,7,1
drill,2,0,0,3,0,0
inventory,7,2,2,1,1,1
valuables,2,0,0,2,0,0
inherit,3,0,2,8,1,0
mysterious,1,0,1,4,0,1
characteristics,1,0,0,1,0,0
ar,2,0,0,3,34,1
reappear,1,0,2,1,6,19
unsympathetic,2,0,0,0,0,0
tangle,1,0,0,0,0,0
mailbox,5,1,2,4,4,0
skip,1,13,3,16,9,5
passwords,5,0,6,1,0,1
cousin,2,0,0,4,6,0
venture,1,0,8,1,0,1
anyhow,1,1,0,0,0,1
necessities,2,0,1,1,2,2
hotels,1,0,8,0,0,1
overages,1,1,0,3,0,0
maine,2,0,1,3,4,2
fiancees,1,0,0,0,0,0
cruelty,1,0,0,0,0,0
consumeraffairs,2,0,0,0,0,0
xxxxwhen,2,0,1,0,0,0
whyi,1,0,0,0,0,0
wifewe,1,0,0,0,0,0
statementsthey,1,0,0,0,0,0
issuei,1,1,0,0,0,1
citizenmy,1,0,0,0,0,0
poss,1,0,0,0,0,0
overwork,1,0,0,0,0,0
understaffed,1,0,1,2,0,0
curious,1,2,2,2,0,1
trail,3,0,6,15,4,1
legitimately,2,0,3,1,3,4
ur,1,0,0,0,0,1
powerful,1,0,2,0,1,0
norm,1,1,0,5,0,0
anomaly,1,0,0,0,0,1
overturn,3,0,0,2,0,1
vm,2,0,0,0,6,0
umqua,1,0,0,0,0,0
accidentlly,1,0,0,0,0,0
resubmitting,1,0,1,7,0,1
grievances,1,0,1,0,0,0
xxxxhttp,1,0,0,0,0,0
xxxxfrom,1,0,0,1,0,0
eventualky,1,0,0,0,0,0
adversely,2,3,10,10,2,11
merely,2,0,12,13,11,17
descipable,1,0,0,0,0,0
deletion,3,1,1,3,19,35
tour,3,0,5,1,5,2
disgression,1,0,0,0,0,0
racial,2,1,5,0,1,0
ethnic,1,0,3,0,0,0
nycb,17,0,0,7,0,0
transient,1,0,0,1,0,0
insistence,1,1,0,2,0,2
comedy,1,0,0,1,0,0
briefly,1,0,4,4,2,2
donations,4,0,2,1,0,0
donation,2,0,2,0,2,0
donor,1,0,0,0,0,0
charter,2,0,9,3,1,0
recession,1,0,0,15,1,1
chagrin,1,0,0,1,0,0
mom,11,6,3,37,35,3
pdt,1,0,0,0,4,0
sweep,2,1,0,2,0,0
flip,3,0,0,5,1,0
typically,10,1,11,9,5,1
verbally,3,14,13,53,28,15
faithfully,3,2,3,9,4,5
consecutively,1,1,0,1,0,1
sustain,4,3,1,11,4,0
region,3,0,0,0,1,0
vitriol,1,0,0,0,0,0
ver,1,0,0,1,0,1
cod,2,1,3,6,14,9
ethic,1,0,1,0,1,0
usd,18,0,8,4,1,0
cure,1,13,0,32,8,2
sic,1,0,0,1,1,0
intentions,3,2,2,13,7,5
broad,2,0,0,2,0,1
supose,1,0,0,1,0,1
fictitious,5,0,0,8,3,2
puerto,1,0,2,3,1,0
rico,1,0,2,7,1,0
disingenuous,2,0,3,3,2,0
barrier,3,0,3,0,2,1
pt,1,0,0,1,0,1
xxxxxxxxpt,1,0,0,0,0,0
junk,2,1,8,6,6,2
assurances,4,0,2,4,0,1
redirect,2,1,2,4,1,3
tactics,10,18,14,36,84,10
preferably,1,0,0,0,0,0
incline,1,0,1,0,1,0
thin,3,0,0,1,2,2
growth,3,1,1,4,1,0
ti,1,0,0,1,1,1
conveniently,3,0,2,10,2,1
fun,1,0,1,5,3,0
pncpaycard,1,0,0,0,0,0
brief,4,1,6,9,6,4
dare,1,0,1,2,1,2
arkansas,1,0,1,3,8,0
observe,5,1,3,3,1,3
extract,1,0,0,7,3,1
namely,4,0,3,2,2,0
preserve,2,0,1,6,2,0
subrogation,1,0,0,0,0,0
subrugation,1,0,0,0,0,0
mortgagee,1,0,0,26,1,0
worksheet,1,2,0,3,0,0
mls,1,0,0,3,0,0
acount,1,0,2,1,4,3
aavings,1,0,0,0,0,0
explaniation,1,0,0,0,0,0
factor,3,7,3,14,7,22
transacion,1,0,0,0,0,0
betrween,1,0,0,0,0,0
mysteriously,2,0,2,5,1,1
irresponsible,2,2,2,8,6,3
slant,1,0,0,0,0,0
traditional,2,0,0,6,0,1
revolt,1,1,0,0,1,0
sheer,1,1,2,1,0,0
inaction,2,0,1,2,1,0
carelessness,1,0,0,2,1,0
society,3,0,0,1,0,4
corruption,1,1,0,5,0,2
obscure,2,0,1,1,2,2
rearrange,2,0,1,1,0,0
customerswhen,1,0,0,0,0,0
bin,1,0,2,1,0,0
peoplei,1,0,0,0,0,0
gotch,1,0,0,0,0,0
thingthe,1,0,0,0,0,0
stuff,2,8,3,15,3,26
cubicle,3,0,0,0,0,0
workforce,1,0,0,2,0,0
complainer,1,0,0,0,0,0
bag,9,1,6,1,0,3
retuned,1,0,0,1,0,1
transition,6,3,7,6,3,11
decipher,2,0,1,1,0,1
notorious,1,1,0,0,1,1
overdrafting,2,0,0,0,0,0
cfp_,1,0,0,0,0,0
flow,2,0,3,10,0,0
iincurring,1,0,0,0,0,0
magical,1,1,1,2,0,0
infantalized,1,0,0,0,0,0
infantalizing,1,0,0,0,0,0
valuable,1,0,3,9,3,2
bearer,1,0,0,1,0,0
repayment,2,13,16,75,16,3
facilitate,1,2,3,11,5,4
extortion,3,3,4,2,10,3
impatient,2,0,0,0,0,0
jam,2,0,0,3,1,0
cutoff,2,0,2,5,0,0
csrs,1,1,1,0,0,0
thankyou,7,0,5,2,0,2
qualifications,6,1,1,8,1,2
michigan,1,3,6,7,13,6
definition,4,2,5,3,4,3
denymy,1,0,0,0,0,0
aba,1,0,0,0,0,0
survey,2,2,2,16,0,0
bluebird,6,0,0,0,0,0
truck,1,39,4,8,10,8
lookout,1,0,0,1,0,0
utah,1,3,0,6,8,4
bayveiw,1,0,0,0,0,0
downpayment,1,5,2,1,0,0
mismanagement,4,1,1,8,1,0
eight,1,0,4,20,5,6
manipulative,2,0,1,0,1,2
workplace,2,1,0,1,13,0
cafeteria,1,0,0,0,0,0
launch,2,1,1,4,2,2
cpfb,5,0,2,2,0,1
quasi,1,0,0,0,1,0
governmental,1,0,0,3,1,2
mechanism,3,0,2,3,1,1
hostage,2,2,8,10,13,5
tv,4,5,15,5,13,2
publications,2,0,0,1,0,0
lazy,1,2,0,0,0,3
monetarily,1,0,0,2,0,0
wag,7,9,7,8,100,1
sooner,6,9,5,15,8,3
reclaim,3,2,1,1,0,1
actor,1,0,0,0,0,0
newspapers,1,0,5,2,0,0
prepping,1,0,0,0,0,0
xxxxcitibanks,1,0,0,0,0,0
regret,2,0,2,1,5,0
foremost,1,0,0,6,3,0
occasionally,2,1,5,4,4,0
reliable,1,3,2,11,2,1
genuinely,1,1,0,1,1,0
gesture,1,1,1,3,1,0
goodwill,1,3,2,3,5,1
xxxxclient,1,0,0,0,0,0
liaisoncitibank,1,0,0,0,0,0
unitcitibank,1,0,0,0,0,0
fw,1,0,0,0,0,0
lt,4,2,2,6,2,2
customercenter,1,0,0,0,0,0
dob,9,4,3,2,29,35
poa,5,1,9,4,5,0
beneficiaries,1,0,0,1,0,0
shuffle,2,0,2,7,4,0
anonymous,1,0,0,1,0,0
operator,2,3,7,6,7,2
supervision,1,0,4,4,2,0
enforcememnt,1,0,0,0,0,0
unintentional,1,1,1,0,0,0
commonly,1,0,0,2,0,0
consequence,1,0,2,5,2,2
emphasize,2,0,3,2,0,3
affirmatively,1,0,1,0,0,0
particularly,4,1,6,9,5,3
east,3,0,2,0,2,0
parcel,2,0,0,16,0,2
craigslist,1,0,0,0,0,0
purchaser,1,7,2,6,4,0
consultants,1,0,0,2,57,1
implications,1,0,1,1,1,2
embezzle,1,0,2,0,1,0
nm,1,0,0,1,2,4
repr,1,0,0,0,0,0
notation,1,0,7,5,10,9
crucial,2,1,1,2,0,2
lunch,4,0,1,5,8,1
pray,3,1,1,7,1,0
mr,1,0,11,2,0,0
banish,1,0,0,0,0,0
thx,1,0,0,2,0,1
backwards,2,0,0,2,0,3
lecture,1,0,0,0,0,0
reconcile,8,0,2,9,2,1
director,2,2,1,12,13,2
procession,1,0,0,2,0,0
hat,1,0,1,5,4,1
urgent,4,2,3,15,9,4
fifththird,1,0,0,0,0,0
unaccounted,3,0,0,3,0,0
endeavor,2,0,1,0,0,0
misrepresentations,1,1,1,12,5,0
integrity,4,4,4,14,5,12
platform,2,0,2,2,0,1
pitch,4,0,3,7,0,1
proceedings,9,4,4,81,52,3
commission,7,9,8,48,69,23
furnishers,3,1,7,1,18,27
investigators,7,1,2,4,16,1
soc,3,0,1,4,16,17
smallest,3,1,1,0,2,0
intense,1,0,0,0,0,0
unrealistic,1,1,0,3,0,0
telemarketing,1,0,5,0,0,0
costly,1,0,3,13,0,2
mechanical,2,6,0,0,0,0
allegedly,8,3,10,21,62,17
negotiaited,1,0,0,0,0,0
disgraceful,2,0,0,0,0,1
inconsistencies,1,0,2,4,5,1
closer,5,4,6,21,2,0
usual,11,7,6,15,2,2
et,1,2,2,19,15,15
fraudster,2,0,0,0,1,1
flux,1,0,0,1,0,0
inordinate,1,0,0,3,0,0
chip,17,0,11,0,0,0
distinctly,1,0,2,1,0,2
unqualified,1,0,0,0,0,0
disaster,2,0,0,16,9,1
meaningless,3,0,1,0,0,0
distinction,1,0,1,1,1,0
furious,3,2,4,5,4,3
poster,2,0,0,1,0,0
dead,2,2,3,12,10,10
shape,3,4,2,7,4,3
fathom,2,0,1,0,0,0
distraught,2,0,1,3,2,1
mn,3,1,0,11,16,7
decree,1,2,3,34,4,5
poc,1,0,0,3,0,0
tap,1,2,11,13,2,1
occupy,1,1,0,40,3,0
formality,1,0,0,2,0,0
testamentary,1,0,0,1,0,0
affadavit,2,0,1,0,2,2
profusely,2,1,3,2,1,0
upo,1,0,0,0,0,0
defamation,1,2,1,3,22,13
uncooperative,3,2,1,6,4,2
media,7,3,4,10,8,3
stipend,1,0,0,2,0,0
privately,1,0,1,1,1,2
fare,1,0,8,0,1,0
adequately,2,1,4,7,0,1
memo,2,0,2,6,0,3
provisionally,1,0,0,0,0,0
modern,1,0,0,0,4,0
era,1,0,0,1,0,0
modernize,1,0,0,0,0,0
unrespected,1,0,0,0,0,0
despise,1,0,0,1,0,0
goodness,1,0,0,0,1,0
plausible,1,0,0,0,1,0
heirlooms,1,0,0,0,0,0
aspect,1,1,2,1,1,3
encrypt,2,0,0,2,0,0
grill,1,0,0,0,0,0
facilities,1,0,0,0,5,3
niagara,7,2,2,0,1,0
keymoney,1,0,0,0,0,0
booklet,1,0,0,2,1,0
childhood,1,0,0,0,0,0
pub,2,0,0,1,0,0
contribute,2,0,2,17,2,1
hsas,1,0,0,0,0,0
congress,1,0,2,6,1,10
phishing,1,0,3,0,6,3
attack,2,4,2,7,16,2
nightmare,3,7,6,56,5,6
cellular,1,0,0,1,8,3
wow,1,0,2,4,3,1
rant,1,0,0,2,0,1
rave,1,0,0,0,0,0
distasteful,1,0,0,1,0,1
quietly,1,0,2,1,1,1
discipline,2,1,0,1,1,0
minerals,1,0,0,0,0,0
tradeline,1,0,2,2,10,13
forsee,1,0,0,0,0,0
buck,1,0,2,1,5,4
vital,1,0,2,0,3,5
shameful,1,0,1,2,0,3
accommodate,1,1,4,4,3,0
stanleys,1,0,0,0,0,0
environment,1,3,1,3,3,1
onlinexxxx,1,0,0,0,0,0
xxxxi,1,2,3,5,6,6
oregon,3,2,0,3,9,5
changeover,1,0,0,0,0,0
disrupt,1,1,0,1,2,0
remuneration,1,0,0,0,1,1
importance,1,1,0,4,2,1
deactivate,3,1,7,2,1,1
matiences,1,0,0,0,0,0
wellyou,1,0,0,0,0,0
spare,1,0,0,1,1,0
sleeves,1,0,0,0,0,0
commercially,1,3,0,0,0,0
formulate,1,0,0,2,0,0
comfortably,1,0,0,0,0,0
assests,1,1,0,0,0,0
experts,1,1,0,1,1,1
reveiw,1,0,0,1,1,0
justification,6,2,7,15,6,3
massive,2,1,4,4,3,4
bet,2,0,0,3,0,2
puttig,1,0,0,0,0,0
risky,1,0,1,5,2,0
etfs,1,0,0,0,0,0
horrid,1,0,1,0,0,0
inappropriate,4,2,7,12,17,7
discussions,4,1,2,9,3,1
requseted,1,0,0,0,0,0
equitable,1,1,0,4,3,3
dicussion,1,0,0,0,0,0
arch,1,0,0,0,0,0
ect,1,0,0,3,3,4
serveral,2,0,1,1,0,1
potentually,1,0,0,0,0,0
scandel,1,0,0,0,0,0
spit,1,0,0,1,0,0
entice,1,1,6,3,0,0
pm,5,0,1,17,4,0
colorado,5,0,3,20,13,14
suffic,1,0,0,0,0,0
ient,1,0,0,0,0,0
foresee,1,1,0,4,0,0
danger,2,0,1,13,5,1
ebanking,2,0,0,0,0,0
involuntarily,1,0,1,1,1,0
inbox,1,3,1,1,3,0
artist,2,0,3,3,3,0
purge,4,0,1,0,3,6
indefinitely,2,0,2,3,3,4
pleaseeee,1,0,0,0,0,0
warm,1,0,2,0,1,0
users,3,0,9,1,2,2
enhance,2,0,1,5,70,2
quarter,3,0,1,12,0,1
vacate,1,3,0,41,38,17
misinterpret,1,0,2,0,1,1
strenuous,1,0,1,0,0,0
collapse,1,0,0,6,0,4
professionally,1,2,2,10,0,1
up,2,1,5,12,8,2
coincidentally,2,0,0,1,0,0
maiden,1,0,4,1,8,6
edit,1,1,1,4,2,5
laptop,9,1,5,0,4,1
premature,1,0,0,0,0,0
jumbo,1,0,0,7,0,1
willfully,2,2,4,14,5,14
int,1,0,4,4,3,0
breacher,1,0,0,0,0,0
procaution,1,0,0,0,0,0
thruogh,1,0,0,0,0,0
recive,2,0,1,1,0,0
prestige,1,21,3,0,0,0
premier,1,0,7,6,7,3
hercitigold,1,0,0,0,0,0
sympathy,1,0,0,1,0,0
assertion,1,0,1,2,4,0
unwarranted,2,0,3,7,3,2
sequence,2,2,0,2,1,0
lap,2,0,0,1,0,0
horrific,1,1,0,5,3,0
educate,2,2,2,2,1,1
wachovia,7,0,6,25,1,0
seniority,1,0,0,0,0,0
pennsylvania,1,1,0,1,17,5
absolutly,1,0,0,0,1,0
confidential,3,3,3,7,8,5
informationdear,1,0,0,0,0,0
presently,3,1,1,11,0,3
chexsystem,2,0,0,0,0,0
calmly,1,0,1,0,3,0
accidents,1,3,0,0,1,0
thot,2,0,0,0,0,0
actively,3,3,4,19,10,5
jump,1,7,6,22,3,7
hoop,1,0,5,13,1,3
wary,1,1,0,1,1,0
pmi,3,0,0,249,1,0
inclusive,2,1,3,5,0,0
unjust,3,2,5,6,9,1
fruad,1,0,0,0,0,0
irregularity,1,0,0,0,0,0
taller,1,0,0,0,0,0
truth,7,12,10,58,13,19
hopeless,2,1,2,0,0,0
defective,5,4,7,10,1,3
terribly,1,1,1,3,1,3
retry,2,0,2,0,0,0
leech,1,1,0,0,0,0
unscrupulous,1,2,4,12,13,2
church,1,2,1,6,1,0
memorial,1,0,0,0,0,0
mass,3,0,1,8,2,0
accountholders,2,0,0,0,0,0
goal,1,2,3,18,4,5
nightclub,1,0,0,0,0,0
typo,1,1,2,3,0,0
misuse,3,0,8,2,1,5
cripple,3,0,1,2,2,0
sine,1,0,1,2,0,1
plainly,1,1,0,1,0,1
authorzied,1,0,0,0,0,0
wifi,2,0,0,0,2,0
pert,2,0,0,0,0,0
mount,1,2,1,7,0,0
amex,3,0,335,0,13,3
fabricate,4,0,4,17,17,3
allegitlly,1,0,0,0,0,0
ledge,1,1,0,0,0,0
retrieval,1,0,0,0,1,1
infor,1,0,0,1,0,2
portal,5,7,6,16,6,19
rich,1,0,0,2,0,2
questionable,2,2,2,14,7,8
mos,1,5,0,10,1,3
payer,2,0,1,3,0,0
bleed,1,0,0,2,0,0
dry,1,1,1,4,1,1
nonetheless,3,1,2,3,4,2
blablabla,1,0,0,0,0,1
ignoringrequests,1,0,0,0,0,0
filings,6,0,2,5,6,10
attorneylevels,1,0,0,0,0,0
sincexxxx,1,0,0,0,0,0
thisoffice,1,0,0,0,0,0
lawviolations,1,0,0,0,0,0
appropriatelevel,2,0,0,0,0,0
howcfpb,1,0,0,0,0,0
andcoordinating,1,0,0,0,0,0
thorough,2,0,3,9,1,7
dispositioning,1,0,0,0,0,0
cfpbdiscourages,1,0,0,0,0,0
tobe,1,0,0,0,0,0
isinvolving,1,0,0,0,0,0
intertwine,1,0,0,0,0,2
additions,1,0,0,2,0,0
tube,1,0,0,0,0,0
driveup,1,0,0,0,0,0
reservation,1,0,35,2,0,0
teammebers,1,0,0,0,0,0
liberties,2,1,0,3,0,0
validity,2,6,5,18,84,61
bsi,2,0,0,83,0,0
stall,1,2,3,43,9,8
everbank,15,0,0,5,0,0
versus,3,2,1,9,3,3
wise,1,1,5,3,7,1
brick,1,0,1,3,2,1
mortar,1,0,1,0,0,0
rec,1,1,2,21,8,0
postman,1,0,0,0,0,0
baby,2,1,1,9,4,0
diminish,2,2,0,2,1,1
restriction,2,0,10,8,0,1
royse,1,0,0,0,0,0
ale,1,0,0,0,0,0
bird,2,0,0,0,0,0
legan,1,0,0,0,0,0
takeover,1,0,0,3,0,0
manufacture,2,1,3,9,3,3
repossession,2,77,0,1,12,8
unneeded,1,0,0,0,0,0
unsuspecting,1,0,5,7,3,0
maturities,1,0,0,0,0,0
unreasonably,1,0,2,5,1,0
unusually,1,1,1,2,0,0
clause,3,1,4,21,12,4
incredulously,1,0,0,0,0,0
renewals,1,0,1,0,0,0
mistreatment,1,0,0,4,0,1
reap,1,0,2,1,0,0
unmerited,1,0,0,0,0,0
nauseate,1,0,0,0,0,0
hefty,1,0,3,5,1,0
ingrain,1,0,0,0,0,0
model,3,14,4,5,6,8
deceptively,1,1,4,4,3,1
innocent,4,1,1,7,5,3
shall,3,4,4,23,38,34
continuous,2,2,4,10,10,3
flop,1,0,0,1,0,0
weekdays,1,0,0,0,1,0
updater,2,0,0,0,0,0
xxxxthank,1,0,1,1,0,1
transcripts,1,7,1,15,2,2
appearance,2,1,0,3,3,1
atty,1,0,1,10,3,0
nonexistent,1,0,0,1,5,6
discriminatory,11,5,13,9,1,2
overzealous,2,0,1,0,1,0
faze,1,0,0,0,0,2
mgr,2,1,3,1,2,2
willingly,2,3,1,1,3,2
voluntarily,2,8,1,2,15,10
newest,1,1,1,3,1,1
tenant,7,0,0,39,40,14
incremental,2,0,0,0,0,0
surmise,2,0,0,0,0,0
disregard,1,3,7,36,13,24
punitive,1,1,1,9,8,7
happnens,1,0,0,0,0,0
dealership,1,151,2,0,10,12
leverage,1,1,1,0,2,2
illustrate,3,0,4,4,1,1
subtotal,1,0,0,0,0,0
deluxe,1,0,0,0,0,0
ldont,1,0,0,0,0,0
tack,2,5,5,19,1,2
ridicoulous,1,0,0,0,0,0
substitute,2,1,0,12,4,0
overly,1,1,0,1,2,3
strenuously,1,0,0,0,2,0
object,1,0,8,11,5,5
pc,2,0,1,4,15,0
equifax,3,6,3,2,6,1762
writer,2,0,0,4,0,1
overdue,2,7,18,23,13,5
cds,5,0,0,0,0,0
serval,2,0,1,2,0,0
rollover,1,0,0,0,0,0
legible,2,0,1,5,1,2
emblazon,1,0,0,0,0,0
perpetrate,1,0,5,6,1,2
stockholders,1,0,0,0,0,0
prison,3,0,3,4,7,1
executives,1,1,3,7,0,2
lifes,1,0,0,0,0,1
slammer,1,0,0,0,0,0
infinitum,1,0,0,1,0,0
clawback,1,0,1,0,0,0
malfeasance,1,0,0,2,2,0
invoke,1,0,3,2,2,0
motion,1,1,0,38,41,3
insuffivient,1,0,0,0,0,0
iss,1,0,0,0,0,0
everytrhing,1,0,0,0,0,0
shouldnt,1,1,1,2,3,2
tolerate,2,1,1,1,10,0
toe,1,0,1,0,0,0
blackmail,1,2,0,1,2,2
consultation,1,0,1,3,3,0
fishy,3,0,1,4,0,0
respectful,1,1,0,1,2,0
summery,1,0,0,2,0,0
cr,4,0,4,2,7,8
morally,2,0,0,2,2,1
unheard,1,1,0,3,2,0
capture,2,0,6,2,0,0
itthey,1,0,0,0,0,0
accountapparently,1,0,0,0,0,0
soonand,1,0,0,0,0,0
knowledgethey,1,0,0,0,0,0
authorizeor,1,0,0,0,0,0
fori,1,0,0,0,0,0
accountand,1,0,0,0,0,0
systemfor,1,0,0,0,0,0
yrs,1,7,9,45,29,33
land,1,0,4,43,10,5
creep,1,0,0,2,1,0
uddap,1,0,0,0,0,0
ruse,1,0,0,1,0,1
patrons,1,0,0,2,1,0
slush,1,0,0,0,0,0
consolidator,2,0,0,3,0,0
fraudulantly,2,0,1,1,1,2
xxxxxxxxxxxxto,1,0,0,0,0,0
scammer,1,1,0,1,4,0
xxxxrespectfullyxxxx,1,0,0,0,0,0
primarily,3,0,1,8,2,0
petty,2,0,1,0,0,0
flabbergast,1,3,0,0,2,0
restrictions,1,0,7,5,8,1
quarterly,2,0,1,5,0,4
unhackable,1,0,0,0,0,0
develop,2,4,3,7,2,1
mere,4,0,5,5,3,0
envelop,6,1,3,7,3,0
seal,1,0,1,6,13,6
fold,1,0,0,5,2,2
debut,1,0,0,0,0,0
thereof,3,0,0,6,9,6
adjudicators,2,0,0,0,0,0
infrequent,2,0,0,0,0,0
prima,2,0,1,0,1,0
facie,2,0,1,0,0,0
adjudicate,2,0,1,1,5,21
convey,1,2,1,15,4,0
spell,3,1,6,7,17,6
chit,1,0,0,0,0,0
responsive,2,1,4,13,0,5
shortfall,5,1,0,12,0,0
irresponsibility,1,0,0,0,1,0
malice,1,1,0,0,4,4
inactions,1,0,0,0,0,0
followup,1,0,0,6,2,1
remarkably,1,0,0,0,0,0
ideally,1,0,0,0,0,0
unprofessionalism,1,1,2,2,0,0
mute,1,0,0,0,0,0
maxed,2,0,9,2,0,3
wrongful,1,4,3,18,6,6
wrongfully,4,2,4,24,11,8
helpless,5,1,3,4,2,1
despicable,1,0,1,2,1,1
tougher,1,0,0,2,0,0
bicycle,1,0,0,0,0,0
deficit,1,0,0,4,0,0
happend,2,0,3,2,1,0
defer,1,20,30,47,5,10
bancorp,9,0,0,1,0,0
materialize,1,0,1,1,0,1
hurry,1,1,1,2,0,2
unapologetic,1,1,0,1,0,0
reassurance,3,0,0,2,0,0
oblige,1,0,1,4,1,2
everybody,1,1,1,3,5,1
saidthe,1,0,1,0,0,0
thrive,1,0,0,2,0,0
elite,2,0,1,0,0,0
stationary,1,0,0,1,0,0
themailer,1,0,0,0,0,0
recieving,1,0,2,1,1,1
reverese,1,0,0,1,0,0
claik,1,0,0,0,0,0
automobile,1,9,0,0,15,6
vehicles,1,19,1,0,3,4
mileage,2,25,13,1,3,0
phase,1,0,1,4,3,3
deploy,2,2,0,0,0,0
seas,2,0,0,0,0,0
preoccupy,1,0,0,1,0,0
tenure,1,0,1,1,0,1
unlike,2,0,5,1,2,0
aproched,1,0,0,0,0,0
bask,1,0,0,0,0,0
jus,1,0,1,0,0,0
supervisers,1,0,1,1,0,0
granddaughter,3,0,3,3,4,0
destination,1,0,1,0,0,0
thee,1,1,0,4,1,1
explaination,1,1,2,3,0,0
comericia,3,0,0,0,0,0
cancell,2,0,1,0,0,0
bussniss,1,0,0,0,0,0
provisanry,1,0,0,0,0,0
tenth,1,0,1,0,0,0
q,1,0,0,1,3,0
monrh,1,0,0,0,0,0
wan,1,1,1,2,2,0
sane,1,0,0,0,0,0
kinda,1,0,0,0,2,0
wgy,1,0,0,0,0,0
tu,2,0,0,0,0,19
jail,1,2,1,7,49,3
wiujdbt,1,0,0,0,0,0
nee,1,0,0,0,0,0
apart,3,8,3,8,10,5
advocate,1,0,4,19,4,10
patriot,2,0,2,0,1,0
inadvertently,2,1,4,7,1,3
resign,1,3,0,7,0,0
happene,1,0,0,0,0,0
letterhead,2,2,5,5,8,6
overdrawness,1,0,0,0,0,0
proprietor,2,1,0,0,0,1
analyst,2,0,10,4,0,0
sirs,2,0,3,7,1,0
bbb,2,0,2,5,11,5
expend,1,0,0,1,2,0
hunington,2,0,0,0,0,0
plust,1,0,0,0,0,0
fmb,1,0,0,0,0,0
amazement,1,0,1,0,0,3
captive,2,0,0,0,0,0
rank,1,1,1,3,1,2
hindrance,1,0,0,0,1,0
keybank,6,10,1,18,0,0
relocation,1,0,0,28,2,2
withholdings,1,2,0,0,0,1
origin,1,0,0,2,1,5
dictate,2,1,2,2,1,2
surpass,1,0,1,1,0,4
eschaet,2,0,0,0,0,0
regulatory,2,3,5,20,2,6
pawn,1,4,0,0,1,0
decent,1,4,0,5,3,6
savingaddress,1,0,0,0,0,0
xxxxu,1,0,0,0,0,0
setbacks,1,0,0,1,0,0
preview,1,0,0,0,0,0
inconvenient,3,1,0,3,4,1
rock,1,1,1,2,0,3
absurdly,1,0,3,2,0,0
representitive,1,0,0,1,1,0
extenstion,1,0,0,0,0,0
brand,2,9,16,5,6,6
hesitation,1,2,0,1,3,0
downhill,1,0,0,2,0,2
navigate,4,3,1,5,0,1
perplex,1,0,1,4,0,2
alien,1,0,0,0,0,0
underwrite,4,9,1,90,0,1
transparency,3,1,1,5,1,1
visible,3,2,3,2,1,5
oper,1,0,0,0,0,0
sesssion,1,0,0,0,0,0
belowwelcome,1,0,0,0,0,0
queue,1,0,1,4,0,0
infamous,1,0,0,0,0,0
shortterm,1,0,0,0,0,0
informal,1,0,0,3,1,0
smalldollar,1,0,0,0,0,0
economic,2,2,4,17,8,3
bankrate,1,0,0,0,0,0
wayto,1,0,0,0,0,0
prettty,1,0,0,0,0,0
acall,1,0,0,0,0,0
cmputer,1,0,0,0,0,0
introduction,2,1,0,2,1,0
slightly,1,6,3,11,3,3
root,1,0,2,1,1,1
pii,1,0,0,0,0,0
psychological,1,0,0,0,0,0
wellbeing,1,0,0,1,0,0
alongside,1,0,0,2,0,0
compound,1,3,7,16,4,2
degradation,1,0,0,0,0,0
instant,4,0,7,3,1,0
funeral,4,1,5,6,0,1
evidently,1,0,8,6,1,5
thread,1,1,0,3,0,2
theorize,1,0,1,0,0,0
telecom,2,0,0,0,1,0
socially,1,0,0,0,0,0
insecure,2,0,0,0,0,1
unsafe,1,0,2,3,2,0
identifications,1,0,0,0,0,0
remedial,1,0,0,0,0,0
innovative,2,0,0,0,2,0
improvement,1,1,6,5,0,4
dodd,1,0,3,30,4,4
frank,1,1,4,30,7,4
culprits,3,0,1,0,1,0
utter,2,0,2,4,3,1
byalleged,1,0,0,0,0,0
blood,1,1,0,0,2,1
pertain,4,2,14,32,31,23
americas,1,0,0,2,0,0
mor,1,0,0,1,0,0
underestimate,1,0,0,5,0,0
sufferer,1,0,0,0,0,0
illness,1,1,2,14,6,4
dearest,1,0,0,0,0,0
enlightenment,1,0,0,0,0,0
anticipate,3,0,6,16,1,0
reorganize,1,0,0,4,1,0
unwanted,3,1,3,3,0,2
tdbank,5,0,0,4,0,0
finaly,1,0,0,0,1,0
integration,2,0,0,0,0,0
piecemeal,1,0,0,0,0,0
integrate,1,1,0,0,6,0
unrelated,2,1,2,7,5,2
liberal,2,0,0,0,0,0
ii,1,1,3,13,9,13
bankcard,1,0,8,0,0,0
refrain,2,0,0,1,13,1
percent,1,16,17,28,2,5
carpet,1,0,0,6,9,6
freezer,1,0,0,0,0,0
garage,3,3,0,11,10,2
bath,2,0,0,3,0,0
bathroom,1,0,0,5,3,0
drywall,1,0,0,2,0,0
fireplace,1,0,0,2,0,0
folders,1,0,0,0,1,0
presumably,1,0,2,3,2,4
fullest,1,0,0,1,3,6
farther,3,0,0,1,0,1
xxxxbeause,1,0,0,0,0,0
weekendour,1,0,0,0,0,0
pendingand,1,0,0,0,0,0
thursdayis,1,0,0,0,0,0
countryi,1,0,0,0,0,0
overdrafti,1,0,0,0,0,0
bankyes,1,0,0,0,0,0
dollarsxxxx,1,0,0,0,0,0
accountdate,1,0,0,0,0,0
indicator,3,1,0,0,2,1
balancepending,1,0,0,0,0,0
xxxxxxxxposted,1,0,0,0,0,0
transactionsxxxx,1,0,0,0,0,0
authori,1,0,0,0,0,0
zed,1,0,1,0,0,0
ref,1,0,6,7,12,7
manhattan,2,1,0,0,0,0
tine,1,0,0,0,0,0
saga,1,0,0,3,0,1
auction,3,37,0,130,10,2
rebuttal,4,0,6,1,1,0
element,1,0,0,5,3,1
punishable,2,0,0,3,2,0
imprisonment,2,0,0,0,2,0
slimey,1,0,0,0,0,0
liars,1,1,1,3,6,1
toxic,1,0,1,4,0,0
homeloanhelp,1,0,0,0,0,0
bankofamerica,2,0,0,2,0,0
skate,1,0,0,0,0,2
billion,1,0,1,1,0,0
countrywide,3,0,0,30,6,0
prosecutors,1,0,0,0,0,0
concoct,1,0,0,0,1,0
whop,1,0,1,0,2,0
verdict,1,1,0,1,0,1
hustle,1,0,0,0,2,0
countrywid,1,0,0,0,0,0
southern,1,0,0,1,12,0
blog,1,1,0,3,0,0
widower,1,0,0,0,0,0
implore,1,0,1,3,0,1
callback,3,0,5,6,4,0
expat,1,0,0,0,0,0
fork,1,0,0,2,0,0
clown,1,1,0,2,0,2
bailout,1,0,0,9,0,0
reslove,1,0,0,0,0,0
purportedly,1,0,0,6,0,0
closeout,1,0,0,0,0,0
dp,1,0,0,0,0,0
cam,1,0,0,0,1,0
hiowever,1,0,0,0,0,0
massachusetts,1,2,0,9,7,0
treasurer,4,0,0,4,0,0
undo,2,0,1,7,3,0
promissory,11,7,0,22,17,5
honesty,1,1,1,2,4,9
whereby,3,2,3,8,0,2
pretense,1,1,0,3,1,0
intents,1,0,0,0,2,0
unusable,1,0,1,0,1,1
evenn,1,0,0,0,0,0
lately,4,3,1,2,3,2
dificult,1,0,0,0,0,0
wold,1,0,0,0,0,1
clothe,2,0,5,4,3,3
shelter,1,1,0,5,0,2
chg,1,0,2,0,0,0
hellofresh,1,0,0,0,0,0
unatuh,1,0,0,0,0,0
crs,1,0,0,0,1,1
pen,1,0,0,1,0,1
mode,1,0,3,8,2,2
freez,1,0,0,0,0,0
experian,5,4,7,4,11,1397
suspsend,1,0,0,0,0,0
depoists,1,0,0,0,0,0
suspeneded,1,0,0,0,0,0
supspended,1,0,0,0,0,0
server,4,0,0,4,17,4
closiong,1,0,0,0,0,0
reprieve,1,0,0,0,0,0
hot,1,1,0,1,1,0
evil,1,0,0,1,1,0
builders,1,0,0,2,0,0
frost,1,0,0,0,4,0
builder,3,0,1,31,1,0
misappropriate,1,1,0,4,0,1
mismanage,1,0,2,10,1,0
unsecured,2,5,9,10,10,0
tabbed,1,0,0,0,0,0
peroperly,1,0,0,0,0,0
hike,3,1,1,3,0,0
perfect,1,12,18,29,6,12
responce,1,0,5,1,1,1
subpoened,1,0,0,0,0,0
agenda,1,0,0,1,1,0
manifest,2,0,0,0,0,1
regain,2,0,1,5,4,1
keeper,1,0,0,0,1,0
domino,2,1,2,0,0,1
limitation,1,0,0,4,24,15
checklist,1,0,1,1,3,1
specialists,5,1,2,10,2,0
inquirie,1,0,0,0,0,0
aparace,1,0,0,0,0,0
stir,1,0,0,0,0,0
frad,1,0,0,0,0,0
whne,1,0,0,0,0,0
infomation,2,0,0,0,0,4
eariler,1,0,0,0,0,0
currancy,1,0,0,0,0,0
developments,2,0,0,3,1,0
absolute,2,1,4,15,10,3
recommendation,1,0,1,1,1,3
reprimand,1,0,0,4,1,1
foolish,1,0,0,0,1,0
morons,2,0,0,1,0,0
arraignments,1,1,0,0,0,0
mow,1,1,0,1,0,0
lawns,1,0,0,0,0,0
babysitting,1,0,0,0,0,0
barclaysbk,2,0,0,0,0,0
faceted,1,0,0,0,0,0
featuers,1,0,0,0,0,0
layout,1,0,2,2,0,0
recreate,1,0,0,1,0,0
dirty,2,0,0,3,3,3
chronological,1,0,2,0,0,0
notably,1,0,1,3,0,0
backoffice,4,0,0,0,0,0
visibility,1,1,1,0,0,0
sentence,3,1,3,13,5,4
moto,1,1,0,0,0,0
thr,1,0,0,1,1,0
efficiency,1,0,0,2,1,1
atlest,1,0,0,0,0,0
attain,1,0,0,2,0,1
idtheft,2,0,0,0,0,0
knownisbthat,1,0,0,0,0,0
thry,1,0,0,0,0,0
doings,1,0,0,1,0,0
rechecked,1,0,0,0,0,1
alia,1,0,0,0,0,0
season,1,0,5,6,5,1
pended,1,0,0,0,1,0
observable,1,0,0,0,0,1
disappeaered,1,0,0,0,0,0
frudulent,1,0,0,0,0,0
thisi,1,0,0,0,0,0
anti,1,1,1,4,2,3
savvy,1,0,2,5,0,0
foreigners,1,0,0,0,0,0
racist,1,0,0,3,0,0
penitentiary,1,0,0,0,0,0
afraid,2,2,3,29,14,5
north,1,3,4,23,12,4
carolina,1,7,2,21,14,3
supervisory,1,0,0,4,0,1
stupidly,1,0,0,0,0,0
dial,1,0,5,4,14,1
postage,2,1,4,9,2,2
serial,1,1,1,2,2,0
flee,1,1,0,1,0,0
emailer,1,0,0,0,0,0
nonsensical,1,0,1,0,0,0
simplest,1,0,0,0,0,0
oddity,1,0,0,0,0,0
authenticity,1,1,0,1,3,5
spam,1,2,3,1,3,2
dot,1,0,3,9,0,0
emailers,1,0,0,0,0,0
redundant,1,0,0,6,0,1
parameters,2,1,0,1,2,1
ideal,1,1,1,2,7,2
ration,1,0,0,3,1,0
superiors,1,0,0,0,1,0
realistic,1,0,0,4,0,0
fool,1,0,0,3,0,1
guidance,2,2,4,21,0,7
deception,3,3,14,15,13,3
insincere,1,0,0,1,0,0
postpone,2,0,0,72,3,0
edler,1,0,0,0,0,0
bike,1,0,1,0,0,0
hitch,2,0,0,0,1,1
comfort,1,0,0,2,0,0
compassion,1,1,1,1,1,0
degree,2,1,4,6,3,0
politly,1,0,0,0,0,0
fellow,3,0,1,2,2,0
elses,1,0,0,0,1,1
pos,2,0,0,0,0,0
uncollectible,2,0,2,0,2,0
carecredit,1,2,5,0,2,0
dark,2,3,3,9,1,4
forgiveness,1,2,0,20,9,3
uncheck,1,0,0,0,0,1
persuant,1,0,0,1,0,0
capitalization,1,0,0,6,0,0
natural,3,1,0,3,9,2
citizenship,1,0,0,0,0,0
slave,1,0,0,0,0,0
volunteer,1,0,0,3,0,2
slavery,1,0,0,0,0,0
joinder,3,0,0,2,0,0
fiction,1,0,1,0,0,0
reductionist,1,0,0,0,0,0
trickery,1,0,1,0,3,0
obfuscation,1,0,0,0,1,0
dispose,1,1,2,2,1,0
extortions,1,0,0,0,0,0
contradictions,1,0,0,1,1,0
fancy,1,0,0,0,0,0
repairable,1,1,0,0,0,0
collectible,1,0,0,1,7,1
uncollectable,1,1,2,3,0,1
prescription,1,0,1,2,1,0
accompany,1,1,4,6,3,3
navient,2,0,0,0,33,7
semester,2,1,0,1,7,0
query,2,1,1,4,2,2
magnetic,4,0,5,0,0,0
strip,2,0,2,8,2,3
upgrade,5,9,28,7,2,5
deliverance,1,0,0,0,0,0
sherriff,1,0,0,3,1,0
arbitrary,4,1,6,7,1,3
interactions,1,1,1,1,2,0
dose,1,0,0,0,1,0
girlfriend,1,1,3,2,5,2
banknorth,1,0,0,0,0,0
shutdown,1,1,2,2,0,0
accto,1,0,0,0,0,0
exhaustive,1,0,1,1,0,0
porch,1,1,2,6,1,0
capricious,1,1,1,1,0,2
enact,1,1,0,7,2,4
opm,2,0,1,0,1,0
sacramento,1,0,0,0,0,0
edd,1,0,0,0,0,0
tranfer,2,0,0,0,1,0
clam,1,0,1,1,1,0
tranferred,2,0,1,2,0,1
becase,1,0,0,0,0,0
om,1,0,1,5,2,1
tby,1,0,0,0,0,0
cyberattack,1,0,0,0,0,0
apolice,1,0,0,0,0,0
soft,2,2,3,6,3,11
suppress,1,0,0,1,1,3
arrearage,1,0,1,8,0,0
compny,2,0,0,0,0,0
afformentioned,1,0,0,0,0,0
demmanding,1,0,0,0,0,0
participation,1,1,0,7,3,1
signatories,1,0,0,0,1,1
bilateral,4,0,0,0,0,0
enablement,1,1,0,0,9,3
contactual,1,0,0,0,0,0
enablers,1,0,0,0,0,0
commision,2,0,0,1,14,0
disable,4,3,6,6,0,2
victimization,1,1,0,0,0,1
citizenry,1,0,0,0,0,0
hearby,1,0,0,0,0,0
unlawfully,2,1,2,5,10,8
aggrieve,1,0,0,1,0,0
misscarriage,1,0,0,0,0,0
volition,1,0,1,0,2,0
benifit,1,0,0,0,0,0
demmand,1,0,0,0,0,0
cessation,1,0,0,2,0,0
untill,2,0,3,0,0,0
amaze,2,1,2,6,2,2
moths,1,1,0,1,2,1
mile,2,2,6,3,1,0
inception,3,2,0,18,4,0
transcription,1,0,1,0,0,0
squeeze,1,1,3,1,1,0
cta,2,0,0,0,0,0
explicit,2,0,0,1,2,2
elevate,1,1,5,5,1,1
invitational,1,0,0,0,0,0
reconfirm,1,0,0,1,0,0
openings,2,0,0,0,1,0
enrollment,2,3,12,7,2,3
vip,1,0,0,0,0,0
duplication,1,0,0,0,0,1
airport,1,0,11,0,0,3
nevada,3,2,0,20,16,3
communities,1,0,0,1,1,1
classify,1,2,5,3,0,5
msb,2,0,0,0,17,0
rack,1,2,4,4,3,2
appauled,1,1,0,0,0,1
slide,1,0,1,3,1,1
scene,2,0,1,0,2,0
theres,1,2,0,4,1,5
hint,1,0,2,2,0,0
angery,1,0,0,0,0,0
legaly,1,0,0,0,0,0
mayby,1,0,0,0,0,0
capacity,1,1,2,8,1,1
expectancy,1,0,0,0,0,0
sixteen,1,0,0,1,1,1
mattress,4,2,0,0,0,0
mattresses,1,0,0,0,0,0
nothings,1,0,0,0,0,0
grey,1,0,0,0,0,0
duly,1,1,0,5,3,2
cart,1,0,0,1,0,0
outlets,1,0,0,1,2,0
soldier,2,0,0,3,1,0
theater,1,0,0,0,0,0
misinform,5,3,3,7,0,2
reapply,1,0,6,18,1,1
dispersal,1,0,0,0,0,0
illicitly,1,0,0,1,1,0
ordeal,3,3,2,15,1,1
preference,2,1,3,0,1,0
reoccur,1,0,0,0,0,0
interval,1,0,0,0,0,1
skirt,1,0,0,3,1,0
education,2,6,1,6,39,32
loophole,1,0,1,1,1,0
waivers,1,0,0,4,0,0
pdfs,1,0,1,0,0,0
curry,1,0,0,0,0,0
collaborate,1,0,0,2,2,1
retell,1,0,0,0,0,0
collctns,1,0,0,0,0,0
nominally,1,0,0,0,0,0
battle,1,1,2,19,5,7
sellers,2,2,5,31,1,1
phantom,1,0,1,3,1,0
tremendous,1,1,3,12,0,2
testify,1,0,0,2,3,0
disposal,1,2,1,1,0,1
tru,1,0,0,0,0,0
wensday,1,0,0,1,0,0
sulcus,1,0,0,0,0,0
wax,1,0,0,0,1,0
violence,2,0,0,1,3,0
abd,1,0,0,0,0,0
wound,1,0,0,0,0,0
warrior,1,0,0,0,0,0
pan,1,0,2,0,1,3
inadvertent,1,0,0,0,0,1
uncollected,2,0,0,0,2,1
insufficiency,1,0,0,0,1,0
predecessor,1,1,0,3,2,0
critically,1,0,0,0,0,0
conservatively,1,0,0,0,0,0
households,2,0,0,2,0,0
jpm,1,0,0,0,1,0
relationships,2,0,2,3,1,1
census,1,0,0,2,0,0
seniors,1,0,2,7,3,0
resistant,1,0,0,1,0,0
infrastructure,1,0,0,1,0,0
menu,1,0,1,0,4,2
patience,2,0,1,3,2,3
scan,6,3,6,16,5,4
systemand,1,0,0,0,0,0
fcu,2,0,0,0,0,0
amp,1,0,0,0,0,0
financedept,1,0,0,0,0,0
tolog,1,0,0,0,0,0
alsocalled,1,0,0,0,0,0
sheepishly,1,0,0,0,0,0
apt,1,0,0,0,8,4
color,1,2,6,3,4,0
coldly,1,0,0,0,0,0
mid,1,5,3,21,9,3
betray,1,0,0,1,0,0
interrogate,1,1,1,0,0,0
disrespectfully,1,1,1,1,0,0
remorse,1,1,0,2,0,0
buyback,2,1,0,0,0,0
largely,1,1,0,2,0,1
complicate,1,0,4,6,1,2
wfb,3,0,1,22,0,0
stone,1,1,3,1,2,0
scary,1,0,0,2,8,1
antagonize,2,0,0,2,0,0
encash,1,0,0,0,0,0
beside,2,2,1,2,2,2
disbelief,2,1,1,1,0,0
adults,1,0,0,0,1,0
unbelievable,1,3,3,5,4,2
relieve,1,2,1,10,0,1
everythings,1,0,0,0,0,0
dissapointed,1,1,0,0,0,0
gasoline,1,0,0,0,0,1
stressful,2,2,1,26,5,3
knowledgedt,1,0,0,0,0,0
yo,1,0,0,1,3,0
fundsyou,1,0,0,0,0,0
usmail,1,0,0,0,0,0
scribble,1,0,0,0,0,0
unsuitable,1,0,0,0,0,1
summarily,1,0,1,0,1,0
mitigate,1,1,6,5,7,1
nank,1,0,0,0,0,0
arealways,1,0,0,0,0,0
transgender,1,0,0,0,0,0
boys,1,0,1,7,0,1
lucky,1,1,1,2,1,0
smoothly,1,0,0,8,1,1
uncaring,1,1,0,5,0,0
worthiness,1,7,7,8,10,16
stake,2,2,0,2,0,0
abomination,1,0,0,0,0,0
inept,1,0,1,5,1,0
respective,2,1,1,1,0,3
attitudes,2,0,0,2,0,1
tem,1,0,0,0,0,0
bankrupt,2,0,1,11,10,9
nasty,2,3,2,10,15,6
rerouted,1,0,1,0,2,0
iberia,6,0,0,0,2,0
acc,1,1,6,0,15,36
amass,1,0,0,0,0,0
indebted,3,0,0,0,0,0
oneself,2,0,0,0,0,0
suite,1,0,1,3,3,0
distinct,2,0,1,1,0,0
transferable,1,0,0,0,0,0
harder,1,1,1,8,1,1
reoccurred,1,0,0,0,0,0
furnish,1,1,10,14,30,39
bda,2,0,0,0,0,0
untruths,1,0,0,0,0,0
unrendered,1,0,0,0,0,0
recharge,1,0,7,0,1,1
reproduction,1,0,1,0,1,0
casually,1,0,1,0,0,0
confidently,2,0,0,1,0,0
performance,6,2,3,7,7,0
extraordinarily,2,1,0,1,0,0
essential,1,1,2,6,0,2
contribution,1,0,0,5,0,0
resticted,2,0,0,0,0,0
loc,7,0,0,5,0,0
residual,2,2,4,1,1,3
clueless,2,1,2,1,0,1
dashboard,1,1,1,0,0,0
leniency,1,0,1,0,0,0
coordinator,1,0,0,2,1,0
cfr,1,0,0,11,5,1
subpart,1,0,0,2,0,0
tender,2,1,0,12,1,3
referal,1,0,0,1,0,0
negotiable,1,0,1,2,4,0
maritime,4,0,0,0,0,0
admiralty,1,0,0,0,0,0
offenses,1,0,0,1,1,0
vessels,1,0,0,0,0,0
oceans,1,0,0,0,0,0
callers,1,2,1,0,12,0
hateful,1,1,1,0,2,0
brutes,1,0,0,0,0,0
constitutional,1,0,0,5,0,1
pn,1,0,0,0,0,0
undeliverable,1,0,4,1,7,4
deficient,2,0,1,2,4,2
recieve,1,1,5,4,7,8
careful,2,3,4,5,7,5
activation,3,2,8,1,2,2
dr,2,0,0,0,5,2
accually,1,0,0,0,0,0
unauthorised,2,0,0,0,0,0
willi,1,0,0,0,0,0
elserly,1,0,0,0,0,0
neutral,1,0,0,0,0,1
monstrous,1,0,0,0,0,0
spreadsheet,2,1,1,5,0,0
brain,1,0,0,2,0,2
photograph,1,0,0,1,3,0
inaccurately,1,2,3,4,4,34
improvements,1,0,1,14,2,0
radio,1,0,2,3,3,0
successor,1,0,0,6,7,0
grieve,1,0,2,2,0,0
rescores,2,0,0,0,0,0
applicant,1,0,2,6,0,3
flexible,1,0,0,1,0,0
ssa,2,1,1,3,1,3
pmts,1,3,3,9,0,0
errored,1,0,0,0,0,1
argumentative,2,1,0,6,4,2
adress,1,2,0,0,0,2
citicorp,1,0,0,0,1,0
dangle,1,0,0,0,0,0
babysitter,1,0,0,1,0,0
monet,1,0,0,0,0,0
accomplishments,1,0,0,0,0,0
transcontinental,1,0,0,0,0,0
worte,1,0,0,0,0,0
woud,1,0,0,1,1,0
reapproved,1,0,0,0,0,0
gowth,1,0,0,0,0,0
proffer,1,0,0,1,4,0
continent,1,0,0,1,0,0
billers,2,0,1,0,0,1
berate,1,0,0,1,4,0
disruptions,1,0,0,0,0,0
disruptive,1,0,1,0,3,0
belligerent,1,0,1,0,7,2
slanderous,1,0,0,1,2,0
libelous,1,0,0,2,1,1
accreditation,1,0,0,0,0,0
xxxxoffice,1,0,1,0,0,0
currencyxxxx,1,0,0,0,0,0
xxxxxxxxxxxxhuntington,1,0,0,0,0,0
apple,2,0,1,0,3,0
ios,2,0,0,1,0,0
bug,1,1,2,1,3,0
conform,1,0,0,7,0,1
minnesota,2,0,0,7,9,3
deputy,1,4,0,1,1,1
ironically,2,0,3,1,1,1
grandchildren,1,0,0,1,0,0
intelligent,1,0,0,1,0,3
coherent,1,0,0,1,0,0
perceive,1,0,1,1,0,2
nickel,1,0,0,0,1,0
dim,1,0,0,0,0,0
redact,1,2,3,0,2,0
oversights,1,0,0,0,0,0
apropriate,1,0,0,0,0,0
hesitantly,1,0,0,0,0,0
turbulent,1,0,0,0,0,0
hurtful,1,0,1,2,0,0
accidental,1,1,2,0,1,0
sterling,3,0,2,1,1,1
rake,2,1,1,1,0,0
stamens,1,0,0,0,0,0
accured,1,0,1,1,0,0
jersey,5,5,2,17,6,3
crush,1,0,1,1,1,0
msg,1,0,0,2,3,0
nearby,1,0,1,1,0,0
unsuccessfully,1,1,3,8,0,3
incidence,1,0,1,0,0,0
travelers,1,0,2,1,0,0
fraudelent,1,0,0,0,0,0
affadavits,2,0,0,0,0,0
xxxxcfpb,1,0,1,0,0,0
xxxxxxxxcfpb,22,0,0,0,0,0
xxxxxxxxocc,1,0,0,0,0,0
xxxxscottrade,1,0,0,0,0,0
expensesi,1,0,0,0,0,0
flyers,2,0,0,0,0,0
shipment,1,0,7,0,1,1
accountpromotion,1,0,0,0,0,0
aftermeeting,1,0,0,0,0,0
requirementsand,1,0,0,0,0,0
todayand,1,0,1,0,0,0
illinoisand,1,0,0,0,0,0
hehas,1,0,0,0,0,0
xxxxpromotion,1,0,0,0,0,0
outabout,1,0,0,0,0,0
thedayit,1,0,0,0,0,0
meright,1,0,0,0,0,0
easliy,1,0,0,0,0,0
solicitate,1,0,0,0,0,0
lynch,7,0,3,1,1,0
ml,3,1,0,0,0,0
derive,1,0,2,5,4,2
deed,6,0,0,377,35,6
selene,5,0,0,96,0,0
lp,6,0,1,1,8,0
structural,1,0,2,8,0,0
demolition,1,0,0,0,0,0
grantor,1,0,4,5,8,6
noncompliance,1,0,2,3,5,6
meager,1,0,1,0,0,0
dire,1,2,0,3,1,0
straights,1,0,0,0,0,0
eternally,1,0,0,1,0,0
devices,1,0,0,2,4,2
interact,1,0,2,2,1,0
ons,1,2,0,1,0,1
depts,1,1,1,2,1,0
symptoms,1,0,0,0,0,0
ailment,1,0,0,0,0,0
logins,1,0,0,0,0,1
incidentally,1,0,1,3,2,0
bell,1,0,0,0,0,1
yeah,1,0,1,8,1,3
blindly,1,0,0,2,2,0
overrun,1,0,0,0,0,0
recouperate,1,0,0,0,0,0
ri,1,1,0,0,3,6
openly,2,1,1,1,1,3
students,1,0,4,2,6,2
severity,1,1,1,2,1,0
cybersecurity,1,0,1,0,0,0
databases,1,1,1,1,0,2
unencrypted,1,0,1,0,0,2
deficiencies,1,0,0,2,0,0
tip,1,0,2,7,1,1
techniques,1,0,1,0,1,0
reminder,2,7,7,3,10,0
elections,4,0,0,0,0,0
map,1,0,0,15,0,1
tab,1,0,5,0,0,0
inexcusable,1,1,0,2,1,2
exhib,1,0,0,0,0,0
ays,1,0,0,0,0,0
advisors,1,0,1,2,5,1
agreemen,1,0,0,0,0,0
bend,1,3,2,2,0,0
forthwith,1,0,2,1,1,1
bbvs,1,0,0,0,0,0
iowa,1,0,2,7,2,0
shore,1,0,0,2,1,1
lawn,2,0,1,3,2,1
transit,1,0,1,2,0,0
curiosity,1,0,0,1,0,0
wendsday,1,0,0,0,0,0
tenents,1,0,0,1,0,0
aloof,2,0,0,0,0,0
mabe,1,0,0,0,0,0
sensitivity,1,0,0,0,0,0
qualification,2,1,5,15,1,0
pal,1,0,27,0,2,0
pouch,1,0,0,0,0,0
gate,1,0,1,3,2,1
investagation,1,0,0,0,0,0
collateral,1,7,7,6,8,1
thirds,1,1,0,0,0,0
inherent,1,0,1,0,2,0
receivable,1,0,0,0,27,0
tracer,1,0,2,0,0,0
withthe,1,0,0,0,0,0
mei,1,0,0,0,1,0
idk,1,0,0,0,0,1
domy,1,0,0,0,0,0
offmy,1,0,0,0,0,0
doesnt,1,1,0,9,9,0
chargebacks,2,0,0,0,0,0
vengeful,1,0,0,0,0,0
difficluties,1,0,0,0,0,0
acccount,2,0,1,0,1,1
repond,1,0,0,0,0,0
bolier,1,0,0,0,0,0
plate,1,5,2,1,5,3
usurious,1,0,4,2,0,0
tol,1,0,0,0,0,0
unawareness,1,0,0,0,0,0
thefts,1,0,0,1,0,2
interim,1,5,2,5,2,1
moneygram,3,0,0,0,0,0
receiver,1,0,0,0,3,0
misfortune,1,1,0,2,0,0
refundable,1,0,8,8,2,1
decorate,1,0,0,1,0,0
exemplary,1,0,0,8,0,0
purely,2,1,2,1,1,1
idle,2,0,1,1,1,0
devour,1,0,0,0,0,0
dance,1,0,2,3,0,1
obamacare,1,0,0,0,1,0
identities,1,0,4,1,0,2
passively,1,0,0,1,0,0
vociferously,1,0,0,0,0,0
enemy,1,0,0,0,0,0
trustworthy,1,0,0,1,0,0
deep,1,0,0,4,0,1
commmunity,1,0,0,0,0,0
dislosure,1,0,0,0,0,0
remedied,2,0,0,2,1,0
wifes,1,0,0,2,4,2
unchecked,1,0,0,1,0,0
entryway,1,0,0,0,0,0
immediatedly,1,0,0,0,0,0
longstanding,1,0,0,1,0,0
loyalty,3,1,10,1,3,1
persued,1,0,0,0,0,0
clockwork,1,0,0,0,0,0
wfnfb,3,0,0,0,0,0
secretive,1,0,1,1,0,1
abatement,1,0,0,4,0,0
browser,1,1,2,1,0,3
remote,2,4,3,2,1,0
irate,1,5,0,0,5,0
hestated,1,0,0,0,0,0
reponsability,1,0,0,0,0,0
intervention,3,4,1,6,0,2
menace,1,0,0,0,0,0
subpeonas,1,0,0,0,0,0
jobless,1,0,0,0,0,0
headline,1,0,1,1,0,0
aspects,1,0,0,3,1,2
strangle,1,0,0,0,0,0
toilet,1,0,0,0,0,0
pleas,2,1,0,7,6,2
drown,1,0,0,6,0,0
drbt,1,0,0,0,0,0
summarize,1,0,1,3,1,0
outgo,5,0,1,0,0,1
confidental,1,0,0,0,0,0
installation,2,6,2,0,10,1
edeposit,1,0,0,0,0,0
advertisement,1,2,12,9,3,4
expand,1,0,1,3,1,0
retort,1,0,0,0,1,0
stricken,1,0,1,2,2,0
speechless,1,0,0,2,0,0
irra,2,0,0,0,0,0
recevied,1,0,0,0,0,1
notificaiton,1,0,0,0,0,0
assoicate,1,0,0,0,0,0
beneificary,1,0,0,0,0,0
assoicated,1,0,0,0,0,0
rampant,1,0,0,3,0,1
casual,1,0,1,0,0,0
bucket,1,0,0,2,0,0
inveistagtion,1,0,0,0,0,0
successive,2,0,0,0,0,0
feet,1,2,3,35,6,2
prioritize,1,0,0,0,0,0
timelines,1,0,1,5,0,2
noise,1,0,0,0,1,0
beep,1,1,1,0,0,0
headache,1,1,1,5,0,0
concrete,1,2,2,5,2,0
inconsistence,1,0,0,0,0,0
postings,2,1,0,0,0,1
engine,1,12,4,2,1,0
madame,1,0,0,1,1,0
falsify,3,3,1,14,8,10
sincerity,1,0,0,0,0,0
calm,1,1,1,3,6,1
saver,1,0,0,0,0,0
fringe,1,0,0,0,0,0
summaries,1,0,1,1,1,0
alittle,1,0,0,0,0,0
underpay,2,0,0,0,0,0
councillor,1,0,0,0,0,0
magically,1,1,2,1,2,1
repetitive,1,0,0,5,0,0
limbo,1,1,1,13,1,0
chess,1,0,0,0,0,0
timestamped,1,0,1,0,0,0
breakdown,1,6,1,40,20,3
eastwest,6,0,0,0,0,0
paystub,1,1,0,2,2,0
immigrants,1,0,0,0,0,1
xxxxdollars,2,0,0,1,0,2
finger,1,2,2,5,2,4
hoa,2,0,1,90,8,0
contingency,1,1,0,8,3,0
approximateiy,1,0,0,0,0,0
delinquency,1,26,32,58,44,115
revolve,3,0,15,7,4,33
santanderbank,1,0,0,0,0,0
versions,1,0,0,1,0,0
weird,1,2,1,5,7,5
deposite,1,0,0,0,0,0
dishonesty,1,1,1,3,1,0
sly,1,0,0,0,0,0
haters,1,0,0,0,0,0
sear,1,0,79,2,6,1
depot,1,4,34,26,7,0
intimidation,1,3,1,6,5,0
scissor,1,0,0,0,0,0
handy,1,0,1,1,1,0
assessment,1,0,1,27,6,0
tos,1,0,1,0,0,0
reception,1,0,0,2,4,1
currencies,1,0,0,0,0,2
colleague,1,0,1,1,4,0
guideline,1,0,0,10,1,1
billings,1,0,3,3,7,4
compan,1,0,0,2,0,0
glitches,1,0,1,1,0,0
coffee,3,0,1,0,2,0
uncommon,1,0,0,0,0,0
kansas,1,0,0,5,2,0
radius,1,0,0,2,1,0
rabobank,1,0,0,0,0,0
nmlsr,1,0,0,0,0,0
reloadit,1,0,0,0,0,0
pack,2,0,3,6,2,2
style,1,0,1,1,2,1
crack,1,2,1,4,2,1
iteration,1,0,0,1,0,0
critical,1,0,1,4,6,6
mediate,1,1,1,4,1,0
stead,1,0,0,1,2,0
todays,1,0,1,2,0,7
occupant,1,0,0,5,1,0
nh,1,2,0,7,0,2
abut,1,0,0,0,0,0
chump,1,0,0,0,0,0
agendas,1,0,0,0,0,0
definitive,1,0,0,1,1,0
overwrite,1,0,0,0,0,1
admin,1,1,1,1,5,1
teeth,1,1,1,2,0,0
nail,1,1,1,1,0,1
til,1,1,6,17,3,2
ascertain,1,1,1,2,7,1
receivershipchases,1,0,0,0,0,0
stae,1,0,0,0,0,0
controllers,1,0,0,0,0,0
vanish,1,0,0,2,0,0
fruitless,1,0,0,1,1,0
movement,1,0,0,12,2,0
dateline,1,0,0,0,0,0
capitolone,2,0,0,0,0,0
nonsense,1,0,1,3,3,1
bothxxxx,1,0,0,0,0,0
concede,1,0,1,1,0,0
recompense,1,0,0,0,0,0
thievery,1,0,1,1,1,0
club,18,10,18,0,8,1
gymnasts,1,0,0,0,0,0
compete,1,0,1,3,1,1
competitive,2,0,3,2,1,0
sport,1,0,3,1,1,0
turnover,1,0,0,0,0,0
fundraise,1,0,0,0,0,0
sessions,4,0,6,2,0,0
hall,2,0,0,3,0,3
fifteen,1,0,1,3,0,0
starter,1,1,2,0,0,0
frequency,1,0,5,1,6,1
aat,1,0,0,0,0,0
supected,1,0,0,0,0,0
embed,1,1,0,0,0,1
reader,2,0,2,1,0,0
prematurely,1,1,1,4,0,1
esponding,1,0,0,0,0,0
dposit,1,0,0,0,0,0
securitize,1,0,0,1,1,0
stipulation,1,1,1,5,6,0
incompitant,1,0,0,0,0,0
thursdays,1,0,0,0,0,0
custody,1,5,2,4,3,2
lier,1,0,0,0,0,0
tue,1,0,0,0,0,0
punishment,1,0,1,4,4,0
passive,1,0,0,1,0,0
passports,1,0,1,0,0,1
precisely,1,1,1,3,0,0
vehemently,1,0,0,3,0,0
traceable,1,0,0,1,0,0
simplify,1,0,1,4,0,0
hisdeceased,1,0,0,0,0,0
mymother,1,0,0,0,0,0
heraccount,1,0,0,0,0,0
bankaccounts,1,0,0,0,0,0
confess,1,0,2,2,0,1
fearful,1,0,0,4,2,0
prospect,1,0,1,3,1,0
fbifinding,1,0,0,0,0,0
indite,1,0,0,0,0,0
federalfunds,1,0,0,0,0,0
permissionhe,1,0,0,0,0,0
marital,1,0,0,6,3,0
thestolen,1,0,0,0,0,0
equalization,1,0,0,0,0,0
ofassets,1,0,0,0,0,0
requirementsrequested,1,0,0,0,0,0
iwould,1,0,0,1,0,0
asubpoena,1,0,0,0,0,0
tgan,1,0,0,0,0,0
ofinspector,1,0,0,0,0,0
andshe,1,0,0,0,0,0
totry,1,0,0,0,0,0
shirt,1,0,3,1,2,0
xxxxonline,1,0,0,0,0,0
handbag,3,0,0,0,2,0
clasp,2,0,0,0,0,0
zipper,1,0,0,0,0,0
nnumber,1,0,0,0,0,0
accustom,1,0,2,0,0,0
departure,1,1,1,0,0,0
sympathize,1,0,0,0,0,0
stale,6,0,0,0,1,1
ammassed,1,0,0,0,0,0
authorise,2,0,1,0,0,1
travesty,1,0,0,3,0,0
daze,1,0,0,0,0,0
headway,1,1,0,2,0,0
edt,2,0,0,0,1,0
pervasive,1,0,0,0,0,0
spar,1,0,0,0,0,0
illegible,1,0,1,2,1,7
disorganize,1,0,0,2,0,1
tamper,1,0,0,1,0,1
beneficial,7,1,2,20,3,0
illnesses,1,0,0,1,0,0
curt,1,0,2,0,1,0
doubtlessly,1,0,0,0,0,0
tons,1,0,4,6,4,1
missouri,1,3,0,3,8,0
confection,1,0,0,0,0,0
questionairre,1,0,0,0,0,0
tier,1,0,0,24,1,0
noteworthy,1,0,0,0,0,0
indifferent,1,0,0,0,0,0
refill,1,0,0,0,0,2
cid,1,0,0,0,0,0
ultimate,1,1,0,5,0,2
miraculously,1,0,0,1,0,2
thdre,1,0,0,0,0,0
printer,1,0,1,4,0,1
halt,1,0,0,4,8,1
artificially,1,0,0,1,2,2
boost,1,0,1,1,0,0
obscenity,1,0,0,0,0,0
representation,1,3,5,35,64,10
citibankdebit,1,0,0,0,0,0
definite,1,1,2,6,1,0
tappered,1,0,0,0,0,0
bering,1,0,0,0,0,0
residents,1,2,0,6,7,1
hood,1,2,0,1,4,1
disriminating,1,0,0,0,0,0
behaviour,1,0,0,0,0,0
aka,1,4,3,12,11,7
library,1,0,3,1,0,1
prosperity,1,0,0,0,0,1
aked,1,0,0,0,0,0
lol,1,1,0,2,1,1
ith,1,1,0,3,1,0
merger,1,0,0,6,1,1
escheated,1,0,0,0,0,0
exorbitant,1,0,5,11,6,1
wolves,1,0,0,1,0,0
units,1,1,1,10,2,1
auditor,1,1,0,2,0,2
chalk,1,1,0,2,0,0
grantee,1,0,0,4,0,0
executors,1,0,0,0,1,0
medically,2,0,0,2,2,1
unionbank,5,0,0,0,0,0
imy,1,0,0,0,0,0
memorize,1,0,0,0,0,0
replicate,1,0,0,0,0,0
transactional,1,0,0,0,0,0
vicinity,1,0,0,0,0,0
brclysbankde,3,0,0,0,0,0
thrice,1,0,2,0,0,0
indefinite,1,0,0,3,0,0
horrify,1,2,0,4,1,0
ugliest,1,0,0,0,0,0
cope,1,0,0,1,0,0
assistances,1,0,0,0,0,0
apartments,4,0,0,0,24,10
political,1,1,0,1,1,0
diapers,1,0,0,0,0,0
dumbest,1,0,0,0,0,0
doors,1,2,2,7,6,1
dog,1,0,2,5,7,1
secrecy,1,0,1,0,0,0
hade,1,0,0,1,1,2
credentials,1,1,9,1,1,2
visual,2,0,0,1,1,0
recount,1,0,1,2,0,0
recycler,1,0,0,0,0,0
vault,2,0,0,1,0,0
extant,1,0,0,0,0,0
reconciliation,1,0,2,3,0,1
bedridden,1,0,0,0,0,0
curtesy,1,0,0,0,0,0
preimiere,1,0,0,0,0,0
cs,1,1,3,6,1,1
echo,1,0,0,0,0,0
reflection,2,0,1,0,0,2
pigeonhole,1,0,0,0,0,0
everywhere,1,3,4,6,1,1
fiance,3,4,8,8,3,0
pma,1,0,0,0,0,0
shew,2,0,0,0,0,0
maneuver,1,1,0,0,1,0
recontacted,1,0,1,1,0,0
barclay,1,0,98,0,1,0
astute,1,0,0,0,0,1
guilty,1,2,1,7,12,6
plea,1,1,2,3,1,1
prosper,0,12,0,0,0,0
dig,0,1,1,7,4,1
unanswered,0,2,2,18,10,3
males,0,1,0,0,0,1
havea,0,1,0,0,0,0
workwith,0,1,0,0,0,0
inquiredabout,0,1,0,0,0,0
tome,0,1,0,0,0,0
whatwas,0,1,0,1,0,0
nodocumentation,0,1,0,0,0,0
beendiscriminated,0,1,0,0,0,0
eventold,0,1,0,0,0,0
arrangments,0,1,0,0,0,0
thehospital,0,1,0,0,0,0
anothermale,0,1,0,0,0,0
afemale,0,1,0,0,0,0
femalemanager,0,1,0,0,0,0
femalemanagers,0,1,0,0,0,0
explainedthat,0,1,0,0,0,0
explainedi,0,1,0,0,0,0
requesteddocuments,0,1,0,0,0,0
wasin,0,1,0,0,0,0
filingfor,0,1,0,0,0,0
copiesof,0,1,0,0,0,0
whichthey,0,1,0,0,0,0
distort,0,1,0,3,0,0
ford,0,68,0,1,2,2
motor,0,44,0,0,11,1
snaac,0,1,0,0,0,0
blatent,0,1,0,0,1,0
uac,0,2,0,0,0,0
deferment,0,21,0,9,2,12
republic,0,14,0,2,0,0
ech,0,2,0,0,0,0
jeopardy,0,4,3,9,10,5
dialer,0,2,2,2,7,0
conn,0,6,0,0,17,0
factra,0,1,0,0,0,0
tower,0,10,0,0,14,0
hound,0,3,3,5,8,0
repetitious,0,1,0,0,1,0
aprox,0,1,1,1,0,0
vin,0,13,1,0,0,0
tree,0,2,3,240,8,1
monthfor,0,1,0,0,0,0
consistantly,0,1,1,1,0,0
discoverd,0,1,0,0,0,0
premium,0,3,13,79,4,4
orginal,0,1,1,7,1,1
nuvell,0,1,0,0,0,0
repo,0,49,0,2,4,5
purchsed,0,1,0,0,0,0
tfc,0,1,0,0,1,0
agnecys,0,1,0,0,0,0
hyundai,0,32,0,0,5,0
racket,0,2,0,4,1,0
factory,0,3,1,0,0,0
congratulations,0,1,3,4,0,1
jd,0,1,0,0,0,0
byrider,0,2,0,0,0,0
storm,0,2,5,11,1,1
deductible,0,5,2,7,8,1
astonishment,0,1,0,1,0,0
tens,0,1,1,4,0,0
cunstomer,0,1,0,0,0,0
ruder,0,2,0,0,0,0
asst,0,1,0,1,2,0
asuch,0,1,0,0,0,0
extremes,0,1,0,0,0,0
rampantly,0,1,0,0,0,0
adjusters,0,1,0,1,17,0
consolidate,0,4,10,9,7,19
necessity,0,1,0,3,1,1
suckers,0,1,0,0,0,0
onemain,0,21,0,1,2,1
conscience,0,1,0,1,0,0
manthyl,0,1,0,0,0,0
premiums,0,5,1,23,5,1
resonable,0,1,0,0,1,0
trgfising,0,1,0,0,0,0
voilating,0,1,0,0,0,0
recordings,0,1,7,9,15,3
contempt,0,1,0,4,2,2
coutt,0,1,0,0,0,0
springleaf,0,23,5,11,0,0
automation,0,1,0,0,0,0
behin,0,1,0,0,0,0
aloe,0,1,0,0,0,0
frankly,0,2,5,3,4,5
patch,0,1,0,0,1,2
afl,0,3,0,0,0,0
overtime,0,1,1,5,2,0
mechanic,0,7,6,3,0,0
dealerships,0,5,0,0,0,2
hardworking,0,1,0,1,0,0
aide,0,1,0,0,1,0
path,0,4,1,6,1,3
reportings,0,1,1,2,0,3
quo,0,1,1,2,0,0
loaner,0,2,0,1,2,0
sour,0,1,0,0,1,1
dealings,0,2,1,10,8,2
impossibilities,0,1,0,0,0,0
displease,0,1,0,1,2,0
adamantly,0,1,1,1,0,0
honda,0,79,0,0,0,0
theu,0,1,0,0,1,0
exempt,0,7,1,11,11,1
wrecker,0,1,0,0,0,0
tow,0,31,4,0,13,4
repose,0,11,0,0,0,1
repossess,0,91,1,4,14,6
documentations,0,1,1,6,4,3
buick,0,1,0,0,0,0
lacrosse,0,1,0,0,0,0
cx,0,3,0,0,0,0
rod,0,1,0,0,0,0
knock,0,1,1,5,5,3
muffler,0,2,0,0,0,0
warranty,0,42,22,5,3,7
deferments,0,2,0,0,1,0
budge,0,3,2,4,0,0
cashnetusa,0,3,0,0,5,0
dental,0,6,5,2,6,1
triple,0,2,2,10,6,1
universal,0,2,9,3,5,2
gap,0,46,5,10,1,7
paided,0,2,0,0,3,0
rue,0,1,0,1,0,0
threating,0,1,1,0,10,0
monterey,0,9,0,0,3,0
tub,0,7,0,1,1,0
functional,0,1,2,3,3,2
drainage,0,2,0,2,0,0
sewerage,0,1,0,0,0,0
announcement,0,3,0,1,0,0
nissan,0,81,0,0,7,0
customerxxxx,0,1,0,0,0,0
mexxxx,0,1,0,1,0,0
repoed,0,2,0,0,0,1
lobel,0,6,0,0,0,0
inconsiderate,0,1,0,2,1,0
beings,0,1,0,1,0,1
nope,0,1,1,2,0,0
lebal,0,1,0,0,0,0
repoe,0,1,0,0,0,0
owec,0,1,0,0,0,0
cuz,0,1,0,0,0,0
rear,0,4,1,7,4,0
ot,0,1,1,6,0,0
lemon,0,7,1,0,1,0
prejudice,0,1,4,11,3,3
prolong,0,2,2,21,0,2
gm,0,42,7,0,1,0
citifinanical,0,1,0,1,0,0
citifinancial,0,4,0,13,2,0
westlake,0,38,0,0,0,0
sporadically,0,1,1,0,0,1
californian,0,1,0,0,0,0
dby,0,1,0,0,0,0
calculators,0,1,0,0,0,0
pernicious,0,1,0,0,0,0
clearance,0,1,3,1,12,4
drivetime,0,9,0,0,0,0
courteousy,0,1,0,0,0,0
off,0,8,1,4,5,8
tile,0,2,0,5,1,0
midatlantic,0,2,0,0,1,0
maf,0,21,0,0,0,0
sticky,0,1,0,0,0,0
twelve,0,1,0,3,1,1
remiss,0,1,0,0,0,2
heirloom,0,1,0,0,0,0
ez,0,1,0,2,1,0
particulars,0,2,1,1,2,0
mart,0,4,6,0,0,0
colonial,0,2,0,0,1,0
mths,0,3,0,2,0,0
repeatidly,0,1,0,1,0,0
misrepresentation,0,4,4,14,17,6
suddens,0,1,0,0,0,0
pymts,0,2,1,0,1,0
coarse,0,1,0,1,0,1
drasicly,0,1,0,0,0,0
askto,0,1,0,0,0,0
mi,0,6,2,23,8,6
chrysler,0,40,0,0,6,0
affirmation,0,1,0,4,0,0
reaffirmation,0,5,0,10,0,1
ish,0,1,0,1,0,0
economy,0,2,5,21,5,1
icalled,0,1,0,1,0,0
doj,0,1,4,20,5,2
damanges,0,1,0,0,0,0
overpay,0,5,18,12,3,1
gmac,0,11,0,44,6,0
xxxxpast,0,1,0,0,1,0
girl,0,4,2,7,7,1
barley,0,1,0,0,0,0
porsche,0,5,0,0,0,0
statutory,0,2,0,22,5,4
statutorily,0,1,0,1,0,0
orchestrate,0,1,2,3,1,0
angrily,0,1,0,0,1,0
uncertain,0,1,3,5,10,1
logistical,0,1,0,0,0,0
ubank,0,1,0,0,0,0
obtainment,0,1,0,0,0,0
grudge,0,1,0,0,0,1
stem,0,2,1,8,6,3
deduce,0,1,1,0,0,0
deleterious,0,1,0,0,0,0
mariner,0,5,0,0,1,0
forme,0,1,0,0,0,0
ge,0,11,28,2,7,0
mgrs,0,1,0,1,2,0
dirt,0,1,1,0,2,1
avant,0,21,0,0,4,0
essentials,0,1,0,1,0,0
withh,0,1,0,0,0,0
harrassed,0,1,0,0,7,0
finallly,0,1,0,0,0,0
promissary,0,1,0,2,0,0
accidently,0,2,0,0,0,1
xas,0,1,0,0,0,0
linesby,0,1,0,0,0,0
ride,0,1,3,7,2,0
mmmmmmmm,0,1,0,0,0,0
documentsand,0,1,0,0,0,0
advsied,0,1,0,0,1,0
idefenltily,0,1,0,0,0,0
scare,0,4,1,4,9,1
tricky,0,1,2,0,0,0
reiissuing,0,1,0,0,0,0
dismissal,0,4,0,6,5,6
nervous,0,2,2,3,7,0
fallowing,0,1,0,0,0,0
advices,0,2,0,0,0,0
midway,0,1,0,0,1,0
belittle,0,3,2,3,4,0
restructure,0,3,0,15,0,0
appreciative,0,2,1,2,0,0
locally,0,1,3,1,2,1
madness,0,1,0,0,0,0
toyota,0,74,0,0,3,5
repossesed,0,1,0,0,0,0
plaintiffs,0,1,0,3,4,0
deniedcredit,0,1,0,0,0,0
counsel,0,7,10,70,27,8
collectively,0,1,1,5,1,0
vow,0,2,0,1,0,0
expeditious,0,1,1,3,0,0
anguish,0,1,0,3,0,1
exeter,0,20,0,0,1,0
coworker,0,1,1,1,6,1
emerge,0,1,0,3,1,0
commute,0,2,0,0,1,0
tmcc,0,1,0,0,0,0
unaffordable,0,1,0,9,1,0
personel,0,1,0,1,0,0
nephew,0,3,0,0,4,5
religiously,0,3,2,3,1,0
giggle,0,1,0,0,0,0
wfds,0,15,0,0,0,1
wds,0,1,0,0,0,0
pink,0,3,2,0,1,0
grip,0,1,1,0,0,0
extensively,0,1,3,4,1,1
pinkslips,0,1,0,0,0,0
greensky,0,2,0,0,0,0
hasnt,0,1,0,1,2,1
jazz,0,1,0,0,0,0
mercedes,0,20,0,0,2,0
benz,0,13,0,0,2,0
mbfs,0,15,0,0,0,0
mbrace,0,1,0,0,0,0
restock,0,3,6,0,2,0
liens,0,2,1,41,6,69
judgements,0,2,0,4,5,6
midland,0,1,3,2,262,8
traditionally,0,1,0,2,0,0
jr,0,1,0,0,1,1
payoffs,0,1,1,10,0,0
fmc,0,4,0,0,0,0
disagreement,0,1,1,0,0,1
enquire,0,1,1,3,1,0
redo,0,1,1,15,0,1
tfs,0,7,0,0,0,0
unlimited,0,1,6,1,5,0
mississippi,0,2,0,0,3,1
ld,0,1,0,8,1,0
cra,0,2,8,3,19,85
mbf,0,2,0,0,0,0
dba,0,12,0,7,7,1
defamatory,0,3,0,0,0,2
lates,0,7,3,20,2,16
volkswagen,0,8,0,0,0,0
vw,0,16,0,0,0,0
diesel,0,2,0,0,0,0
participants,0,1,0,2,0,0
aggregate,0,1,0,1,0,0
inure,0,1,0,0,0,0
civic,0,2,0,0,0,0
sc,0,7,1,8,8,4
extensions,0,3,0,22,1,2
axis,0,1,0,0,0,0
nation,0,2,1,62,2,1
pale,0,1,0,1,0,0
transport,0,1,0,0,4,1
win,0,4,6,6,6,2
cac,0,4,0,0,0,0
plat,0,7,0,2,2,0
wass,0,1,0,0,0,1
dully,0,1,0,0,0,0
horribly,0,1,1,5,3,1
comers,0,1,0,0,0,0
odyssey,0,1,0,0,0,0
ocer,0,1,0,0,0,0
habe,0,1,0,0,0,0
dischsrged,0,1,0,0,0,0
dramatically,0,4,0,7,2,2
downturn,0,1,0,5,1,0
continental,0,1,5,5,8,0
scra,0,1,8,2,1,4
jetta,0,1,0,0,0,0
inducement,0,2,1,2,0,0
emissions,0,6,1,0,0,0
defeat,0,2,0,2,2,1
rescission,0,3,0,49,5,0
suspension,0,1,5,1,3,1
reportingthe,0,1,0,0,0,0
typos,0,1,0,2,0,1
bankruptcies,0,2,2,4,1,29
noone,0,3,4,3,2,3
salesman,0,19,2,0,0,1
salespeople,0,1,0,0,0,0
hardest,0,2,3,20,2,0
monster,0,1,1,0,0,0
tragedies,0,1,0,0,0,1
wheelchair,0,2,0,0,0,0
yard,0,5,10,9,4,0
substantially,0,2,2,13,2,0
mask,0,1,0,0,1,1
addeding,0,1,0,0,0,0
notifing,0,1,0,0,0,0
wasen,0,1,0,0,0,0
autocheck,0,1,0,0,0,0
unforeseen,0,1,0,6,4,0
proccessed,0,1,0,0,0,0
veros,0,3,0,0,0,0
instutions,0,1,0,0,0,0
subprime,0,1,1,8,1,0
paymant,0,1,0,0,0,0
princable,0,1,0,0,0,0
subdividion,0,1,0,0,0,0
ssntander,0,1,0,0,0,0
comp,0,2,0,6,6,2
renogotiate,0,1,0,0,0,0
tge,0,1,1,0,0,0
tske,0,1,0,0,0,0
repos,0,1,0,0,0,1
surgeons,0,1,0,0,0,0
therapy,0,1,0,1,2,0
lein,0,1,1,3,5,3
specifications,0,2,0,2,0,0
earnest,0,1,1,30,4,1
van,0,6,2,4,5,6
men,0,5,3,4,4,0
cps,0,1,0,0,1,0
mazda,0,6,0,0,0,0
nullify,0,1,3,1,1,0
verge,0,2,0,2,0,3
franklin,0,2,0,12,12,0
conatact,0,1,0,0,0,0
presidents,0,2,0,0,0,0
dealers,0,14,0,0,0,5
ripoff,0,1,1,0,2,1
reposession,0,1,0,0,0,0
omni,0,8,0,0,0,0
referrals,0,1,0,1,0,1
nfu,0,1,0,0,0,0
stutter,0,1,0,0,1,0
immunity,0,1,0,0,0,1
tribal,0,2,0,0,3,1
portals,0,1,0,0,2,0
acura,0,2,0,0,0,0
mdx,0,1,0,0,0,0
amortize,0,3,0,13,0,0
inequity,0,1,0,0,0,0
salesperson,0,3,2,1,0,2
fender,0,1,0,0,0,2
bender,0,1,0,0,0,2
postdate,0,3,0,0,0,0
autodraft,0,9,0,3,0,0
favorable,0,5,2,7,1,2
nominal,0,1,0,1,1,0
snapshot,0,1,3,0,0,0
instability,0,1,0,2,1,0
pompous,0,1,0,0,0,0
increments,0,1,1,0,1,1
overstep,0,1,0,1,0,0
boundaries,0,1,0,1,1,0
dis,0,1,1,5,0,2
inuance,0,1,0,0,0,0
ey,0,1,0,1,1,0
di,0,1,0,11,1,0
payi,0,1,0,0,0,0
injustice,0,5,2,7,5,0
defend,0,2,4,25,20,2
glennon,0,2,0,0,0,0
eagle,0,2,2,1,4,0
bigger,0,2,2,4,1,2
sedan,0,1,0,0,0,0
optaine,0,1,0,0,0,0
genera,0,1,0,0,0,0
upside,0,4,0,17,1,0
bleak,0,1,0,0,0,0
utmost,0,1,2,3,0,1
undertake,0,1,1,4,1,0
atleast,0,1,2,1,1,0
mayments,0,1,0,0,0,0
councler,0,1,0,0,0,0
infofreedom,0,1,0,0,0,0
loanb,0,1,0,0,0,0
dinked,0,1,0,0,0,0
jack,0,2,2,3,3,0
transmission,0,6,0,1,2,2
axles,0,1,0,2,0,0
wheel,0,3,0,4,0,0
bearings,0,2,0,0,0,0
ck,0,3,0,4,0,1
xxxxand,0,1,2,1,0,1
fri,0,2,1,1,2,0
bridgecrest,0,3,0,0,1,0
misapply,0,4,2,22,2,0
renegotiate,0,3,0,1,1,0
hostile,0,2,5,2,9,1
beadbeat,0,1,0,0,0,0
grossly,0,2,4,17,1,6
borrower,0,14,2,294,9,3
wilshire,0,2,0,0,0,0
reposition,0,1,0,0,0,0
fdcpa,0,7,2,20,268,50
frca,0,1,0,0,0,14
irreparable,0,2,1,2,2,3
injuries,0,3,0,8,4,1
extraordinary,0,1,0,1,1,1
underwater,0,2,0,19,0,1
cosigner,0,1,0,1,11,6
ibr,0,5,0,1,0,0
installments,0,6,3,11,5,4
disclaimers,0,1,1,0,0,0
faqs,0,1,0,0,0,1
graduation,0,2,1,0,1,1
waver,0,2,0,0,0,0
mcmc,0,3,0,0,0,0
mike,0,1,0,0,0,0
carlson,0,1,0,0,0,0
paydate,0,2,0,0,0,0
phome,0,1,0,0,0,0
amd,0,2,1,0,2,1
docuemtnation,0,1,0,0,0,0
condor,0,6,0,0,0,0
dissolve,0,1,3,3,0,0
fewer,0,1,3,1,0,0
smell,0,1,0,1,0,0
oil,0,5,5,0,1,1
vent,0,2,0,0,1,0
antifreeze,0,1,0,0,0,0
coolant,0,1,0,0,0,0
curse,0,3,0,2,3,0
thet,0,2,1,1,2,1
superviser,0,2,0,1,1,0
speedpay,0,2,0,1,0,0
reversel,0,1,0,0,0,0
recognition,0,1,0,2,1,0
prequalified,0,2,2,1,0,0
commitment,0,2,5,21,3,2
loanme,0,9,0,0,0,0
se,0,1,0,2,4,0
nmls,0,3,1,12,0,0
steep,0,3,2,0,0,0
reestablish,0,3,0,1,1,1
laron,0,1,0,0,0,0
sevond,0,1,0,0,0,0
despair,0,1,1,2,1,0
boat,0,4,2,2,8,1
farm,0,2,3,20,3,0
wealthy,0,1,0,2,1,0
lvnv,0,5,2,1,36,0
ace,0,3,0,0,9,0
racism,0,1,0,0,0,0
independent,0,3,6,20,9,11
anothrer,0,1,0,0,0,0
upstate,0,1,0,0,1,0
jelousy,0,1,0,0,0,0
texted,0,2,2,0,1,0
grandkid,0,1,0,0,0,0
conception,0,1,0,3,0,0
unjustifiable,0,1,0,2,1,2
kia,0,6,0,0,1,0
cute,0,1,0,0,0,0
dealship,0,1,0,0,0,0
alow,0,1,0,0,0,0
exceptionally,0,1,1,0,0,0
overprice,0,1,0,2,0,0
siad,0,1,0,0,0,0
xxxxfdcpa,0,1,0,0,0,0
lawfully,0,2,0,5,4,8
insurances,0,3,0,11,1,1
compute,0,4,1,3,1,0
deletions,0,1,0,0,0,3
correspondences,0,1,2,8,6,4
resold,0,5,1,4,5,3
abilities,0,1,2,0,2,3
entirety,0,1,5,8,4,9
ave,0,3,1,3,2,0
halfway,0,1,0,1,0,0
doctrine,0,1,3,1,0,1
isolate,0,1,3,5,0,0
comprehensive,0,2,0,3,0,0
maxx,0,2,4,0,0,0
found,0,1,0,4,0,1
lockhart,0,2,0,0,2,0
morris,0,2,0,0,1,0
montgomery,0,2,1,0,3,0
installers,0,1,0,0,2,0
shorten,0,2,0,1,0,1
manipulations,0,1,0,0,0,0
acceleration,0,1,0,9,7,0
odessey,0,1,0,0,0,0
minivan,0,1,0,0,0,0
hfs,0,13,0,0,1,0
atone,0,1,0,0,0,0
inaccuracy,0,2,1,1,2,14
wfc,0,7,0,0,0,0
arr,0,1,0,0,0,0
cdv,0,3,0,0,0,0
originaly,0,1,1,0,0,0
kickbacks,0,1,0,4,0,1
coal,0,1,0,0,1,0
allocate,0,7,10,9,0,1
allocation,0,2,12,4,0,1
allocations,0,1,2,0,0,0
reallocation,0,1,0,5,0,0
realization,0,1,0,2,0,0
cashnet,0,1,0,0,0,0
beware,0,3,0,2,0,2
reaffirm,0,5,1,20,2,5
petition,0,1,0,17,5,27
delers,0,1,0,0,0,0
badly,0,2,3,7,2,11
castle,0,3,0,4,0,0
rename,0,1,1,0,1,0
biweekly,0,1,0,13,2,0
chevy,0,4,0,0,0,0
traverse,0,1,0,0,0,0
eletronic,0,1,0,0,0,0
sandtander,0,1,0,0,0,0
workout,0,1,1,24,0,0
super,0,3,3,5,4,5
beforehand,0,1,1,0,3,0
rediculious,0,1,0,0,0,0
santanders,0,7,0,0,0,0
consolidation,0,9,2,1,14,5
calculator,0,3,0,2,0,0
comxxxxrate,0,1,0,0,0,0
resultsthe,0,1,0,0,0,0
aprxxxx,0,1,0,0,0,0
xxxxxxxxready,0,1,0,0,0,0
nowvisit,0,1,0,0,0,0
callxxxxxxxx,0,1,0,0,0,0
udaap,0,1,6,5,3,0
infer,0,1,0,2,1,0
therein,0,1,2,0,1,1
wreck,0,5,6,3,5,0
interruption,0,2,0,2,1,0
emission,0,3,1,0,0,0
lienholder,0,2,0,1,0,0
cadillac,0,2,0,0,0,0
cts,0,1,0,0,0,0
azdfi,0,1,0,0,0,0
roadloans,0,2,0,0,0,0
disinterested,0,1,0,2,1,0
pathetic,0,1,0,0,0,1
assitance,0,1,0,0,0,0
williams,0,3,1,0,10,0
fudge,0,3,0,0,7,0
bursar,0,2,0,0,0,0
starters,0,1,1,0,1,0
academic,0,1,0,0,0,0
healthcare,0,1,2,1,8,0
poverty,0,1,1,2,1,0
economically,0,1,1,1,0,0
unnacceptable,0,1,0,0,0,0
comprable,0,1,0,0,0,0
aspirations,0,1,0,0,0,0
definitively,0,1,0,0,1,2
unfounded,0,1,0,2,0,1
unconstitutional,0,1,0,0,1,0
spiritual,0,1,0,1,0,0
facilate,0,1,0,0,0,0
surgery,0,1,5,3,4,3
flagship,0,2,0,0,3,0
jeep,0,9,0,0,3,0
wrangler,0,1,0,0,0,0
buyout,0,4,1,4,1,0
xxxxmonth,0,1,0,1,0,0
serverly,0,1,0,1,0,0
towork,0,1,0,0,0,0
manor,0,2,1,3,1,0
phyisaclly,0,1,0,0,0,0
adviser,0,4,1,4,0,0
santader,0,1,1,0,0,0
unsigned,0,2,5,7,2,0
vechicle,0,2,0,0,0,0
discarged,0,1,0,0,0,0
apprear,0,1,0,0,0,0
decode,0,1,0,0,0,0
unrated,0,1,0,0,0,0
bkpy,0,3,0,0,0,0
discounters,0,9,0,0,0,0
fallow,0,1,0,0,0,0
arty,0,1,0,0,1,0
servicemember,0,2,0,0,0,0
affraid,0,1,0,0,0,0
bust,0,2,0,2,0,0
themxxxx,0,1,0,0,0,0
doc,0,2,3,25,11,4
freehold,0,1,0,0,0,0
navigator,0,3,0,0,0,0
passengers,0,1,3,0,0,0
outwardly,0,1,0,0,0,0
ccccccccccc,0,1,0,0,0,0
beureau,0,1,0,0,0,0
inquirer,0,1,0,0,0,1
stoop,0,1,0,1,0,0
toyotas,0,1,0,0,0,0
callbacks,0,1,0,0,0,0
leaders,0,1,2,1,0,0
outbound,0,1,1,0,0,0
battery,0,6,0,0,1,0
tooth,0,1,0,0,0,0
wireless,0,2,2,1,14,3
thirdly,0,2,0,2,0,0
possessions,0,1,0,3,3,0
reminders,0,1,0,1,1,0
heatedly,0,1,0,0,0,0
phonecall,0,1,0,0,0,0
proactively,0,1,1,3,0,0
enhancement,0,1,0,3,0,1
scratch,0,5,1,5,3,1
ficticious,0,1,0,1,1,0
wiff,0,1,0,0,0,0
predict,0,1,0,0,0,0
werent,0,1,1,1,0,0
offereing,0,1,0,0,0,0
greenlit,0,1,0,0,0,0
bomb,0,1,0,1,1,0
horrifyingly,0,1,0,0,0,0
underwriters,0,1,1,46,0,0
heavy,0,1,2,7,1,3
accent,0,2,6,3,3,4
disclaim,0,1,0,1,0,0
dine,0,1,0,0,0,0
diivision,0,1,0,0,0,0
finanacial,0,1,0,0,1,0
southeast,0,2,0,0,1,0
relentlessly,0,2,1,1,3,0
null,0,6,0,9,7,2
precaution,0,1,2,0,1,0
nissanfinance,0,1,0,0,0,0
nmac,0,5,0,0,4,0
tempoe,0,2,0,0,0,0
origination,0,8,0,55,2,5
lendind,0,1,0,0,0,0
whit,0,1,0,3,1,0
translator,0,1,0,0,0,0
kays,0,1,12,0,0,0
jewlers,0,1,1,0,1,1
misplacsed,0,1,0,0,0,0
conspirator,0,1,1,2,5,0
coconspirator,0,1,0,0,0,0
disparity,0,1,0,0,0,1
bmw,0,18,0,0,0,0
incidences,0,1,1,1,0,0
nver,0,1,0,1,0,0
driveway,0,2,0,5,2,0
replevin,0,1,0,1,0,0
command,0,2,2,3,1,0
aproached,0,1,0,0,0,0
ridicule,0,2,0,2,1,0
bum,0,1,1,0,1,0
turbo,0,1,0,0,0,0
tittle,0,3,0,1,2,0
harrassing,0,2,1,3,15,0
desperation,0,1,1,7,0,1
hun,0,1,0,0,0,0
theme,0,1,0,0,0,0
lendmark,0,4,0,0,1,0
tila,0,8,0,35,5,1
tarnish,0,1,1,5,5,1
againsr,0,1,0,0,0,0
unrmployed,0,1,0,0,0,0
sercurity,0,1,0,0,0,0
orignal,0,1,1,0,4,0
utilities,0,3,3,24,14,5
harress,0,1,0,0,0,0
firmly,0,1,1,1,4,2
titlemax,0,1,0,0,0,0
walkthroughs,0,1,0,0,0,0
customize,0,1,0,0,0,0
robust,0,1,0,1,0,0
rubbish,0,1,0,0,0,0
manageable,0,2,2,3,0,0
south,0,5,0,5,13,2
finanicial,0,2,0,0,0,0
ward,0,2,5,1,1,0
appectance,0,1,0,0,0,0
cnac,0,2,0,0,9,0
grad,0,1,0,0,0,2
counselor,0,1,2,59,4,1
surprisingly,0,2,2,4,1,0
accelerate,0,2,1,15,9,0
deflect,0,2,0,3,0,0
unjustified,0,1,4,1,0,1
lendingpoint,0,1,0,0,0,0
ondebt,0,1,0,0,0,0
odometer,0,8,1,0,0,0
secretary,0,1,0,7,9,6
rim,0,6,0,0,0,0
interior,0,4,1,15,1,0
exterior,0,2,1,10,0,0
kit,0,1,3,0,0,0
windshield,0,1,0,0,1,0
sidewalls,0,1,0,0,0,0
ats,0,1,1,0,1,0
bald,0,1,0,2,3,0
financer,0,1,0,1,0,0
nefarious,0,2,1,1,0,2
concur,0,1,1,1,2,1
loanmart,0,5,0,0,0,0
folder,0,2,1,3,1,2
bal,0,1,14,2,2,14
windows,0,2,9,12,2,0
salvage,0,5,0,1,1,0
dependable,0,1,1,0,0,0
griefs,0,1,0,0,0,0
professionalism,0,1,0,10,3,3
deragotory,0,1,0,0,0,0
graduate,0,2,2,4,8,4
xxxxandxx,0,1,0,0,0,0
cu,0,1,0,1,0,2
tohelp,0,1,0,0,0,0
methe,0,1,0,0,0,0
egible,0,1,0,0,0,0
fromthem,0,1,0,0,0,0
agoi,0,1,0,0,0,0
perpetrators,0,1,1,0,0,0
corolla,0,2,1,0,0,0
keyless,0,2,0,0,0,0
fob,0,2,0,0,0,0
gmfnancial,0,1,0,0,0,0
thrill,0,2,0,2,0,0
ladder,0,1,4,1,1,0
breath,0,1,0,1,0,0
hardpull,0,1,0,0,0,0
funny,0,1,3,6,1,2
sthe,0,1,0,0,0,0
xxxxally,0,1,0,0,0,0
xxxxxxxxwhat,0,1,0,0,0,0
staycar,0,1,0,0,0,0
xxxxit,0,1,0,1,0,0
staythis,0,1,0,0,0,0
stopsappears,0,1,0,0,0,0
stayno,0,1,0,0,0,0
bankgmac,0,1,0,0,0,0
meetinggmac,0,1,0,0,0,0
mouse,0,2,0,2,0,1
disparate,0,2,2,1,0,1
worksheets,0,1,0,0,0,0
unlucky,0,1,0,3,0,0
retake,0,1,0,0,0,0
oppress,0,1,0,0,3,1
scream,0,3,1,4,10,2
lungs,0,1,0,0,0,0
rulers,0,1,0,0,0,0
shackle,0,1,0,0,0,0
tyrannical,0,1,0,0,0,0
oppressors,0,1,0,0,0,0
sho,0,1,0,0,0,0
derogatoryxxxx,0,1,0,0,0,0
bexxxx,0,1,0,0,0,1
dramge,0,1,0,0,0,0
phony,0,2,1,1,5,2
coupons,0,3,5,4,2,0
pmt,0,4,2,30,6,0
tweet,0,1,0,0,0,0
notofication,0,1,0,0,0,0
resposible,0,1,0,0,1,0
irregardless,0,2,0,0,0,0
notifation,0,1,0,0,0,0
synchhrony,0,4,0,0,0,0
hellomy,0,1,0,0,0,0
mywife,0,1,0,0,0,0
missedone,0,1,0,0,0,0
reportthe,0,1,0,0,0,0
equifaxany,0,1,0,0,0,0
appreciatedxxxx,0,1,0,0,0,0
bumper,0,4,2,0,1,1
leg,0,1,0,1,0,3
gateway,0,7,0,12,0,1
istheresa,0,1,0,0,0,0
xxxxyrs,0,1,0,0,0,0
taht,0,1,0,2,0,0
chunk,0,1,0,2,3,0
proud,0,1,2,1,1,0
infiniti,0,20,0,0,0,0
oddly,0,2,1,3,1,2
impeccably,0,1,0,0,0,0
selective,0,1,0,0,0,0
infinity,0,1,0,0,0,1
substandard,0,1,0,2,0,0
zone,0,1,4,21,5,3
somber,0,1,0,0,0,0
wonderful,0,1,2,3,1,2
grave,0,1,0,3,3,3
leaf,0,1,0,0,0,0
obnoxious,0,1,1,2,4,0
constructive,0,1,0,3,3,0
concealment,0,1,1,1,1,0
deceit,0,2,2,0,9,2
tantamount,0,1,0,2,0,0
vulgar,0,1,0,0,0,0
profanity,0,1,0,0,2,0
therend,0,1,0,0,0,0
essive,0,1,0,0,0,0
therting,0,1,0,0,0,0
throes,0,1,0,0,0,0
bmwf,0,3,0,0,0,0
leeway,0,1,2,0,0,0
enrichment,0,1,0,4,2,0
udap,0,3,0,2,1,0
materially,0,1,0,0,0,1
penfed,0,20,4,19,0,0
operatives,0,1,0,0,0,0
pretexting,0,1,0,0,0,0
mirror,0,1,0,1,3,1
tucson,0,1,0,0,0,0
rogers,0,1,0,0,0,0
attribute,0,1,1,3,4,1
erc,0,1,0,0,57,1
ai,0,1,0,0,3,1
communicationconsumer,0,1,0,0,0,0
semi,0,1,5,3,0,0
venue,0,3,0,2,21,2
lexus,0,3,0,0,0,2
monthhly,0,1,0,0,0,0
autotrakk,0,1,0,0,0,0
predation,0,1,0,0,0,0
trakk,0,1,0,0,0,0
advisd,0,1,0,0,0,0
resposnible,0,1,0,0,0,0
fardo,0,1,0,0,0,0
amendment,0,2,0,7,1,2
serice,0,1,0,0,0,0
amendements,0,1,0,0,0,0
contend,0,2,1,6,5,3
affirm,0,1,1,5,3,3
fusion,0,2,0,0,0,0
firstly,0,1,2,1,5,0
sop,0,1,0,0,0,0
committment,0,1,0,1,0,0
hail,0,3,0,10,0,0
responsiblity,0,1,0,1,1,0
concedered,0,1,0,0,0,0
repossed,0,5,0,1,0,1
ideel,0,1,0,0,0,0
balanc,0,1,0,0,0,0
theyre,0,3,0,1,1,1
tahoe,0,1,0,0,0,0
capone,0,1,1,0,0,0
malfuction,0,1,0,0,0,0
astronomical,0,2,0,2,1,1
amicably,0,2,1,3,2,4
infliction,0,2,0,1,0,1
oath,0,1,0,4,2,10
reckless,0,1,0,1,2,2
wanton,0,1,0,0,0,2
litigious,0,1,0,0,0,8
repossessions,0,1,0,0,0,3
corps,0,1,0,1,0,0
risa,0,1,0,0,0,0
mvisa,0,1,0,0,0,0
resale,0,2,0,3,0,0
theoretically,0,1,1,0,1,0
commonwealth,0,8,0,1,42,1
jarods,0,1,0,0,0,0
diamond,0,1,2,0,0,0
customary,0,1,0,6,1,1
glitch,0,3,12,6,1,34
sagestream,0,3,0,0,0,0
caliber,0,1,0,249,0,0
h,0,3,3,11,13,2
remarkable,0,1,1,0,0,1
xs,0,1,1,2,2,0
carelessly,0,1,0,0,0,0
boast,0,2,0,0,0,0
scold,0,1,1,0,0,0
trait,0,1,0,0,0,0
misspeak,0,1,0,0,0,0
vine,0,1,0,0,0,0
steele,0,1,0,0,0,0
pleace,0,1,0,0,0,0
earitated,0,1,0,0,0,0
athorityes,0,1,0,0,0,0
excruciate,0,2,0,2,0,0
xxxxcredit,0,1,0,0,1,8
tla,0,2,0,1,0,0
speakerphone,0,1,0,1,1,0
malisciously,0,1,0,0,0,0
redaction,0,1,0,0,0,0
encumber,0,1,0,2,0,0
unencumbered,0,1,0,0,0,0
tenet,0,1,0,0,0,0
shortcut,0,1,0,0,0,0
mb,0,1,0,5,1,0
otc,0,1,0,0,0,0
consummate,0,1,0,5,0,1
suv,0,7,0,0,0,0
rm,0,1,0,2,9,0
ncp,0,1,0,0,0,0
classaction,0,1,0,0,1,0
desputing,0,1,0,0,1,0
sence,0,1,1,1,0,0
moters,0,1,0,0,0,0
housenote,0,1,0,0,0,0
unsubstantiated,0,1,0,5,2,1
displace,0,1,0,10,0,0
callcenter,0,1,0,0,0,0
drone,0,1,0,0,0,0
robotically,0,1,0,0,0,0
spiel,0,1,0,0,0,0
deplorable,0,1,1,1,2,1
disreputable,0,1,1,0,0,0
stagger,0,1,1,0,0,0
brochures,0,1,1,0,0,0
inclination,0,2,0,0,0,1
egs,0,1,0,0,1,0
metro,0,3,0,1,3,0
offensive,0,1,3,1,5,1
assignee,0,1,2,1,8,0
gamache,0,1,0,0,0,0
meyers,0,1,0,0,0,0
temps,0,1,0,0,0,0
traffic,0,1,1,1,9,1
tide,0,2,0,1,0,0
shady,0,2,8,11,11,4
reviewd,0,1,0,0,0,0
misconception,0,1,0,0,0,1
repossetion,0,2,0,0,0,0
negotiaring,0,1,0,0,0,0
variation,0,1,0,0,0,2
lengthier,0,1,0,0,0,0
charage,0,1,0,0,0,0
flexibility,0,1,1,2,1,0
ore,0,1,0,0,4,2
comings,0,1,0,1,1,0
thexxxx,0,1,0,0,0,1
thy,0,2,0,2,2,1
harrased,0,1,0,1,2,0
mud,0,1,0,2,1,0
hartless,0,1,0,0,0,0
monsters,0,1,0,0,0,0
hondas,0,1,0,0,0,0
medium,0,2,0,0,1,0
genuine,0,1,3,2,4,0
multiples,0,1,1,1,3,0
insidious,0,1,0,0,1,0
feelings,0,1,1,0,0,0
garnishments,0,1,1,1,19,0
deside,0,1,0,0,0,0
wastold,0,1,1,1,0,0
asinine,0,1,0,0,0,0
servicesxxxx,0,1,0,0,1,1
xxxxaccount,0,1,1,1,4,3
z,0,2,2,21,2,0
objection,0,1,0,8,1,0
zenco,0,1,0,0,2,0
seizure,0,1,0,1,3,0
incarceration,0,1,1,1,0,0
copayments,0,1,0,0,0,0
dedt,0,1,0,0,0,0
syncb,0,1,11,0,3,2
sd,0,1,7,3,1,3
albeit,0,2,0,1,1,0
seventy,0,1,0,0,0,0
finical,0,2,0,1,2,0
bigpictureloans,0,1,0,0,0,0
amt,0,3,4,11,4,1
tick,0,2,0,1,1,0
iron,0,1,1,0,0,0
ecr,0,4,0,0,0,0
span,0,1,2,3,3,2
reengage,0,1,0,0,0,0
heck,0,2,1,7,0,0
coincidental,0,1,0,0,0,0
gun,0,1,1,0,2,0
unfruitful,0,1,0,0,0,0
hadnt,0,1,4,0,0,1
unyielding,0,2,0,0,0,0
intimadate,0,1,0,0,0,0
ltv,0,1,0,49,0,0
refaxed,0,1,0,3,0,0
singular,0,1,0,0,0,0
substance,0,2,0,2,1,0
abuser,0,1,0,0,0,0
untold,0,1,1,1,2,0
citifinanceial,0,1,0,0,0,0
mustang,0,13,0,1,0,0
separately,0,3,6,12,2,7
prank,0,1,0,0,1,0
fairer,0,1,0,0,0,0
gon,0,2,3,5,8,0
beeb,0,1,0,0,0,0
carhop,0,1,0,0,0,0
mechanics,0,1,0,4,0,0
lame,0,1,1,0,0,1
magnuson,0,1,0,0,0,0
wholesale,0,1,1,3,0,0
allegation,0,1,1,2,8,1
deferral,0,2,0,10,0,0
weekk,0,1,0,0,0,0
carmax,0,3,0,0,0,0
fouind,0,1,0,0,0,0
merge,0,1,3,9,5,13
reliably,0,1,1,1,0,0
glaze,0,1,0,0,0,0
flashlights,0,1,0,0,0,0
nonpayment,0,1,2,2,5,2
expression,0,1,0,0,0,0
sonata,0,2,0,0,0,0
flex,0,1,1,0,0,0
amortization,0,2,2,26,0,0
recuperate,0,1,1,0,3,0
nonstop,0,1,0,0,9,0
fastcash,0,3,0,0,0,0
switchboard,0,1,0,0,0,0
thick,0,1,0,3,0,1
alledged,0,1,0,0,1,1
svcs,0,1,1,1,15,0
combat,0,1,0,0,0,1
furnace,0,2,0,1,1,0
mcs,0,9,0,0,0,0
urs,0,2,0,1,0,0
communicative,0,1,0,2,1,0
deductibles,0,1,0,1,0,1
airbag,0,2,0,0,0,0
diagnose,0,5,3,16,6,0
repurchase,0,1,0,2,0,0
persuing,0,1,0,0,1,0
multipme,0,1,0,0,0,0
defame,0,1,0,1,3,3
ddc,0,7,0,0,0,0
perdium,0,1,0,0,1,0
hungry,0,1,0,0,0,0
suitable,0,1,1,2,1,0
tri,0,1,0,0,0,2
dwellings,0,1,0,0,0,0
winter,0,1,1,10,3,0
redline,0,1,0,1,0,0
predominantly,0,1,0,0,0,0
forwarder,0,1,0,0,0,0
comsumers,0,1,0,0,0,2
camper,0,2,0,0,0,0
profanities,0,1,0,0,0,0
nowadays,0,1,0,0,0,0
bieng,0,1,0,0,0,1
benifits,0,2,0,1,0,0
arrangment,0,1,0,0,0,0
byt,0,1,0,0,0,0
allotment,0,1,0,0,1,0
caucc,0,1,0,0,0,0
provied,0,1,0,0,0,0
mistyping,0,1,0,0,0,0
wated,0,1,0,0,0,0
requiste,0,1,0,0,0,0
ironic,0,1,0,3,1,0
realise,0,1,1,1,0,0
prius,0,1,0,0,0,0
hybrid,0,3,0,0,0,0
responsiveness,0,1,0,2,0,0
metal,0,2,1,2,0,0
mutiple,0,1,0,0,1,1
spefically,0,1,0,0,0,0
ecstatic,0,1,0,1,0,1
clerical,0,3,1,8,1,0
supposingly,0,1,0,0,0,0
peculiar,0,1,1,0,0,0
itemization,0,2,0,13,28,1
itemize,0,3,7,25,43,4
concurrently,0,1,0,0,0,0
newer,0,1,1,2,5,3
humans,0,1,0,1,0,1
hd,0,5,0,0,0,0
retroactively,0,1,9,4,0,3
egg,0,10,0,0,0,0
enjoy,0,2,10,5,3,3
reduction,0,4,15,116,1,2
pill,0,1,0,1,0,0
motivate,0,1,2,3,1,0
bat,0,1,0,0,4,0
inputted,0,1,2,3,0,0
disqualify,0,1,4,2,1,2
stereotype,0,1,0,0,0,0
recertification,0,1,0,3,0,0
recertifying,0,1,0,0,0,0
ratios,0,1,0,4,0,0
spoiler,0,2,0,0,0,0
miscommunications,0,1,1,0,0,0
rausch,0,2,1,0,0,0
sturm,0,2,1,0,0,0
isreal,0,1,0,0,0,0
enerson,0,2,1,0,4,0
hornik,0,2,2,0,0,0
israel,0,1,1,0,0,0
stunt,0,1,1,2,1,0
pro,0,1,4,7,9,1
rotten,0,1,0,2,0,0
rationales,0,1,0,0,0,0
concerens,0,1,0,0,0,0
precautions,0,1,1,0,1,0
pic,0,1,0,4,0,0
passenger,0,1,0,0,0,0
conditioner,0,1,1,2,0,2
onset,0,1,0,6,0,0
tom,0,1,0,1,0,0
aggression,0,1,0,1,0,0
confrontational,0,1,0,2,2,0
vandalism,0,1,0,3,0,0
reflectedxx,0,1,0,0,0,0
payonline,0,1,0,0,0,0
everyother,0,1,0,0,1,0
thenreappears,0,1,0,0,0,0
hasbeen,0,1,0,0,0,0
oneauto,0,1,0,0,0,0
zerobalance,0,1,0,0,0,0
bankruptcydischarge,0,1,0,0,0,0
thingtrying,0,1,0,0,0,0
orhaving,0,1,0,0,0,0
reportingincorrect,0,1,0,0,0,0
theincorrect,0,1,0,1,0,0
artists,0,2,0,0,0,0
theat,0,1,0,0,0,0
unexpectedly,0,1,2,3,3,1
disperse,0,1,0,4,1,0
forthcoming,0,1,4,8,5,1
paymen,0,1,1,1,0,0
decedents,0,1,0,0,0,0
react,0,1,1,2,0,0
abhorrent,0,1,1,0,0,0
maternity,0,1,0,0,1,0
hostility,0,2,0,0,2,0
rudeness,0,1,1,2,2,0
resoultion,0,1,0,1,0,0
todate,0,2,0,2,1,0
fess,0,1,2,3,0,0
bump,0,1,2,3,0,1
inquireies,0,1,0,0,0,1
council,0,1,0,7,3,3
dereliction,0,1,0,0,0,0
par,0,2,1,4,0,1
industries,0,1,2,1,0,2
ameriloan,0,1,0,0,0,0
username,0,1,1,2,0,3
nationwide,0,1,0,12,11,2
scc,0,1,0,0,0,0
cov,0,3,0,0,0,0
statues,0,2,0,5,3,7
perpetually,0,1,1,0,0,0
hwy,0,1,0,0,0,0
bribe,0,1,0,1,0,2
hereinafter,0,1,0,5,7,0
hca,0,8,0,0,0,0
herein,0,1,4,5,2,9
execution,0,2,2,4,7,1
barrage,0,1,0,0,0,0
stipulate,0,2,2,12,7,3
practical,0,1,0,2,0,0
bombard,0,1,1,1,0,1
incessant,0,2,0,1,0,0
prayer,0,1,0,1,0,0
royally,0,1,0,1,0,0
paymatics,0,5,0,0,0,0
elligible,0,1,0,0,0,0
usc,0,2,2,6,64,36
seq,0,1,0,13,13,6
advisement,0,1,1,2,0,1
investigage,0,1,0,0,0,0
rubber,0,1,1,0,2,0
minorities,0,4,1,1,0,5
sienna,0,1,0,0,0,0
intoa,0,1,0,0,0,0
altima,0,4,0,0,0,0
nisan,0,1,0,0,0,0
suck,0,1,2,2,1,2
chargeable,0,1,0,2,1,0
principles,0,1,0,4,1,1
scandalous,0,1,0,0,0,0
beiing,0,1,0,0,0,0
interst,0,2,1,2,0,0
forty,0,1,0,2,0,1
obniously,0,1,0,0,0,0
dang,0,1,0,0,0,0
uber,0,1,0,0,0,0
dti,0,1,2,11,0,0
concurrent,0,1,3,0,2,1
insolvency,0,1,1,0,2,0
_____,0,1,0,0,1,0
downsize,0,1,1,4,1,0
be,0,1,0,0,0,1
mis,0,1,10,20,4,1
cheeper,0,1,0,0,0,0
belive,0,1,0,1,0,0
lake,0,1,1,0,0,0
supplement,0,1,3,12,1,1
ditech,0,2,0,528,8,0
clout,0,1,0,0,0,0
somewhat,0,2,3,3,3,2
voc,0,1,0,0,0,0
domain,0,1,1,1,0,1
safekeeping,0,1,0,0,0,0
swarm,0,1,0,0,0,0
chassy,0,1,0,0,0,0
summation,0,1,0,0,0,0
differential,0,1,0,0,1,0
pipe,0,1,1,3,0,0
axil,0,1,0,0,0,0
acquiesce,0,1,4,0,0,0
abate,0,1,1,0,0,0
tragedy,0,2,2,2,0,0
hunt,0,1,1,1,4,1
infinitely,0,1,0,0,0,0
expert,0,2,2,7,1,1
ocwenloans,0,1,0,0,0,0
ocwen,0,1,0,1189,41,1
knowledgeable,0,2,2,5,2,1
technological,0,1,0,0,0,0
objective,0,1,2,1,0,0
vwalhambra,0,1,0,0,0,0
pump,0,1,9,4,0,0
freeway,0,1,0,0,0,0
misc,0,2,0,13,0,0
pyramid,0,1,2,1,1,0
hassecuritized,0,1,0,0,0,0
connecticut,0,1,0,2,3,0
managerial,0,1,1,1,0,0
identifiable,0,1,2,1,2,2
ahf,0,9,0,0,0,0
prorate,0,2,3,6,1,2
ought,0,1,2,0,0,4
ram,0,1,0,1,0,0
tofraudulent,0,1,0,0,0,0
nowa,0,1,0,0,0,0
collectioncompany,0,1,0,0,0,0
majorbureau,0,1,0,0,0,0
backyard,0,1,0,6,1,0
shocker,0,1,0,2,0,0
annum,0,1,0,0,1,0
diem,0,1,0,3,1,0
bilk,0,1,1,0,0,0
delinquencies,0,1,5,13,4,25
swindle,0,1,1,5,1,0
negotiation,0,2,1,7,2,0
pretext,0,1,1,1,0,0
comparatively,0,1,0,0,0,0
aptitude,0,1,0,0,0,0
maths,0,1,0,0,0,0
acquaintance,0,1,0,1,0,0
adopt,0,1,1,4,4,4
undetected,0,1,0,0,0,0
clarifications,0,1,0,2,0,1
neiman,0,1,5,0,0,0
marcus,0,1,3,0,0,0
schomp,0,6,0,0,0,0
crv,0,3,0,0,0,0
agencys,0,2,0,0,0,1
correspondonce,0,1,0,0,0,0
resovled,0,1,0,0,0,0
settlements,0,1,1,7,7,1
sst,0,3,0,0,0,0
timeshare,0,7,10,0,4,3
subjective,0,1,0,4,0,0
digit,0,1,5,3,1,6
certification,0,1,2,14,3,2
banki,0,1,0,0,0,0
insinuate,0,2,0,1,4,0
miladge,0,1,0,0,0,0
aand,0,1,0,0,0,0
competence,0,1,1,0,0,0
empoloyees,0,1,0,0,0,0
apathaker,0,1,0,0,0,0
proposal,0,1,2,10,7,1
xxxxyo,0,1,0,0,0,0
lessen,0,1,1,3,2,0
negate,0,2,0,2,1,0
influence,0,1,2,5,5,3
cashcall,0,2,0,1,8,0
stalk,0,4,2,0,4,0
creditshop,0,2,0,0,0,0
schduled,0,1,0,0,0,0
posetd,0,1,0,0,0,0
cist,0,1,0,0,0,0
zions,0,3,0,14,3,0
bancorporation,0,2,0,0,0,0
harrass,0,1,2,0,5,1
bancorportation,0,1,0,0,0,0
specialize,0,3,1,58,6,2
aceptance,0,1,0,0,0,0
coupon,0,1,1,30,1,1
shadow,0,1,0,2,0,1
refute,0,1,2,2,3,2
bac,0,1,0,1,3,0
becouse,0,1,0,1,2,1
illiterate,0,1,0,0,0,0
papal,0,1,0,0,0,0
bay,0,1,0,5,7,1
balloon,0,1,5,86,1,2
receptive,0,1,1,2,0,0
combative,0,1,3,2,2,1
negotiations,0,1,0,12,1,0
charger,0,4,0,1,1,0
collude,0,1,1,1,1,1
spiral,0,1,0,2,0,0
therejection,0,1,0,0,0,0
thereal,0,1,0,0,0,0
theuse,0,1,0,0,0,0
onmy,0,1,0,0,0,0
xxxxpayments,0,1,0,0,0,0
unemployability,0,1,0,0,0,0
contacy,0,1,0,0,0,0
teacher,0,1,0,1,1,0
representive,0,1,0,2,0,0
youconsumer,0,1,0,0,0,0
xxxxre,0,1,0,1,0,1
aptrack,0,1,0,0,0,0
xxxxthey,0,1,0,0,1,1
tripsahead,0,1,0,0,0,0
incorporate,0,1,0,7,8,1
impoundment,0,1,0,0,0,0
rearrangement,0,1,0,0,0,0
seventeen,0,1,0,2,0,0
twenty,0,1,3,10,5,4
rapidly,0,1,0,4,0,1
belk,0,1,7,0,0,0
istill,0,1,0,0,0,0
titleafter,0,1,0,0,0,0
xxxxper,0,1,0,0,0,0
xxxxfor,0,1,0,1,3,0
wasinstructed,0,1,0,0,0,0
callxxxx,0,1,0,1,0,0
outfit,0,1,6,0,4,2
pioneer,0,3,0,0,14,0
prepayment,0,1,0,16,0,0
insurer,0,5,0,8,0,1
statefarm,0,1,0,0,0,0
leanholder,0,1,0,0,0,0
rug,0,2,0,3,0,0
operable,0,1,0,1,0,0
rewrite,0,2,0,2,0,2
stat,0,2,0,6,1,0
ay,0,1,0,3,0,0
gal,0,1,0,3,0,0
females,0,1,1,0,1,0
motives,0,1,0,1,1,0
embursed,0,1,0,0,0,0
afs,0,1,0,0,1,0
potion,0,1,0,0,0,0
garish,0,1,0,0,0,0
ahold,0,1,3,3,6,0
mme,0,1,0,0,1,0
finanical,0,1,0,1,0,0
majorly,0,1,0,0,1,0
completel,0,1,0,0,0,0
nicholas,0,1,0,0,0,0
wile,0,1,0,0,0,0
underemployment,0,1,0,0,0,0
global,0,1,2,1,15,0
byridder,0,6,0,0,0,0
resell,0,1,2,1,3,1
unaddressed,0,1,0,0,0,0
servicer,0,1,1,511,28,8
manufacturer,0,1,1,1,0,0
defect,0,2,1,6,1,0
collision,0,1,1,0,3,0
cpo,0,2,0,0,0,0
lander,0,1,0,1,0,0
baxk,0,1,0,0,0,0
clutter,0,1,0,0,0,0
revelation,0,1,0,0,0,0
volvo,0,2,0,0,0,0
volvocarfinance,0,1,0,0,0,0
sychrony,0,2,2,0,0,0
twofold,0,1,1,0,5,0
retro,0,2,1,2,1,0
eco,0,2,0,0,0,0
retroactive,0,1,1,3,4,2
hip,0,1,0,0,0,0
microbilt,0,1,0,0,0,0
sierra,0,4,0,0,0,0
lone,0,1,0,1,0,2
oasis,0,1,0,0,0,0
requestedtheir,0,1,0,0,0,0
dun,0,1,4,1,18,0
implicit,0,1,0,0,0,0
emotionally,0,1,3,7,1,0
mourn,0,1,0,0,0,0
deaths,0,1,0,1,0,1
situtaion,0,1,0,0,0,0
burial,0,1,1,2,1,0
relocate,0,1,1,13,7,5
sublease,0,3,0,0,0,0
lessee,0,1,0,0,1,0
unaffected,0,1,0,0,0,0
convientently,0,1,0,0,0,0
deployment,0,1,0,0,1,1
assetsand,0,1,0,0,0,0
cridet,0,1,0,0,0,0
permonth,0,2,0,0,0,0
intial,0,1,0,1,0,1
asets,0,1,0,0,0,0
tring,0,1,0,1,1,0
robb,0,1,0,0,0,0
enountering,0,1,0,0,0,0
embarassing,0,2,0,0,0,0
realtives,0,1,0,0,0,0
contintue,0,1,0,0,0,0
mesages,0,1,0,0,0,0
peer,0,1,1,2,0,0
deliber,0,1,0,0,0,0
delibert,0,1,0,0,0,0
tracts,0,1,0,1,0,0
delbert,0,2,0,0,0,0
roadblocks,0,1,0,0,0,1
english,0,1,3,3,2,4
delicate,0,1,0,1,0,0
inconsitencies,0,1,0,0,0,0
signal,0,1,6,1,8,0
providexxxx,0,1,0,0,0,0
oscillate,0,1,0,0,0,0
aff,0,2,0,0,0,0
autovest,0,2,0,0,0,0
chair,0,2,1,2,5,0
sofa,0,2,3,0,0,0
warehouse,0,1,2,4,0,0
unfriendly,0,1,1,0,0,1
discourteous,0,1,1,1,1,0
terminal,0,2,5,3,1,0
harness,0,1,0,0,0,0
plug,0,1,0,1,2,0
fuse,0,1,0,0,0,0
tdauto,0,2,0,0,0,0
compulsion,0,2,0,0,0,0
entitlement,0,1,0,9,1,0
contrast,0,1,2,0,0,0
durango,0,2,0,0,0,0
rational,0,1,2,1,0,1
xxxxthru,0,1,0,0,0,0
nib,0,1,0,0,0,0
denville,0,1,0,0,0,0
ncb,0,1,0,6,1,1
deville,0,1,0,0,4,0
ng,0,1,0,1,1,0
twu,0,1,0,0,0,0
keystrokes,0,1,0,0,0,0
avvect,0,1,0,0,0,0
pronlem,0,1,0,0,0,0
preach,0,1,0,0,0,0
tyo,0,1,0,0,0,0
releif,0,1,0,0,0,0
button,0,1,8,5,0,6
ne,0,1,0,1,3,0
exeterfinance,0,1,0,0,0,0
reregistered,0,1,0,0,0,0
faultered,0,1,0,0,0,0
gratiously,0,1,0,1,0,0
zfn,0,2,0,0,2,0
goose,0,1,1,1,0,0
reloadable,0,1,0,0,0,0
chew,0,1,0,0,0,0
mythical,0,1,0,0,0,0
woes,0,1,0,0,0,0
thgis,0,1,0,0,0,0
nwe,0,1,0,0,0,0
unbeknown,0,1,0,0,0,1
monthsat,0,1,0,0,0,0
infull,0,1,0,0,0,0
borroed,0,1,0,0,0,0
mehow,0,1,0,0,0,0
aply,0,1,0,0,0,0
tothe,0,1,0,1,0,0
theprincipal,0,1,0,0,0,0
allotments,0,1,0,0,0,0
hate,0,1,1,5,0,1
gall,0,1,1,1,0,0
unjustice,0,1,0,0,0,0
unexcusable,0,1,0,0,0,0
similiar,0,1,1,0,0,0
uncontrollable,0,1,0,0,0,0
annotate,0,1,1,0,1,1
aggressively,0,1,2,7,9,0
irrigardless,0,1,0,0,0,0
inconvience,0,1,1,0,1,0
disorganization,0,1,0,1,0,0
reemployed,0,1,0,0,0,0
petrify,0,1,0,0,0,0
mexico,0,1,0,3,1,2
withdrawls,0,3,1,1,0,0
guise,0,1,1,4,2,1
apprx,0,1,0,2,0,0
backend,0,1,1,0,0,0
rerurned,0,1,0,0,0,0
considerate,0,1,0,0,0,0
misguide,0,1,3,2,1,0
veneer,0,2,0,0,0,0
cali,0,1,0,0,3,0
mouth,0,1,3,2,5,0
gum,0,1,1,0,0,1
entertainment,0,1,0,0,0,0
reroutes,0,1,0,0,0,0
hyper,0,1,0,0,0,0
smug,0,1,0,0,0,0
insurers,0,1,0,1,0,0
summer,0,1,8,10,8,4
cellphone,0,1,3,1,15,1
breau,0,1,0,0,0,0
commence,0,1,1,12,8,1
xxxxyou,0,1,0,2,0,0
herewith,0,1,0,3,0,1
isthmus,0,1,0,0,0,0
hes,0,1,0,0,1,0
receivables,0,5,0,0,44,0
gma,0,2,0,0,0,0
fei,0,1,0,0,0,0
nv,0,4,0,2,3,2
smash,0,1,0,0,0,0
airbags,0,2,0,0,0,0
appraiser,0,1,1,70,0,0
msrp,0,2,0,0,0,0
dvd,0,1,2,0,0,0
arbella,0,1,0,0,0,0
accessories,0,1,0,0,1,0
developmental,0,1,0,0,0,0
harrasment,0,1,0,0,1,0
god,0,1,1,5,0,1
oldest,0,1,9,0,4,2
autorization,0,1,0,0,0,0
coorporate,0,1,0,0,0,0
wither,0,1,0,1,0,0
relentless,0,1,2,2,6,0
degrade,0,1,0,1,3,0
thisshame,0,1,0,0,0,0
sky,0,1,1,1,1,0
rocket,0,1,1,1,1,0
ashamed,0,1,1,2,1,2
dt,0,1,0,0,0,0
sel,0,1,0,0,0,0
loanmy,0,1,0,0,0,0
monthand,0,1,0,0,0,0
soldmy,0,1,0,0,0,0
starti,0,1,0,0,0,0
agencyi,0,1,0,0,0,0
meregardsxxxx,0,1,0,0,0,0
mke,0,1,0,0,0,0
reposessed,0,1,0,0,2,0
caf,0,2,0,0,0,0
rting,0,1,0,0,0,0
le,0,1,0,1,3,0
ase,0,1,0,0,0,0
fortiva,0,1,1,0,0,0
shes,0,1,0,1,0,0
helm,0,6,0,0,0,0
marquis,0,1,0,0,0,0
vaue,0,1,0,0,0,0
assoc,0,3,0,7,15,0
peopl,0,1,0,0,0,1
sould,0,1,0,0,1,0
ans,0,1,1,2,1,2
wriiten,0,1,0,0,0,0
oncethe,0,1,0,0,1,0
scheduledpayments,0,1,0,0,0,0
xxxxxxxxto,0,1,0,0,1,0
vour,0,1,0,0,0,0
vou,0,1,0,0,0,0
historyxxxx,0,1,0,0,0,0
pmtxxxx,0,8,0,0,0,0
pmtall,0,1,0,0,0,0
soul,0,1,0,0,0,0
toget,0,1,0,0,0,0
subparagraph,0,1,0,0,4,15
reinvestigation,0,2,1,3,1,52
spotloan,0,2,0,0,2,0
liason,0,1,0,1,0,0
inqueries,0,1,0,0,0,0
paypay,0,1,0,0,0,0
loamart,0,1,0,0,0,0
cashedit,0,1,0,0,0,0
underline,0,1,0,1,0,0
atorney,0,1,0,0,0,0
onxx,0,1,1,3,0,1
lyon,0,4,0,0,0,0
pool,0,12,0,28,8,0
swim,0,5,0,4,0,0
spa,0,6,0,0,0,0
contractsa,0,1,0,0,0,0
residential,0,1,0,60,9,0
registrar,0,1,0,0,1,1
surcharge,0,1,1,0,0,0
excavation,0,1,0,0,0,0
steel,0,1,0,3,0,1
plumb,0,1,5,6,5,0
pneumatically,0,1,0,0,0,0
prefabricate,0,2,0,0,0,0
deck,0,1,0,3,0,0
xxxxthis,0,1,0,3,4,6
rover,0,1,0,0,1,0
monthsmonthly,0,1,0,0,1,0
xxxxresidual,0,1,0,0,0,0
byso,0,1,0,0,0,0
unused,0,1,8,1,2,0
depreciate,0,1,0,2,0,3
divert,0,2,1,1,0,0
nationstart,0,1,0,1,0,0
greenlight,0,1,0,4,0,0
nationstar,0,1,0,689,18,0
inexplicably,0,1,1,0,0,0
inspectors,0,1,0,3,0,1
knob,0,1,0,3,0,0
comenty,0,2,0,0,0,0
parol,0,1,0,0,0,0
literature,0,1,2,0,0,1
snippet,0,1,0,0,0,0
totalpayment,0,1,0,0,0,0
xxxxdollar,0,1,0,0,0,0
myaccount,0,1,0,1,0,0
havecalled,0,1,0,0,0,0
severaltimes,0,1,0,1,0,1
surethat,0,1,0,0,0,0
thefunds,0,1,0,1,0,0
appliedto,0,1,0,0,0,0
principleonly,0,1,0,0,0,0
amf,0,1,0,0,0,0
rentals,0,0,3,4,1,0
scrap,0,0,4,1,2,0
narrow,0,0,1,0,0,0
additon,0,0,1,0,1,0
svc,0,0,4,6,0,0
athens,0,0,1,0,0,0
memeber,0,0,1,0,1,0
dues,0,0,10,17,3,2
macys,0,0,39,0,2,0
lsat,0,0,1,0,0,0
shifty,0,0,1,0,0,0
welcomepack,0,0,1,0,0,0
morewas,0,0,1,0,0,0
toldme,0,0,1,0,0,0
conformation,0,0,1,4,5,5
buissness,0,0,1,0,0,0
numorous,0,0,1,0,0,0
lowerd,0,0,1,0,0,0
ino,0,0,1,0,0,0
frustaited,0,0,1,0,0,0
costco,0,0,26,0,0,4
repayments,0,0,3,1,0,0
stellar,0,0,4,1,27,2
rhyme,0,0,1,0,0,0
ink,0,0,5,3,5,5
ttheir,0,0,1,0,0,0
cca,0,0,1,0,28,0
kohl,0,0,31,0,6,0
dozen,0,0,6,6,8,1
cahoots,0,0,3,1,0,1
mal,0,0,1,0,0,0
sneaky,0,0,2,1,3,3
retaliaition,0,0,1,0,0,0
receiiving,0,0,1,0,0,0
retaliatory,0,0,3,3,1,7
invitation,0,0,8,2,1,0
skymiles,0,0,9,0,0,0
delta,0,0,19,1,5,0
minuscule,0,0,1,0,0,0
bonuses,0,0,5,4,0,0
jcp,0,0,2,0,0,0
virgin,0,0,3,0,0,0
steady,0,0,1,2,1,1
feei,0,0,1,0,0,0
ser,0,0,1,2,7,0
barclaycardletterforach,0,0,1,0,0,0
barclaybkachaccount,0,0,1,0,0,0
barclayincorrectinfo,0,0,1,0,0,0
custome,0,0,2,0,0,0
upto,0,0,2,1,0,0
straw,0,0,1,7,2,3
pointedly,0,0,1,0,0,0
optout,0,0,1,0,0,0
chame,0,0,1,0,0,0
swicthed,0,0,1,0,0,0
legislation,0,0,4,0,1,4
chevron,0,0,8,0,0,0
niagra,0,0,4,0,1,0
nonever,0,0,1,0,0,0
soccer,0,0,1,0,0,0
supplier,0,0,7,0,0,1
unrecorded,0,0,1,0,0,0
harsh,0,0,2,5,7,0
shipper,0,0,5,0,2,0
shippers,0,0,2,0,0,0
myresponsetopnc,0,0,5,0,0,0
merchantresponse,0,0,1,0,0,0
rebill,0,0,1,0,0,0
occurrences,0,0,2,2,2,0
occurrencesofrebill,0,0,1,0,0,0
cashback,0,0,33,0,0,0
motivation,0,0,1,4,0,0
cardmembers,0,0,8,0,0,0
cardmember,0,0,27,0,1,0
repercussion,0,0,1,0,0,1
sadden,0,0,1,1,0,0
syncbxxxx,0,0,1,0,0,0
bp,0,0,13,0,0,1
proove,0,0,1,0,0,1
stretch,0,0,1,1,0,0
analyze,0,0,1,5,0,0
extravagant,0,0,1,0,0,0
lifestyle,0,0,2,0,1,1
fortunate,0,0,2,2,0,0
reliance,0,0,1,1,2,1
expectation,0,0,3,7,1,1
fulton,0,0,2,1,0,0
tsbo,0,0,1,0,0,0
timeshares,0,0,1,0,0,1
maxing,0,0,1,0,0,1
everyth,0,0,1,0,0,0
discorer,0,0,1,0,0,0
retailstore,0,0,1,0,0,0
dander,0,0,1,0,0,0
illegitametly,0,0,1,0,0,0
carholder,0,0,1,0,0,0
telecommunications,0,0,1,0,0,1
thevxx,0,0,1,0,0,0
fount,0,0,1,2,0,0
extras,0,0,5,1,0,0
mc,0,0,2,0,0,0
emc,0,0,1,5,0,0
profoundly,0,0,1,0,0,0
indifference,0,0,2,5,2,2
convolute,0,0,3,4,1,0
comparison,0,0,2,1,0,0
documenation,0,0,1,1,0,0
flight,0,0,47,1,1,0
frontier,0,0,3,0,0,2
radically,0,0,1,0,0,0
presidentxxxx,0,0,1,0,0,0
utilization,0,0,19,0,0,21
issuers,0,0,3,0,0,0
annualized,0,0,1,1,0,0
charaged,0,0,1,0,0,0
credid,0,0,1,0,0,0
reform,0,0,3,13,1,1
thanksxxxx,0,0,1,1,0,1
profound,0,0,2,1,0,1
denote,0,0,4,1,1,0
empathetic,0,0,3,0,0,0
sedative,0,0,1,0,0,0
spike,0,0,1,3,0,0
accounrding,0,0,1,0,0,0
comingled,0,0,1,0,0,0
customarily,0,0,2,1,0,0
consececutive,0,0,1,0,0,0
pubicly,0,0,1,0,0,0
instucted,0,0,1,0,0,0
erroronous,0,0,1,0,0,0
civilly,0,0,1,1,1,0
cognizant,0,0,1,0,1,0
pleasurable,0,0,1,0,1,0
bankamericard,0,0,12,0,0,0
ebilling,0,0,1,0,0,0
illogical,0,0,1,2,0,1
ebill,0,0,1,0,0,0
likelihood,0,0,2,1,0,0
cardmembership,0,0,1,0,0,0
retailers,0,0,2,0,0,0
botch,0,0,1,2,0,0
possesion,0,0,1,0,1,0
aggravate,0,0,1,4,4,3
brank,0,0,1,0,0,0
ae,0,0,5,1,2,0
unwillingness,0,0,3,4,2,2
settings,0,0,5,0,0,0
inundate,0,0,2,3,0,1
nonmembers,0,0,1,0,0,0
nyxxxxxxxx,0,0,1,0,0,0
autopayment,0,0,2,0,0,0
fixable,0,0,1,0,0,0
citiadvantage,0,0,1,0,0,0
conservator,0,0,1,2,0,0
uninterested,0,0,1,1,0,0
elder,0,0,1,0,1,1
ctedit,0,0,1,0,0,0
perk,0,0,12,0,1,0
pills,0,0,1,0,0,0
correlate,0,0,1,2,0,0
registrations,0,0,1,2,0,0
ambiguity,0,0,1,0,0,0
adversting,0,0,1,0,0,0
dockt,0,0,1,0,0,0
docket,0,0,3,10,19,25
severly,0,0,1,0,0,1
jewelry,0,0,5,2,0,0
fortune,0,0,2,4,0,1
forfeiture,0,0,1,0,0,0
adveristing,0,0,1,0,0,0
habit,0,0,4,2,0,0
rebilled,0,0,8,0,0,0
stringent,0,0,1,0,0,0
pobox,0,0,1,0,0,0
careone,0,0,1,0,0,0
permissible,0,0,2,1,3,25
citicard,0,0,42,0,1,0
robo,0,0,7,37,32,1
pilot,0,0,1,0,0,0
reservations,0,0,6,0,0,0
parrot,0,0,1,0,0,16
paranoia,0,0,1,0,0,0
robots,0,0,1,0,0,1
exert,0,0,1,0,0,0
realey,0,0,1,0,0,0
kohls,0,0,17,0,6,0
mvc,0,0,1,0,0,0
scrooge,0,0,1,0,0,0
sams,0,0,6,0,0,0
dual,0,0,2,59,2,0
sync,0,0,3,1,0,0
sam,0,0,5,1,1,0
dishwasher,0,0,1,1,0,0
likewise,0,0,1,1,0,1
canal,0,0,1,0,0,0
reapplied,0,0,3,15,1,0
diffrent,0,0,1,1,1,0
crock,0,0,1,0,0,0
merchents,0,0,1,0,0,0
vounterable,0,0,1,0,0,0
grade,0,0,3,3,1,0
cous,0,0,1,0,0,0
meals,0,0,2,1,0,0
behing,0,0,1,1,0,0
futher,0,0,2,1,1,0
diner,0,0,1,0,0,0
diners,0,0,5,0,0,0
redcard,0,0,3,0,0,0
instate,0,0,4,3,1,0
waffle,0,0,1,0,0,0
companion,0,0,5,0,0,0
shortage,0,0,1,127,1,0
silently,0,0,2,0,0,0
penney,0,0,4,0,1,0
introductory,0,0,7,0,0,0
guarantor,0,0,3,2,3,0
subscriptions,0,0,4,0,0,0
blemish,0,0,6,0,7,7
notebook,0,0,2,0,0,0
seriesalong,0,0,1,0,0,0
flashcards,0,0,1,0,0,0
constitution,0,0,1,3,1,1
destruction,0,0,1,3,0,0
capitalonexxxx,0,0,1,0,0,0
fictional,0,0,3,0,1,0
parallel,0,0,1,1,0,1
unabated,0,0,1,0,0,0
numb,0,0,1,0,0,0
exaggerate,0,0,1,0,1,0
ostensibly,0,0,1,0,1,0
heritage,0,0,1,0,0,0
grotesque,0,0,1,0,0,0
ethnically,0,0,1,0,0,0
ads,0,0,3,4,1,0
chpxxxx,0,0,1,0,0,0
expiry,0,0,2,0,0,0
dislike,0,0,1,1,0,0
omission,0,0,6,3,0,1
unwittingly,0,0,1,0,0,0
veracity,0,0,3,1,2,0
stump,0,0,1,0,0,0
harrassment,0,0,1,6,5,0
cal,0,0,2,1,2,0
occurence,0,0,1,0,1,1
coast,0,0,2,0,4,0
operators,0,0,2,0,0,0
shaky,0,0,1,0,0,0
incidental,0,0,1,0,2,0
numberous,0,0,2,2,0,0
undeserved,0,0,1,0,0,2
longtime,0,0,3,0,0,0
charegback,0,0,1,0,0,0
facilitation,0,0,1,0,0,0
senator,0,0,2,5,0,1
bypass,0,0,2,5,2,0
disco,0,0,1,0,0,0
beleive,0,0,1,0,4,0
permition,0,0,1,0,0,0
staments,0,0,1,0,0,0
rci,0,0,4,0,0,0
magazine,0,0,3,1,1,0
seatback,0,0,1,0,0,0
theexplorercard,0,0,1,0,0,0
depict,0,0,4,2,1,0
predominiant,0,0,1,0,0,0
tout,0,0,5,1,0,0
haste,0,0,1,0,1,0
odds,0,0,2,1,2,0
exploitive,0,0,1,1,0,0
goodyear,0,0,2,0,0,0
citiemail,0,0,1,0,0,0
xxxxalerting,0,0,1,0,0,0
alertgoodyear,0,0,1,0,0,0
xxxxlast,0,0,1,0,1,2
informational,0,0,2,1,0,2
messageplease,0,0,1,0,0,0
mood,0,0,1,0,0,0
thie,0,0,1,0,1,0
acknowleged,0,0,1,0,0,0
necessitate,0,0,1,2,0,1
ha,0,0,2,8,2,1
unpredictable,0,0,1,1,0,0
miscalculation,0,0,1,2,0,0
henceforth,0,0,1,1,0,0
categories,0,0,4,4,1,1
unintuitive,0,0,1,0,0,0
mountain,0,0,2,6,4,0
bankcarupsy,0,0,1,0,0,0
bankrupsy,0,0,1,0,0,0
banco,0,0,3,3,0,0
rehabilitate,0,0,1,0,2,1
granite,0,0,8,1,0,0
demolish,0,0,1,1,0,0
rehook,0,0,2,0,0,0
cook,0,0,1,2,1,0
garbage,0,0,3,2,2,1
install,0,0,9,0,8,1
intaller,0,0,1,0,0,0
fench,0,0,1,0,0,0
faucet,0,0,1,0,0,0
bcs,0,0,1,0,0,0
patently,0,0,6,3,4,0
futile,0,0,1,2,0,0
consternation,0,0,1,0,1,0
mea,0,0,1,0,0,0
culpa,0,0,1,0,0,0
assertions,0,0,1,1,2,0
contrarry,0,0,1,0,0,0
delievered,0,0,1,0,1,0
mighty,0,0,2,0,0,0
swoop,0,0,1,0,0,0
omissions,0,0,3,3,0,0
spontaneously,0,0,1,0,0,0
solicitations,0,0,10,5,0,0
informationfor,0,0,1,0,0,0
suspiciousactivity,0,0,1,0,0,0
aseries,0,0,1,0,0,0
whodid,0,0,1,0,0,0
questionsincluded,0,0,1,0,0,0
iowned,0,0,1,0,0,0
towns,0,0,1,0,0,0
whichserved,0,0,1,0,0,0
filepaperwork,0,0,1,0,0,0
thefirst,0,0,1,0,0,0
episode,0,0,1,2,0,0
ridiculousness,0,0,1,0,0,0
faint,0,0,1,0,0,0
unequivocally,0,0,3,2,0,1
unfairness,0,0,3,2,0,1
regrettably,0,0,2,0,1,0
tj,0,0,16,0,0,0
tjmaxx,0,0,1,0,0,0
minumum,0,0,2,0,0,0
concent,0,0,1,0,0,0
yep,0,0,1,0,0,1
represenative,0,0,1,0,0,0
operational,0,0,2,2,1,0
ineptitude,0,0,4,5,1,0
plunge,0,0,1,2,2,0
rain,0,0,1,5,0,0
umbrella,0,0,1,0,1,1
catastrophic,0,0,1,0,0,0
rsvp,0,0,1,0,0,0
complimentary,0,0,1,0,0,0
guests,0,0,2,1,0,0
mdm,0,0,1,0,0,0
finals,0,0,1,0,0,0
surprized,0,0,1,0,0,0
statemetns,0,0,1,0,0,0
accrusing,0,0,1,0,0,0
infact,0,0,3,6,2,2
overpament,0,0,1,0,0,0
concise,0,0,2,5,1,0
sofisticated,0,0,1,0,0,0
accountabilities,0,0,1,0,0,0
precautionary,0,0,1,0,0,1
undisputed,0,0,1,3,1,0
obligor,0,0,5,6,1,0
documentary,0,0,1,2,2,1
indebtedness,0,0,5,2,4,2
idaho,0,0,1,2,2,1
superficial,0,0,1,0,0,0
powerless,0,0,3,1,0,0
legacy,0,0,1,0,2,0
realistically,0,0,1,0,0,0
simulations,0,0,1,0,0,0
metric,0,0,2,0,0,0
moralistic,0,0,1,0,0,0
repercussions,0,0,1,1,1,0
obscene,0,0,1,0,5,1
unremarkable,0,0,1,0,0,0
reputational,0,0,1,0,0,0
antithetical,0,0,1,0,0,1
atmosphere,0,0,2,0,0,0
becuase,0,0,1,3,0,0
illegitimate,0,0,1,2,2,1
ithis,0,0,1,0,0,1
zales,0,0,4,0,0,0
congratulate,0,0,1,2,0,0
absence,0,0,2,8,4,2
bbpr,0,0,1,0,0,0
competitor,0,0,1,2,1,0
commitments,0,0,2,1,0,0
candy,0,0,2,0,0,0
measly,0,0,3,0,1,0
hampshire,0,0,1,0,0,1
slender,0,0,1,0,0,0
lackluster,0,0,1,0,1,0
arrival,0,0,10,0,1,0
installations,0,0,1,0,0,0
inflexible,0,0,2,2,0,0
devious,0,0,2,3,0,2
overloooking,0,0,1,0,0,0
thay,0,0,1,3,2,0
dishonnest,0,0,1,0,0,0
attract,0,0,3,0,1,1
adventure,0,0,2,0,0,0
repsonded,0,0,1,0,1,0
buraeus,0,0,1,0,0,0
channel,0,0,5,2,2,5
infiltrate,0,0,1,0,0,0
discoverpaymentprotection,0,0,2,0,0,0
mission,0,0,2,3,1,0
enc,0,0,1,3,0,0
palazzo,0,0,1,0,0,0
hover,0,0,1,0,0,2
attachmentsxxxx,0,0,1,0,0,0
lowe,0,0,7,0,1,0
tjx,0,0,5,0,0,0
wild,0,0,4,2,0,1
clunky,0,0,1,0,0,0
stream,0,0,2,2,5,2
afore,0,0,1,0,0,0
ashley,0,0,1,0,0,0
ssra,0,0,1,0,0,0
paralegal,0,0,3,5,2,0
adjudicator,0,0,1,0,0,0
jag,0,0,3,0,0,0
nest,0,0,1,1,0,1
sapphire,0,0,9,0,0,0
fours,0,0,1,1,1,0
cath,0,0,1,0,0,0
mont,0,0,1,0,0,0
partnership,0,0,3,2,0,0
overpayments,0,0,1,5,0,0
minimums,0,0,1,0,0,0
phrase,0,0,2,4,0,0
en,0,0,1,1,2,2
immersive,0,0,1,0,0,0
mar,0,0,1,3,0,1
replication,0,0,1,0,0,0
undercut,0,0,1,0,0,0
tightly,0,0,1,1,0,0
wind,0,0,2,13,0,0
unintentioned,0,0,1,0,0,0
empower,0,0,1,3,0,1
digitally,0,0,2,0,1,0
hackers,0,0,2,0,0,0
roles,0,0,1,0,0,0
intitated,0,0,1,0,0,0
unreturned,0,0,2,1,3,1
issuesd,0,0,1,0,0,0
temprary,0,0,1,0,0,0
expalin,0,0,1,0,0,0
ddi,0,0,1,0,0,0
invetigation,0,0,1,0,0,0
initiaited,0,0,1,0,0,0
onetime,0,0,2,0,0,0
misleadingly,0,0,1,1,1,0
wad,0,0,1,0,1,1
breathe,0,0,1,0,0,0
usher,0,0,1,0,0,0
meritorious,0,0,1,0,0,0
independently,0,0,3,3,4,0
expedient,0,0,2,1,0,1
impute,0,0,1,0,0,0
patent,0,0,1,0,0,0
matrix,0,0,2,0,0,0
cushion,0,0,1,24,0,0
expenditure,0,0,1,0,0,0
calcuation,0,0,1,0,0,0
goldman,0,0,1,5,0,0
sachs,0,0,1,5,0,0
xxxxxxxxminutes,0,0,1,0,0,0
harship,0,0,1,0,0,0
preditor,0,0,1,0,0,0
hardhip,0,0,1,0,0,0
perccent,0,0,1,0,0,0
scoundrals,0,0,1,0,0,0
mower,0,0,2,0,0,1
unavoidable,0,0,2,0,0,0
inadverntly,0,0,1,0,0,0
baggage,0,0,1,0,0,0
worthwhile,0,0,1,0,0,0
font,0,0,2,0,0,0
citigroup,0,0,1,2,0,0
retention,0,0,4,12,1,1
dillards,0,0,2,0,0,0
spark,0,0,2,0,2,0
innovis,0,0,5,0,0,0
propagate,0,0,2,0,0,0
tune,0,0,6,1,1,1
permutation,0,0,1,0,0,0
assumptions,0,0,1,1,0,0
oral,0,0,1,2,7,3
inaccessible,0,0,2,1,0,1
inaccuracies,0,0,1,3,9,39
verdicts,0,0,1,0,0,1
compilation,0,0,1,0,0,0
preponderance,0,0,1,0,0,1
mover,0,0,1,0,0,0
differen,0,0,1,0,0,0
synchronicity,0,0,2,0,0,0
caputal,0,0,1,0,0,0
chareges,0,0,1,0,0,0
vaild,0,0,1,0,2,0
ussa,0,0,1,0,0,0
cream,0,0,7,0,0,0
bottle,0,0,2,2,1,0
complany,0,0,1,0,0,0
num,0,0,4,0,0,2
ber,0,0,2,0,0,0
thenumber,0,0,1,0,0,0
delegate,0,0,2,1,1,0
delegations,0,0,1,0,0,0
convention,0,0,1,2,0,0
sweet,0,0,3,3,0,0
gigantic,0,0,3,1,0,0
hearted,0,0,1,0,0,0
diagnosis,0,0,1,0,3,0
fuel,0,0,15,1,4,1
automotive,0,0,1,0,0,0
outlet,0,0,1,0,1,0
creditworthiness,0,0,4,4,1,4
biltt,0,0,2,0,0,0
voucher,0,0,15,0,0,3
datei,0,0,1,0,0,0
anniversary,0,0,18,11,1,0
vouchers,0,0,4,2,3,0
chron,0,0,2,0,0,0
instated,0,0,2,2,0,2
sla,0,0,1,0,0,0
socre,0,0,1,0,0,0
orange,0,0,9,0,0,0
mcommission,0,0,1,0,0,0
grandchild,0,0,1,1,0,0
hundereds,0,0,2,0,0,0
uniform,0,0,1,6,5,2
ofcourse,0,0,2,0,0,0
prod,0,0,1,1,1,0
uniformity,0,0,1,0,0,0
mth,0,0,1,1,0,0
telphone,0,0,1,0,0,0
forewarn,0,0,1,2,0,0
endless,0,0,2,5,0,9
countries,0,0,1,0,1,1
propmotional,0,0,1,0,0,0
courteous,0,0,1,2,1,0
economics,0,0,1,1,1,0
supplementary,0,0,1,0,0,0
shade,0,0,2,0,0,2
ho,0,0,1,9,0,1
mischar,0,0,1,0,0,0
acterization,0,0,1,0,0,0
dispu,0,0,1,1,0,0
te,0,0,2,2,2,1
xceedingly,0,0,1,0,0,0
shread,0,0,1,0,0,0
orchard,0,0,3,0,2,0
commecnts,0,0,1,0,0,0
insight,0,0,2,3,0,2
scholarship,0,0,1,0,0,0
planet,0,0,2,29,0,1
subracting,0,0,1,0,0,0
respresentative,0,0,1,1,0,0
forego,0,0,1,4,4,2
occassions,0,0,2,6,3,2
recap,0,0,2,2,0,0
logan,0,0,1,0,0,0
incense,0,0,2,1,0,0
zap,0,0,1,0,0,0
addiiton,0,0,1,0,0,0
xxxxcan,0,0,1,0,0,0
greed,0,0,4,6,0,2
contingent,0,0,1,3,1,1
_then_,0,0,1,0,0,0
brandsource,0,0,1,0,0,0
sayings,0,0,1,0,0,0
bous,0,0,1,0,0,0
thatthe,0,0,1,0,0,0
bascially,0,0,1,0,0,0
recourses,0,0,1,0,1,0
amicable,0,0,1,1,2,0
taste,0,0,1,0,0,0
intelligence,0,0,1,1,0,4
rei,0,0,1,0,0,1
chaulked,0,0,1,0,0,0
profitable,0,0,3,7,0,0
recd,0,0,2,0,0,2
fir,0,0,1,3,1,1
inmate,0,0,1,0,0,0
uncertified,0,0,1,0,1,0
exclusively,0,0,2,4,0,0
categorization,0,0,1,0,0,2
washer,0,0,3,0,0,1
dryer,0,0,3,0,0,3
pair,0,0,2,2,0,1
soley,0,0,1,0,0,0
delight,0,0,1,2,0,0
cardmemberservices,0,0,1,0,0,0
xxxxwithin,0,0,1,0,0,0
ihave,0,0,2,3,1,2
theserequirements,0,0,1,0,0,0
wouldhave,0,0,1,0,0,0
offeri,0,0,1,0,0,0
marketingand,0,0,1,0,0,0
wyoming,0,0,1,0,1,0
index,0,0,1,12,0,1
allecall,0,0,1,0,0,0
chuckle,0,0,1,0,0,0
predictive,0,0,1,0,0,0
development,0,0,1,8,0,0
defenses,0,0,3,5,1,0
advatage,0,0,1,0,0,0
notifed,0,0,1,1,0,0
reaction,0,0,3,0,0,0
previouis,0,0,1,0,0,0
moderate,0,0,1,4,0,0
spear,0,0,1,0,0,0
lookup,0,0,1,0,0,0
unlisted,0,0,2,0,6,0
preface,0,0,1,0,0,0
walker,0,0,2,0,0,0
shake,0,0,3,6,6,0
violently,0,0,1,0,0,0
crossroad,0,0,1,0,0,0
intersect,0,0,1,0,0,0
verve,0,0,1,0,0,0
continentalfinance,0,0,1,0,0,0
backroom,0,0,1,0,0,0
huh,0,0,2,0,0,0
rage,0,0,1,0,0,0
incite,0,0,1,0,0,0
mfg,0,0,1,0,0,0
ab,0,0,2,0,0,0
hierarchy,0,0,2,0,0,0
rememer,0,0,1,0,0,0
purchses,0,0,1,0,0,0
udapp,0,0,1,0,0,0
unwarrantable,0,0,1,0,0,0
reinstall,0,0,1,1,1,0
warrantable,0,0,1,0,0,0
counterproductive,0,0,1,0,0,0
dumfounded,0,0,1,0,0,0
rebut,0,0,7,3,1,0
misreporting,0,0,5,0,1,4
lieu,0,0,1,123,8,1
kay,0,0,4,0,7,1
hem,0,0,1,0,0,0
haw,0,0,1,0,0,0
providian,0,0,1,0,0,0
tremendously,0,0,2,7,5,3
corrective,0,0,1,2,2,5
conviently,0,0,1,0,0,0
veterinarian,0,0,1,0,0,0
aprs,0,0,5,0,0,0
simplicity,0,0,5,0,1,0
presidential,0,0,1,1,0,0
servers,0,0,1,4,4,1
enrage,0,0,2,0,1,1
dislose,0,0,1,0,0,0
verbatum,0,0,1,0,0,0
reductions,0,0,2,4,2,0
platinuim,0,0,1,0,0,0
dillard,0,0,11,0,0,0
desktop,0,0,2,0,0,0
firefox,0,0,1,0,0,0
cookies,0,0,1,1,1,0
scrutinize,0,0,2,1,0,1
planner,0,0,1,0,0,0
classification,0,0,2,2,0,6
circa,0,0,1,1,0,0
idiots,0,0,1,0,1,3
cbna,0,0,11,0,2,0
resignation,0,0,1,0,0,0
acknowleding,0,0,1,0,0,0
absolve,0,0,1,1,0,1
tirelessly,0,0,1,0,0,1
humanity,0,0,1,0,0,0
kindness,0,0,1,0,1,0
plummet,0,0,2,1,4,1
duress,0,0,2,9,1,1
mthly,0,0,3,0,0,0
relevance,0,0,1,2,0,1
unnoticed,0,0,1,1,0,1
purposeful,0,0,1,0,0,1
elimination,0,0,1,1,0,0
cardthis,0,0,1,0,0,0
liers,0,0,1,0,0,0
statments,0,0,1,0,1,0
uncharacteristic,0,0,1,0,0,0
proclamation,0,0,1,0,0,0
recieived,0,0,1,0,0,0
paraphrase,0,0,1,3,0,0
miscatergorization,0,0,1,0,0,0
independant,0,0,1,0,0,0
workable,0,0,1,3,0,1
supeonable,0,0,1,0,0,0
corroborate,0,0,2,1,0,0
needful,0,0,1,0,0,0
supervisior,0,0,1,1,0,0
opion,0,0,1,0,0,0
clinic,0,0,1,0,8,4
jc,0,0,14,0,1,0
amiss,0,0,2,1,0,0
userid,0,0,1,0,0,0
fundamentally,0,0,3,1,0,1
affinity,0,0,1,0,0,0
citicards,0,0,13,0,0,0
bureaui,0,0,1,0,0,0
soar,0,0,1,0,0,0
autopaying,0,0,1,0,0,0
imaginable,0,0,1,2,0,0
pristine,0,0,1,1,2,0
resole,0,0,1,0,0,0
ake,0,0,1,0,0,0
wias,0,0,1,0,0,0
crediits,0,0,1,0,0,0
ona,0,0,1,2,0,0
ther,0,0,1,1,1,0
efor,0,0,1,0,0,0
susceptible,0,0,1,0,0,0
madamthis,0,0,1,0,0,0
eighteen,0,0,1,1,0,0
awat,0,0,1,0,0,0
autopy,0,0,1,0,0,0
reaged,0,0,1,1,1,2
xxxxplease,0,0,2,1,0,5
couch,0,0,4,3,0,7
pho,0,0,1,0,0,0
da,0,0,2,2,1,2
inevitable,0,0,1,2,0,0
xxxxvery,0,0,1,0,0,0
dissappointed,0,0,1,0,0,0
customersent,0,0,1,0,0,0
ipad,0,0,5,0,0,0
complaince,0,0,1,0,0,0
producer,0,0,1,2,0,0
dutifully,0,0,1,1,0,0
composure,0,0,1,0,0,0
unfulfilled,0,0,1,0,0,0
dice,0,0,1,0,0,0
bbd,0,0,21,0,0,0
incentives,0,0,2,5,1,0
monetize,0,0,1,2,0,0
evade,0,0,1,6,1,1
characterize,0,0,1,1,1,0
platitudes,0,0,1,0,0,0
defiant,0,0,1,0,0,0
stark,0,0,1,0,2,0
barclaycardus,0,0,4,0,0,0
headerlinks,0,0,1,0,0,0
handlecontactuscomplaint,0,0,1,0,0,0
claw,0,0,6,0,1,0
err,0,0,1,2,3,0
severley,0,0,1,0,0,0
sympathetic,0,0,1,0,2,1
sample,0,0,1,0,4,5
bottomline,0,0,1,0,0,0
unfreeze,0,0,4,0,2,9
standby,0,0,3,0,0,1
equivalents,0,0,6,0,0,0
darken,0,0,1,0,0,0
gratitude,0,0,1,0,0,0
suspiciously,0,0,1,0,0,0
irrational,0,0,1,1,0,0
idenity,0,0,1,0,2,3
rift,0,0,1,0,0,0
fiances,0,0,1,0,0,0
ruthless,0,0,2,1,0,0
criterias,0,0,1,0,0,0
cinfirmed,0,0,1,0,0,0
jpeg,0,0,2,0,0,0
postmark,0,0,6,5,5,1
announce,0,0,5,6,6,0
significance,0,0,2,1,1,0
fcpb,0,0,1,0,0,0
thereon,0,0,1,0,0,1
elan,0,0,12,0,0,0
dipute,0,0,2,0,1,0
puported,0,0,1,0,0,0
trasaction,0,0,1,0,0,0
immediatly,0,0,2,1,0,1
protocal,0,0,1,0,0,0
relevent,0,0,1,0,1,0
diuscuss,0,0,1,0,0,0
requirment,0,0,1,0,0,0
allthough,0,0,1,0,1,0
rerspond,0,0,1,0,0,0
relavent,0,0,1,0,0,0
particullar,0,0,1,0,0,0
rersponce,0,0,1,0,0,0
reponce,0,0,1,0,0,0
inadequite,0,0,1,0,0,0
spotless,0,0,3,0,3,0
adversed,0,0,1,0,0,0
undelivered,0,0,3,0,2,1
amexxxxx,0,0,1,0,0,0
orignally,0,0,1,0,0,0
edly,0,0,1,0,0,0
expatriate,0,0,1,0,0,0
cedar,0,0,3,0,2,0
claimant,0,0,1,1,1,0
xerox,0,0,1,0,0,0
elevation,0,0,1,3,0,0
grievance,0,0,1,4,3,2
repute,0,0,1,0,1,0
coercive,0,0,1,0,1,0
alternately,0,0,1,1,0,0
urgency,0,0,1,2,4,2
thanyou,0,0,1,0,0,0
untimely,0,0,1,3,1,1
depart,0,0,1,2,1,0
invade,0,0,1,0,0,0
suitcase,0,0,3,0,0,0
resource,0,0,2,2,19,3
prominently,0,0,1,0,0,1
bookings,0,0,1,0,0,0
imca,0,0,1,0,0,0
complainant,0,0,1,1,13,1
missinformation,0,0,1,0,0,0
missled,0,0,2,0,0,0
hyatt,0,0,1,0,0,0
earner,0,0,2,3,1,8
xxxxxxxxbank,0,0,2,1,0,0
fourty,0,0,1,0,0,0
witht,0,0,1,0,1,0
proposition,0,0,2,1,0,0
creditkarma,0,0,1,0,0,0
ping,0,0,1,1,0,0
ponged,0,0,1,0,0,0
prequalifying,0,0,1,0,0,0
reliability,0,0,1,1,0,0
bookkeeper,0,0,2,2,0,0
ccs,0,0,7,0,19,2
southwest,0,0,4,3,26,1
rapids,0,0,2,3,0,0
balancesdiscovercard,0,0,1,0,0,0
discovercard,0,0,5,0,0,0
pervious,0,0,1,3,1,1
servicesflorida,0,0,1,0,0,0
officexxxx,0,0,1,0,0,0
capitolxxxx,0,0,1,0,0,0
xxxxtelephone,0,0,1,0,1,0
xxxxtoll,0,0,1,0,1,0
xxxxwebsite,0,0,1,0,0,0
xxxxinternet,0,0,1,0,0,0
ken,0,0,1,0,0,0
bankpo,0,0,1,0,0,0
servicesthis,0,0,1,0,0,0
revolvingcredit,0,0,1,0,0,0
myavailable,0,0,1,0,0,0
everymonth,0,0,1,1,0,0
hadthis,0,0,1,0,0,0
rediculous,0,0,2,1,0,1
fulland,0,0,1,0,0,0
theyclosed,0,0,1,0,0,0
yourcredit,0,0,1,0,0,0
creditpolicies,0,0,1,0,0,0
aspermitted,0,0,1,0,0,0
willappear,0,0,1,0,0,0
yourentire,0,0,1,0,0,0
publicrecord,0,0,1,0,0,0
numberof,0,0,1,0,0,0
onaccounts,0,0,1,0,0,0
theycould,0,0,1,1,0,0
accountbalance,0,0,1,0,0,1
notfair,0,0,1,0,0,0
illeagle,0,0,1,0,0,0
creditonly,0,0,1,0,0,0
anyactivity,0,0,1,0,0,0
creditaccount,0,0,1,1,0,0
theaccount,0,0,1,0,0,1
smartconnect,0,0,1,0,0,0
misreported,0,0,1,1,0,0
overlimit,0,0,2,0,0,1
stance,0,0,4,2,0,0
tropical,0,0,1,0,0,0
levelly,0,0,1,0,0,0
bulletin,0,0,2,3,0,2
outages,0,0,2,0,0,0
container,0,0,2,0,3,0
bbcs,0,0,1,0,0,0
befit,0,0,1,1,0,0
eleigibel,0,0,1,0,0,0
prerequisite,0,0,2,0,0,0
thorugh,0,0,1,0,0,0
freedon,0,0,1,0,0,0
creadit,0,0,1,0,0,1
misspell,0,0,1,1,2,3
emblem,0,0,1,0,0,0
vicious,0,0,2,2,2,0
novel,0,0,1,0,0,0
twist,0,0,1,2,0,0
issuethanksxxxx,0,0,1,0,0,0
acredit,0,0,1,0,0,0
idid,0,0,2,0,0,0
chking,0,0,1,0,1,0
devorce,0,0,1,0,0,0
phillips,0,0,3,0,4,0
disproportionately,0,0,3,0,0,0
temper,0,0,1,0,0,0
unexplainable,0,0,1,0,0,0
gauge,0,0,2,1,1,0
vacuum,0,0,1,0,0,0
examination,0,0,4,3,4,1
whim,0,0,1,0,0,1
kohn,0,0,1,0,0,0
aaa,0,0,3,0,1,0
honour,0,0,3,0,0,0
misquote,0,0,1,0,1,1
exp,0,0,3,2,0,1
stmts,0,0,2,1,0,0
orig,0,0,1,0,0,1
wks,0,0,1,0,1,1
extenuate,0,0,2,1,0,0
agreeable,0,0,2,2,3,0
ax,0,0,12,0,0,1
prevail,0,0,4,2,2,3
exxon,0,0,2,0,0,0
mobil,0,0,2,0,0,1
designee,0,0,2,0,0,0
fred,0,0,8,0,1,0
meyer,0,0,8,0,1,0
jewelers,0,0,13,0,5,0
appreciation,0,0,3,6,0,0
mtns,0,0,1,0,0,0
jury,0,0,2,7,0,0
chronic,0,0,1,1,1,0
border,0,0,1,3,2,2
judement,0,0,2,0,1,1
fia,0,0,8,0,2,0
maze,0,0,2,3,0,0
japply,0,0,1,0,0,0
tncs,0,0,1,0,0,0
jsp,0,0,1,0,0,0
edge,0,0,1,0,1,3
gpa,0,0,1,0,0,0
lic,0,0,1,0,1,1
denomination,0,0,1,0,0,0
innocence,0,0,1,0,1,0
gad,0,0,1,0,0,0
familiy,0,0,1,1,0,1
tourtured,0,0,1,0,0,0
hrrasing,0,0,1,0,0,0
extaclyy,0,0,1,0,0,0
receiveded,0,0,1,0,0,0
stripe,0,0,1,0,0,0
severre,0,0,1,0,0,0
scolioses,0,0,1,0,0,0
patio,0,0,4,0,1,0
aspa,0,0,1,0,0,0
avaiable,0,0,1,0,0,0
representitives,0,0,1,2,1,0
closings,0,0,1,3,0,1
appliction,0,0,2,0,0,0
recycle,0,0,1,1,1,0
verifycard,0,0,1,0,0,0
toy,0,0,2,0,0,0
dep,0,0,1,1,1,0
unqualifying,0,0,1,0,0,0
atrocious,0,0,1,2,0,0
dsnb,0,0,1,0,0,0
recollect,0,0,1,1,1,0
draperies,0,0,1,0,0,0
specification,0,0,2,3,0,0
testimonials,0,0,1,0,0,0
subcontractors,0,0,1,2,0,0
unsympathetically,0,0,1,0,0,0
cosmetic,0,0,1,0,0,0
volumes,0,0,2,1,0,0
negligently,0,0,1,1,1,1
prescreen,0,0,2,0,0,0
prescreened,0,0,2,1,0,0
junkmail,0,0,1,0,0,0
metadata,0,0,1,0,0,0
unrefundable,0,0,1,0,0,0
disbuted,0,0,1,0,0,0
decsssion,0,0,1,0,0,0
bureaucratic,0,0,1,3,0,0
reactivation,0,0,1,0,0,4
reactived,0,0,1,0,0,0
pts,0,0,3,0,1,0
rbs,0,0,1,2,0,0
salacious,0,0,1,0,0,0
regulator,0,0,3,4,5,0
inarticulately,0,0,1,0,0,0
context,0,0,2,1,0,1
gotcha,0,0,1,0,0,1
humble,0,0,2,0,0,0
unintentionally,0,0,1,0,0,0
inspire,0,0,1,0,0,0
increrase,0,0,1,0,0,0
luggage,0,0,1,0,0,1
fantastic,0,0,1,1,0,0
horror,0,0,1,1,2,0
edger,0,0,2,0,0,0
carborator,0,0,1,0,0,0
leary,0,0,1,1,0,0
chasexxxx,0,0,1,0,0,0
itinerary,0,0,3,0,0,0
airliner,0,0,2,0,0,0
conclusions,0,0,1,1,0,1
aviation,0,0,1,0,1,0
shoe,0,0,6,4,1,0
marketplace,0,0,2,1,0,0
unsettle,0,0,2,2,2,0
utitlized,0,0,1,0,0,0
unrecognized,0,0,1,0,2,1
cashforward,0,0,1,0,0,0
haul,0,0,2,1,0,0
responsibililty,0,0,1,0,0,0
autodial,0,0,1,0,1,0
accumulation,0,0,1,0,0,0
coincidently,0,0,1,1,0,0
autodialer,0,0,1,0,3,0
missionary,0,0,1,0,0,0
resolutions,0,0,1,19,11,2
alt,0,0,1,0,0,0
insrance,0,0,1,0,0,0
benits,0,0,1,0,0,0
tthat,0,0,1,0,0,0
scammist,0,0,1,0,0,0
attire,0,0,1,0,0,0
permittable,0,0,1,0,0,0
vulerability,0,0,1,0,0,0
imperative,0,0,1,5,2,2
amist,0,0,1,0,0,0
continual,0,0,2,3,2,1
chargers,0,0,1,1,1,0
accouterments,0,0,1,0,0,0
delinquincies,0,0,1,0,0,1
aswell,0,0,1,0,0,0
elevator,0,0,2,0,0,0
music,0,0,3,0,2,1
indefinately,0,0,1,1,0,0
ware,0,0,1,0,1,0
pushy,0,0,1,1,2,0
mcm,0,0,1,0,27,1
gym,0,0,5,0,33,8
americal,0,0,1,0,0,0
induction,0,0,2,0,0,0
warp,0,0,1,0,0,0
ounces,0,0,1,0,0,0
eiter,0,0,1,0,0,0
basement,0,0,1,9,3,0
reconnect,0,0,1,0,0,0
ov,0,0,1,0,0,0
er,0,0,1,2,13,3
rerecorded,0,0,1,0,0,0
lord,0,0,2,0,1,0
taylor,0,0,2,0,1,0
awarre,0,0,1,0,0,0
debacle,0,0,3,2,0,1
smack,0,0,1,1,1,0
freud,0,0,1,0,0,0
sleek,0,0,1,0,0,0
char,0,0,1,0,0,0
warrent,0,0,1,0,0,0
flannel,0,0,1,0,0,0
bean,0,0,3,0,0,0
tempt,0,0,1,2,0,0
markedly,0,0,1,0,0,0
xxxxwww,0,0,1,0,0,0
llbean,0,0,1,0,0,0
comxxxx,0,0,1,0,0,1
prudent,0,0,1,2,1,0
ephemeral,0,0,1,0,0,0
foward,0,0,1,2,1,0
applicatioin,0,0,1,0,0,0
overviewed,0,0,1,0,0,0
weeka,0,0,1,0,0,0
tranfered,0,0,1,0,0,0
supbenea,0,0,1,0,0,0
lastnight,0,0,2,0,0,0
thtough,0,0,1,0,0,0
hotlines,0,0,1,0,0,0
overuse,0,0,2,0,0,0
netcredit,0,0,1,0,0,0
impersonation,0,0,1,0,0,0
frenzy,0,0,1,0,0,0
insider,0,0,1,0,0,0
circumnavigate,0,0,1,0,0,0
xxxxcomenity,0,0,1,0,0,0
swimsuit,0,0,1,0,0,0
vouch,0,0,2,0,1,0
weasle,0,0,1,0,0,0
spnd,0,0,1,0,0,0
awkward,0,0,1,0,1,0
liaison,0,0,1,4,2,0
constrain,0,0,1,0,0,0
conservative,0,0,2,0,0,0
ea,0,0,1,2,2,0
escolated,0,0,1,0,0,0
bof,0,0,1,2,2,0
accurance,0,0,1,0,0,0
reapplying,0,0,1,3,0,0
taxi,0,0,11,0,0,0
beneath,0,0,1,1,0,0
govt,0,0,3,5,0,5
pob,0,0,1,0,0,0
bankxxxx,0,0,1,1,0,0
shoulkd,0,0,1,0,0,0
cavalry,0,0,1,0,17,0
cometity,0,0,1,0,0,0
ebills,0,0,2,0,0,0
immaculate,0,0,1,1,0,1
thwart,0,0,1,1,0,2
mace,0,0,1,0,0,0
descriptions,0,0,1,0,1,1
dither,0,0,1,1,0,0
syncrhony,0,0,1,0,0,0
recalculation,0,0,1,3,0,1
reconsideration,0,0,2,7,0,1
creditworthy,0,0,1,0,0,1
facsimile,0,0,1,4,6,2
paymt,0,0,1,0,0,0
doube,0,0,1,0,0,0
bc,0,0,3,1,14,6
whick,0,0,1,0,0,1
ussually,0,0,1,0,0,0
carda,0,0,1,0,0,0
xxxxcreditor,0,0,1,0,0,0
chasei,0,0,1,0,0,0
xxxxresponsewe,0,0,1,0,0,0
changesor,0,0,1,0,0,0
consensus,0,0,1,0,0,0
bolster,0,0,1,0,0,0
onoe,0,0,1,0,0,0
miraculous,0,0,1,0,0,0
lottery,0,0,1,0,0,0
ethnical,0,0,1,0,0,0
worsen,0,0,1,3,2,0
descent,0,0,1,0,0,0
timeliness,0,0,1,2,0,1
rightly,0,0,5,0,1,0
ignorance,0,0,1,3,1,0
congratulation,0,0,1,1,1,0
encrees,0,0,1,0,0,0
recordet,0,0,1,0,0,0
identitytheft,0,0,1,0,1,1
demontrates,0,0,1,0,0,0
postcard,0,0,5,2,2,1
cat,0,0,2,3,0,2
exam,0,0,1,6,3,1
pet,0,0,3,12,3,2
candidate,0,0,1,4,0,0
surgical,0,0,1,1,0,0
wellness,0,0,2,0,0,0
sonoma,0,0,1,0,0,0
renewnot,0,0,1,0,0,0
xxxxwith,0,0,1,0,0,0
bas,0,0,1,1,7,0
ike,0,0,1,0,0,0
eligibl,0,0,1,0,0,0
elegle,0,0,1,0,0,0
engagement,0,0,1,0,2,0
tactical,0,0,1,0,1,0
bout,0,0,1,0,0,1
credible,0,0,1,0,2,0
abnormalities,0,0,1,0,0,0
initiative,0,0,1,1,2,1
abort,0,0,2,0,0,0
gut,0,0,1,1,1,0
suspicion,0,0,1,1,5,1
injure,0,0,2,6,7,2
glimpse,0,0,1,1,0,1
guiltlessness,0,0,1,0,0,0
innosense,0,0,1,0,0,0
acknowledgment,0,0,1,4,6,0
gen,0,0,1,2,2,0
ferret,0,0,1,0,0,0
khols,0,0,1,0,0,0
reporters,0,0,1,0,0,3
population,0,0,2,0,1,1
verablly,0,0,1,0,0,0
rdiscrimination,0,0,1,0,0,0
hapenned,0,0,1,0,0,0
dell,0,0,16,0,0,0
withing,0,0,1,2,0,2
rma,0,0,2,35,2,0
wesbite,0,0,3,0,0,0
numeroud,0,0,1,0,0,0
processeed,0,0,1,0,0,0
retured,0,0,1,0,0,0
que,0,0,2,1,0,0
bloomingdales,0,0,2,0,0,0
bloomingdale,0,0,5,0,0,0
thur,0,0,1,0,0,0
kyt,0,0,1,0,0,0
misinfomation,0,0,1,0,0,0
incompetance,0,0,1,0,0,0
jar,0,0,1,0,2,0
wrinkle,0,0,1,0,0,0
lash,0,0,1,0,0,0
robocalls,0,0,2,0,10,0
jcpenney,0,0,3,0,3,0
jcpenny,0,0,2,0,0,2
quadruapled,0,0,1,0,0,0
div,0,0,1,0,0,0
representations,0,0,3,7,13,1
preexist,0,0,1,0,0,0
hfc,0,0,8,6,0,0
freely,0,0,1,0,1,0
reprehensible,0,0,3,4,0,0
undesirable,0,0,1,0,0,0
pant,0,0,2,0,1,0
finicial,0,0,2,1,0,0
ammends,0,0,1,0,0,0
incontempt,0,0,1,0,0,0
servic,0,0,1,0,2,0
es,0,0,2,1,1,1
dedected,0,0,1,0,0,0
fa,0,0,1,0,1,0
rgo,0,0,1,0,0,0
ineligable,0,0,1,0,0,0
americai,0,0,1,0,0,0
inf,0,0,1,0,0,1
vigilant,0,0,1,1,0,1
recurrence,0,0,1,0,0,0
inattentiveness,0,0,1,0,0,0
setteled,0,0,1,0,3,0
suplimental,0,0,1,0,0,0
noble,0,0,1,1,0,0
precious,0,0,7,6,0,1
immidiate,0,0,1,0,0,0
sugested,0,0,1,0,0,0
composite,0,0,1,0,0,0
dizzy,0,0,1,0,0,0
pental,0,0,1,0,0,0
midlands,0,0,2,0,3,0
poorest,0,0,1,0,0,0
realtors,0,0,1,18,0,0
enquiries,0,0,1,0,0,0
enquiry,0,0,3,0,0,0
fruit,0,0,1,0,0,0
unrequested,0,0,1,0,1,0
becu,0,0,2,0,0,0
boeing,0,0,1,0,0,0
gratefully,0,0,1,1,0,0
gauntlet,0,0,1,0,0,0
untrained,0,0,2,0,0,0
nonrefundable,0,0,1,2,0,0
stollen,0,0,1,1,0,0
charitable,0,0,3,2,0,0
scoreboard,0,0,1,0,0,0
observations,0,0,2,0,0,0
handover,0,0,1,0,0,0
pep,0,0,1,0,0,0
strangely,0,0,2,1,1,1
statemnt,0,0,1,0,0,0
curiously,0,0,1,0,1,0
tragic,0,0,1,2,1,1
lade,0,0,1,0,0,1
uniformly,0,0,1,0,0,0
amazingly,0,0,2,2,0,0
icontacted,0,0,1,1,0,0
receivingpromotions,0,0,1,0,0,0
accruals,0,0,1,0,0,0
unforseen,0,0,1,1,0,0
compalaint,0,0,1,0,0,0
hawaiian,0,0,3,1,0,0
fhb,0,0,2,0,0,0
worldwide,0,0,1,0,2,0
impend,0,0,3,2,0,0
hsn,0,0,3,0,0,0
flexpay,0,0,2,0,0,0
hungup,0,0,1,1,0,0
historic,0,0,4,1,0,0
fundamental,0,0,3,1,0,1
mole,0,0,1,0,0,0
definitions,0,0,3,0,1,0
newspaper,0,0,3,4,5,0
periodicals,0,0,2,0,0,0
keyboard,0,0,1,0,0,0
fraction,0,0,1,4,2,0
litigate,0,0,2,3,4,4
luncheon,0,0,1,0,0,0
divest,0,0,1,0,0,0
cras,0,0,4,0,4,14
catalog,0,0,1,0,1,0
sone,0,0,1,0,0,0
undeferred,0,0,3,0,0,0
underferred,0,0,1,0,0,0
minimize,0,0,2,0,0,2
financal,0,0,1,1,2,0
reactive,0,0,1,0,0,0
billions,0,0,1,2,1,0
antique,0,0,2,0,0,0
movers,0,0,3,7,0,0
unpack,0,0,1,0,0,0
concentrate,0,0,1,0,0,0
unusal,0,0,1,0,0,0
unload,0,0,1,0,0,0
agains,0,0,1,1,1,0
tales,0,0,1,0,0,0
yhey,0,0,1,0,1,0
observer,0,0,1,0,0,0
opinions,0,0,2,5,1,0
varieties,0,0,2,0,0,0
seperate,0,0,3,1,7,2
purchse,0,0,1,0,0,0
cancelations,0,0,1,0,0,0
mate,0,0,3,1,0,1
cheapoairlines,0,0,1,0,0,0
resolvement,0,0,1,0,0,0
balanace,0,0,1,0,0,0
extinction,0,0,1,0,0,0
insufficiant,0,0,1,0,0,0
immediateiy,0,0,1,0,0,0
mulitiple,0,0,1,0,0,0
snowball,0,0,1,3,0,0
traveller,0,0,1,0,0,0
terrorist,0,0,2,0,0,0
travellers,0,0,1,0,0,0
houseclean,0,0,1,1,0,0
flower,0,0,1,0,1,0
incovenience,0,0,1,0,0,0
aomeone,0,0,1,0,0,0
hypothetically,0,0,1,0,0,1
youre,0,0,1,0,0,1
obama,0,0,2,17,2,1
salt,0,0,1,0,0,0
lettetheas,0,0,1,0,0,0
theur,0,0,1,0,0,0
wheres,0,0,1,0,0,0
ip,0,0,1,0,0,1
advocacy,0,0,3,7,0,1
irony,0,0,3,2,0,0
succesfully,0,0,1,1,0,0
restaurants,0,0,2,0,0,0
capriciously,0,0,1,0,0,0
socalled,0,0,1,0,0,0
redispute,0,0,2,0,0,0
proxy,0,0,1,0,0,1
stave,0,0,1,5,3,0
arp,0,0,1,0,0,0
hh,0,0,6,0,0,0
greg,0,0,2,0,0,0
syncrony,0,0,6,0,0,0
fma,0,0,2,0,0,0
alliance,0,0,1,2,30,0
statuses,0,0,1,3,1,2
irritate,0,0,2,4,4,1
reinsert,0,0,1,0,1,6
neighborhood,0,0,1,26,1,3
networth,0,0,1,0,0,0
highrisk,0,0,1,0,0,0
missrepresantation,0,0,1,0,0,0
othercard,0,0,1,0,0,0
prox,0,0,1,0,0,0
blance,0,0,1,0,0,0
expunge,0,0,2,1,3,5
whilst,0,0,1,1,2,0
itxxxxagain,0,0,1,0,0,0
discolosures,0,0,1,0,0,0
barriers,0,0,4,0,0,0
behavioral,0,0,1,0,0,0
algorithmic,0,0,1,0,0,0
piddly,0,0,1,0,0,0
overstate,0,0,1,3,0,0
citgo,0,0,1,0,0,0
lmit,0,0,1,0,0,0
outfitter,0,0,1,0,0,0
synchromy,0,0,1,0,0,0
tutor,0,0,2,0,0,0
revision,0,0,1,5,0,0
sacrifice,0,0,1,1,1,1
impede,0,0,2,2,2,2
excel,0,0,1,1,0,0
template,0,0,1,1,4,4
pregnant,0,0,1,3,1,0
conspiracy,0,0,2,4,0,1
levi,0,0,2,0,0,0
jeans,0,0,2,0,0,0
upstairs,0,0,1,3,0,0
slight,0,0,1,7,0,1
incompletely,0,0,1,0,0,0
regardingthe,0,0,1,0,0,0
inviolation,0,0,1,0,0,0
evidentiary,0,0,1,1,1,1
lull,0,0,1,0,1,0
intrests,0,0,1,0,0,0
dd,0,0,1,0,0,0
credi,0,0,1,0,0,6
santandr,0,0,1,0,0,0
tosantander,0,0,1,0,0,0
bnk,0,0,1,0,0,0
contnually,0,0,1,0,0,0
brush,0,0,2,1,0,0
excercising,0,0,1,0,0,0
explorers,0,0,1,0,0,0
minmum,0,0,2,0,0,0
salesmen,0,0,1,0,0,0
inasmuch,0,0,1,1,0,1
accuont,0,0,1,0,0,0
separation,0,0,3,6,2,2
alike,0,0,1,0,0,0
misconstrue,0,0,1,1,1,0
auhtorized,0,0,1,0,0,0
disservice,0,0,1,1,0,0
shell,0,0,3,11,4,0
issuel,0,0,1,0,0,0
involvement,0,0,1,6,6,2
bankrucpy,0,0,1,0,0,0
qvc,0,0,6,0,3,0
samsung,0,0,2,0,0,0
galaxy,0,0,1,0,2,0
tablet,0,0,2,0,13,1
qcard,0,0,2,0,0,0
crown,0,0,4,0,6,1
au,0,0,2,0,0,3
biling,0,0,1,0,0,0
tthankfully,0,0,1,0,0,0
overextend,0,0,1,0,0,0
dip,0,0,2,2,0,2
dakota,0,0,1,3,2,0
declination,0,0,2,4,0,0
acronyms,0,0,1,0,0,3
protocols,0,0,2,0,0,1
secondarily,0,0,1,0,0,0
shower,0,0,1,1,2,1
svp,0,0,1,3,0,0
throuogh,0,0,1,0,0,0
cylinder,0,0,3,0,0,0
looters,0,0,1,0,0,0
posession,0,0,1,0,0,0
expitation,0,0,1,0,0,0
backtrack,0,0,2,3,1,0
daylight,0,0,1,0,0,0
citibannk,0,0,1,0,0,0
sicced,0,0,1,0,0,0
autopayments,0,0,2,0,0,0
incessantly,0,0,1,0,3,0
clain,0,0,1,1,0,0
bestbuy,0,0,6,0,0,0
depute,0,0,1,0,0,0
routings,0,0,3,0,0,0
cert,0,0,1,6,0,1
congragelated,0,0,1,0,0,0
whith,0,0,1,0,0,0
displeaser,0,0,1,0,0,0
ars,0,0,2,0,17,0
dodds,0,0,1,0,0,0
mall,0,0,2,0,2,2
host,0,0,1,1,2,0
ta,0,0,1,0,1,0
entertain,0,0,1,2,2,0
conservation,0,0,1,1,0,0
dissect,0,0,1,0,0,0
cooper,0,0,1,1,7,0
againist,0,0,1,0,0,0
whims,0,0,1,0,0,0
undeniable,0,0,1,1,0,0
provisionals,0,0,1,0,0,0
synchony,0,0,1,0,0,0
runway,0,0,1,0,0,0
heed,0,0,1,0,2,0
snag,0,0,1,0,0,0
investigative,0,0,1,1,3,5
immigrate,0,0,1,0,0,0
innocently,0,0,1,0,0,0
muchless,0,0,1,0,0,0
princible,0,0,1,0,0,0
incuded,0,0,2,0,0,0
expierenced,0,0,1,0,0,0
promtional,0,0,2,0,0,0
balce,0,0,1,0,0,0
intererst,0,0,1,0,0,0
installer,0,0,6,0,4,0
historically,0,0,1,2,0,2
wood,0,0,4,3,0,0
impair,0,0,3,1,1,0
articulate,0,0,1,0,0,0
pci,0,0,1,0,0,0
dss,0,0,1,0,0,0
unforeseeable,0,0,1,0,0,0
skill,0,0,1,0,0,1
moms,0,0,3,0,2,0
ayment,0,0,1,0,0,0
aying,0,0,1,0,0,0
wefell,0,0,1,0,0,0
whos,0,0,2,1,1,0
mattar,0,0,1,0,0,0
mattarrr,0,0,1,0,0,0
coamerica,0,0,1,0,0,0
menards,0,0,6,0,0,0
sweetheart,0,0,1,0,0,0
accessory,0,0,1,0,0,0
cbe,0,0,1,0,22,0
starwood,0,0,1,0,0,0
unreachable,0,0,2,0,0,1
incerase,0,0,1,0,0,0
relagated,0,0,1,0,0,0
afriad,0,0,1,0,0,0
upromise,0,0,7,0,0,0
logout,0,0,1,0,0,0
backlog,0,0,1,1,0,0
suffcient,0,0,1,0,0,0
unnecesary,0,0,1,0,0,0
competitors,0,0,3,0,0,0
neglectful,0,0,1,0,1,0
debtable,0,0,1,0,0,0
dollarish,0,0,1,0,0,0
whil,0,0,1,0,0,0
investgation,0,0,1,0,0,0
paths,0,0,1,0,0,0
pry,0,0,1,0,0,0
visor,0,0,1,0,0,0
bureas,0,0,2,1,3,1
forwareded,0,0,1,0,0,0
remodel,0,0,1,9,2,0
irretrievable,0,0,1,0,0,0
fluids,0,0,1,0,0,0
supevisor,0,0,1,0,0,0
paylap,0,0,1,0,0,0
photographic,0,0,1,0,0,1
fuss,0,0,1,0,0,0
squarely,0,0,1,0,0,0
invalidate,0,0,5,2,10,17
documention,0,0,1,0,1,3
ap,0,0,1,0,1,0
swair,0,0,1,0,0,0
rr,0,0,2,0,0,0
considerably,0,0,2,4,1,0
liabilities,0,0,1,5,2,1
paydowm,0,0,1,0,0,0
ridicuolous,0,0,1,0,0,0
victoria,0,0,3,0,0,0
xfer,0,0,4,1,0,0
invasion,0,0,1,1,3,0
redesign,0,0,1,0,0,0
redemptionshttp,0,0,1,0,0,0
untrustworthy,0,0,1,1,0,0
citibk,0,0,6,0,0,0
calcs,0,0,1,0,0,0
chrgd,0,0,3,0,0,0
chrg,0,0,1,0,0,0
rerun,0,0,1,0,0,0
________________________________________________________________________________important,0,0,1,0,0,0
youour,0,0,1,0,0,0
brook,0,0,3,0,0,0
precipitously,0,0,1,0,0,0
suprise,0,0,2,0,0,0
nos,0,0,2,0,4,0
merchanst,0,0,1,0,0,0
restuarnat,0,0,1,0,0,0
maerchant,0,0,1,0,0,0
frauder,0,0,1,0,0,0
poilcy,0,0,1,0,0,0
upcharge,0,0,1,0,0,0
barclaycards,0,0,1,0,0,0
keypad,0,0,2,0,0,0
burglarize,0,0,1,2,0,0
sadness,0,0,1,0,0,0
unrecognizable,0,0,1,0,0,0
worthy,0,0,2,5,2,0
deceitfully,0,0,1,0,1,0
uspo,0,0,1,0,1,0
resin,0,0,1,0,0,0
os,0,0,1,0,1,0
screenings,0,0,1,0,0,0
benefi,0,0,5,0,0,0
thatstay,0,0,1,0,0,0
redemptionto,0,0,1,0,0,0
rebooked,0,0,1,0,0,0
rebooking,0,0,1,0,0,0
willreceive,0,0,1,0,0,0
renumbered,0,0,1,0,0,0
lick,0,0,1,0,0,0
cbisubject,0,0,1,0,0,0
informationi,0,0,1,0,0,1
pessimistic,0,0,1,0,0,0
unpublished,0,0,1,0,1,0
bday,0,0,1,0,3,0
myriad,0,0,1,1,1,1
concertn,0,0,1,0,0,0
reluctance,0,0,1,1,0,1
platimum,0,0,1,0,0,0
helzberg,0,0,3,0,0,0
diamonds,0,0,2,0,0,1
beautiful,0,0,1,6,0,0
supportable,0,0,2,0,0,0
eleven,0,0,1,3,8,1
derrogatories,0,0,1,0,0,0
deter,0,0,1,2,1,1
creditable,0,0,1,1,0,0
deterrent,0,0,1,0,0,0
demographics,0,0,1,0,0,0
harshly,0,0,1,0,1,0
ethnicities,0,0,1,0,0,0
explorer,0,0,1,0,0,0
submissions,0,0,1,4,0,1
criterion,0,0,1,1,0,0
skeptical,0,0,2,4,0,2
undeserving,0,0,1,0,0,0
bury,0,0,2,8,0,1
informative,0,0,1,0,1,1
conctacted,0,0,1,0,0,0
esclation,0,0,1,0,0,0
promortion,0,0,1,0,0,0
confimration,0,0,1,0,0,0
prudence,0,0,1,0,0,0
mouselike,0,0,1,0,0,0
emit,0,0,1,0,0,2
fluid,0,0,1,0,0,0
ounce,0,0,1,1,0,1
molecular,0,0,1,0,0,0
hoky,0,0,1,0,0,0
paltry,0,0,1,0,0,0
institutin,0,0,1,0,0,0
sais,0,0,1,0,0,1
dowload,0,0,1,0,0,0
dawn,0,0,1,1,0,0
trasnsaction,0,0,1,0,0,0
auropcsupport,0,0,3,0,0,0
thouroughly,0,0,1,0,0,0
clever,0,0,1,1,0,0
malware,0,0,1,0,0,0
googe,0,0,1,0,0,0
unreadable,0,0,1,1,0,0
quicksilver,0,0,1,0,0,0
tradelines,0,0,2,0,1,13
sycnhrony,0,0,2,0,0,0
faithful,0,0,1,0,2,0
unreliable,0,0,1,3,2,2
boot,0,0,1,0,1,1
alleviate,0,0,1,4,2,0
bs,0,0,1,0,0,1
attn,0,0,2,5,4,6
distract,0,0,1,1,3,0
costumers,0,0,2,1,0,0
inadvertantly,0,0,1,0,0,0
unforgiving,0,0,1,0,0,0
lousy,0,0,1,1,0,0
sscore,0,0,1,0,0,0
protective,0,0,1,6,0,1
condescendingly,0,0,1,0,0,0
yank,0,0,1,1,0,0
shatter,0,0,1,0,0,0
collecter,0,0,1,0,1,0
newsletter,0,0,2,0,0,0
prtctn,0,0,1,0,0,0
crdtsfpls,0,0,1,0,0,0
proliferate,0,0,1,0,0,0
moth,0,0,1,2,0,0
totality,0,0,2,0,0,0
unseen,0,0,1,0,0,0
apoligize,0,0,1,0,0,0
overjoy,0,0,1,0,0,0
automatied,0,0,2,1,0,0
spectrum,0,0,3,0,0,0
uncapped,0,0,1,0,0,0
mainly,0,0,1,4,2,1
girlfriends,0,0,1,1,0,0
arbitrage,0,0,1,0,0,0
americaxx,0,0,1,0,0,0
establishedxx,0,0,1,0,0,0
citibanks,0,0,1,2,1,0
sift,0,0,1,0,0,0
millionaire,0,0,1,0,0,0
nonstudents,0,0,1,0,0,0
dedication,0,0,2,0,0,0
lightly,0,0,1,2,1,0
trainer,0,0,6,0,1,0
hadto,0,0,1,0,0,0
offerrd,0,0,1,0,0,0
diet,0,0,1,0,0,0
dietitian,0,0,1,0,0,0
measurements,0,0,1,0,0,0
strive,0,0,1,2,0,1
disenchant,0,0,1,0,0,0
donotreply,0,0,1,0,0,0
widespread,0,0,1,0,1,1
crystal,0,0,1,0,0,0
saids,0,0,1,0,0,0
unwelcome,0,0,1,0,0,0
thi,0,0,1,0,0,0
si,0,0,1,0,0,0
customership,0,0,1,0,0,0
doillas,0,0,1,0,0,0
intactedness,0,0,1,0,0,0
esp,0,0,1,1,0,0
pillow,0,0,1,0,1,0
wal,0,0,6,0,0,0
slash,0,0,3,0,0,0
unbelievably,0,0,1,1,0,1
viewable,0,0,1,1,1,2
apporx,0,0,1,0,0,0
expidite,0,0,1,0,0,0
haave,0,0,1,1,1,0
herd,0,0,1,1,0,0
homeline,0,0,1,0,0,0
craiglist,0,0,1,0,0,0
sansumg,0,0,1,0,0,0
tvs,0,0,1,0,0,0
atfer,0,0,1,0,0,0
townhouse,0,0,1,4,2,0
undersized,0,0,1,0,0,0
duct,0,0,5,0,0,0
ceiling,0,0,2,11,2,1
technicians,0,0,1,0,2,0
ceilings,0,0,2,1,0,0
blueprint,0,0,1,0,0,0
diagram,0,0,1,0,0,0
eager,0,0,1,3,0,1
airfare,0,0,2,0,0,0
filledout,0,0,1,0,0,0
ofice,0,0,1,0,0,0
cancled,0,0,1,0,1,0
cancle,0,0,1,0,0,0
agreeded,0,0,1,1,1,0
exdughter,0,0,1,0,0,0
theif,0,0,1,0,1,1
financialwant,0,0,1,0,0,0
nba,0,0,2,7,0,0
basketball,0,0,1,0,1,0
incredibily,0,0,1,0,0,0
udder,0,0,1,0,0,0
bull,0,0,1,1,6,0
tiny,0,0,1,1,1,0
undefined,0,0,1,1,1,1
telll,0,0,1,0,0,0
posture,0,0,1,1,0,0
dishearten,0,0,1,1,2,2
insensitivity,0,0,1,0,0,0
newborn,0,0,1,1,0,0
joy,0,0,1,1,0,0
adversity,0,0,1,0,0,0
nexth,0,0,1,0,0,0
cusumer,0,0,1,0,0,0
ipads,0,0,1,0,0,0
outscources,0,0,1,0,0,0
mini,0,0,3,1,20,0
gray,0,0,1,1,1,0
oneanother,0,0,1,0,0,0
silver,0,0,1,1,0,3
rethink,0,0,1,1,0,0
hereafter,0,0,1,0,2,3
amountge,0,0,1,0,0,0
xxxxge,0,0,11,0,0,0
reasonableness,0,0,1,0,0,0
needlessly,0,0,1,3,0,0
token,0,0,1,1,0,0
discloser,0,0,1,2,0,0
giftcards,0,0,1,0,0,0
xxxxsnychrony,0,0,1,0,0,0
bankameric,0,0,1,0,0,0
yearstimeline,0,0,1,0,0,0
devise,0,0,1,1,2,1
ytd,0,0,1,0,0,0
crusade,0,0,2,0,0,0
statusnotes,0,0,1,0,0,0
upalso,0,0,1,0,0,0
permissiona,0,0,1,0,0,0
actiondefinition,0,0,1,0,0,0
advertize,0,0,2,0,1,0
decency,0,0,1,2,0,0
heartless,0,0,1,1,0,0
robot,0,0,1,1,2,2
hamper,0,0,1,0,0,1
aafes,0,0,3,0,0,0
indebtness,0,0,1,0,0,0
fairness,0,0,1,2,2,3
agitation,0,0,1,0,0,0
nose,0,0,1,3,0,2
messenger,0,0,1,2,1,0
fraudafter,0,0,1,0,0,0
irreversible,0,0,1,0,0,0
chare,0,0,2,0,0,0
pharmacy,0,0,2,0,1,0
vest,0,0,1,2,0,0
incentivized,0,0,1,1,0,0
abnormally,0,0,1,0,0,0
badger,0,0,1,2,6,0
conciliatory,0,0,1,0,0,0
requalify,0,0,1,0,0,0
renovation,0,0,1,4,0,0
quest,0,0,1,2,0,0
subchapter,0,0,2,7,2,2
iii,0,0,1,5,4,21
xxxxitems,0,0,1,0,0,0
theybill,0,0,1,0,0,0
eturned,0,0,1,0,0,0
requestted,0,0,1,0,0,0
irresponsibly,0,0,1,1,0,0
formation,0,0,1,0,0,2
proceded,0,0,1,0,0,0
thisthank,0,0,1,0,0,0
attemting,0,0,1,0,0,0
reinserted,0,0,1,0,9,63
reinserting,0,0,1,0,3,6
demote,0,0,1,0,0,0
languish,0,0,1,0,0,3
leadership,0,0,1,0,0,1
reciprocate,0,0,1,2,0,0
profiteer,0,0,1,1,0,0
enrollments,0,0,1,0,0,0
intrusion,0,0,1,0,1,0
promos,0,0,1,0,0,0
blink,0,0,1,0,0,0
xxxxplus,0,0,1,1,0,0
shutdowns,0,0,1,0,0,0
inforamation,0,0,1,0,0,0
loews,0,0,2,0,0,0
cab,0,0,1,0,1,0
limo,0,0,2,0,0,1
confrontation,0,0,1,0,0,0
nit,0,0,1,1,0,0
securityjob,0,0,1,0,0,0
needy,0,0,1,0,0,0
wrangle,0,0,1,0,0,0
swiftness,0,0,1,0,0,0
uttergrief,0,0,1,0,0,0
inactivate,0,0,1,0,0,0
unacknowledged,0,0,1,0,0,0
secrets,0,0,1,0,0,0
boyfriends,0,0,1,0,1,0
stature,0,0,1,0,1,0
informaiton,0,0,1,0,1,1
welp,0,0,1,0,0,0
cooperative,0,0,4,5,8,3
compnay,0,0,1,2,1,0
daugther,0,0,1,0,0,0
bubble,0,0,1,2,0,1
residpute,0,0,1,0,0,0
footprint,0,0,1,0,0,0
synthesize,0,0,1,0,0,0
persistance,0,0,1,0,0,0
inaccessibility,0,0,1,0,0,0
morass,0,0,1,0,0,0
cfpd,0,0,1,0,0,2
specious,0,0,1,0,0,0
outweigh,0,0,2,0,0,0
countervail,0,0,2,0,0,0
competition,0,0,1,0,1,0
prochisted,0,0,1,0,0,0
assest,0,0,1,0,0,0
flordia,0,0,2,0,0,1
credt,0,0,1,1,0,1
vernacular,0,0,1,0,0,0
xxxxxxxxpaypal,0,0,1,0,0,0
comxx,0,0,1,0,0,0
mehello,0,0,1,0,0,0
mindset,0,0,1,0,0,0
nordstrom,0,0,1,0,0,0
norstromcard,0,0,1,0,0,0
underused,0,0,1,0,0,0
campground,0,0,4,0,0,0
fsb,0,0,1,0,2,0
spousal,0,0,1,0,0,0
conditioners,0,0,1,0,0,0
amenities,0,0,1,1,5,0
juniper,0,0,12,0,0,0
renig,0,0,1,0,0,0
sr,0,0,3,3,0,2
defray,0,0,1,0,0,0
pra,0,0,1,1,27,0
reage,0,0,1,0,0,1
paitience,0,0,1,0,0,0
aim,0,0,1,2,1,2
predetermine,0,0,2,1,1,0
oops,0,0,1,2,0,1
roommates,0,0,1,0,3,2
liabilty,0,0,1,0,0,0
blunder,0,0,1,0,0,9
sesame,0,0,1,0,0,0
sbl,0,0,1,0,0,0
straightforward,0,0,1,6,0,3
efs,0,0,6,0,0,0
pride,0,0,2,2,3,1
mailman,0,0,1,0,0,0
customs,0,0,1,0,0,0
seening,0,0,1,0,0,0
registry,0,0,1,7,10,0
governor,0,0,1,1,1,0
aproximately,0,0,1,1,0,0
superchecks,0,0,3,0,0,0
distinguish,0,0,1,0,0,0
electronicallythe,0,0,1,0,0,0
safari,0,0,1,1,0,0
mailers,0,0,1,4,0,0
nearfuture,0,0,1,0,0,0
reallocate,0,0,1,4,0,0
ciitibank,0,0,1,0,0,0
respondent,0,0,3,1,1,0
bona,0,0,3,2,1,0
fide,0,0,3,2,1,0
silent,0,0,3,3,5,1
qui,0,0,2,0,0,0
tacet,0,0,2,0,0,0
consentire,0,0,2,0,0,0
videtur,0,0,2,0,0,0
estoppel,0,0,1,3,0,1
ithout,0,0,1,0,0,0
assumpsit,0,0,1,0,0,0
declaratory,0,0,1,3,1,1
res,0,0,1,2,0,0
judicata,0,0,1,0,0,0
initio,0,0,1,0,0,0
rebuttals,0,0,1,0,0,0
defences,0,0,1,0,0,0
judgments,0,0,1,2,11,16
intimate,0,0,1,0,1,0
wasteful,0,0,1,0,0,0
onus,0,0,1,2,0,0
interset,0,0,1,1,0,0
mortify,0,0,1,2,0,0
sbeen,0,0,1,0,0,0
utilzation,0,0,1,0,0,0
setback,0,0,1,2,0,0
faud,0,0,1,0,0,0
serv,0,0,1,1,1,0
onsite,0,0,1,0,0,4
missings,0,0,1,0,0,0
miscoded,0,0,1,0,0,0
motel,0,0,1,0,2,2
inattention,0,0,1,2,0,0
unprompted,0,0,2,0,0,0
immaterial,0,0,1,1,0,0
reapplies,0,0,1,0,0,0
trivial,0,0,1,0,1,1
conducive,0,0,1,0,0,0
allready,0,0,1,1,0,1
itwas,0,0,1,0,0,0
thison,0,0,1,0,0,0
accountnumber,0,0,1,0,0,0
kepttelling,0,0,1,0,0,0
allalong,0,0,1,0,0,0
thinkthat,0,0,1,0,0,0
ppay,0,0,1,0,0,0
butwhen,0,0,1,0,0,0
witha,0,0,1,0,0,0
bmy,0,0,1,0,0,0
responseible,0,0,1,0,0,0
deluge,0,0,1,0,0,0
irritation,0,0,1,1,1,0
soliciation,0,0,1,0,0,0
mycredit,0,0,1,0,0,2
doe,0,0,1,0,7,2
snot,0,0,1,0,0,0
rong,0,0,1,0,0,2
catn,0,0,1,0,0,0
cusotmer,0,0,1,0,0,0
moreplease,0,0,1,0,0,0
yuour,0,0,1,0,0,0
welli,0,0,1,0,0,0
breakdowns,0,0,1,1,1,0
scriptsalso,0,0,1,0,0,0
dolar,0,0,1,0,0,0
mcsonalds,0,0,1,0,0,0
communicat,0,0,1,0,0,0
effectivelynot,0,0,1,0,0,0
inssist,0,0,1,0,0,0
reclassifed,0,0,1,0,0,0
prisoners,0,0,2,0,0,0
cartridge,0,0,1,0,0,0
servicesxx,0,0,1,0,0,0
refound,0,0,2,0,0,0
xxxxnever,0,0,1,0,0,1
preferences,0,0,5,1,0,0
ove,0,0,1,0,2,0
dat,0,0,1,0,1,0
tha,0,0,1,3,0,0
aintains,0,0,1,0,0,0
collaboration,0,0,1,1,0,0
ffices,0,0,1,0,0,0
favorably,0,0,1,1,0,0
deport,0,0,1,0,0,0
firmxxxx,0,0,1,0,0,0
visitors,0,0,2,0,0,0
buisness,0,0,1,1,0,0
dubious,0,0,1,1,0,0
cohen,0,0,1,0,1,0
ltd,0,0,1,0,2,0
acctount,0,0,1,0,0,0
nonprofit,0,0,1,1,1,0
naively,0,0,1,0,0,1
prediction,0,0,1,0,0,0
denials,0,0,2,3,0,4
science,0,0,1,0,0,1
inventions,0,0,1,0,0,0
hyperlink,0,0,2,0,0,0
hyperlinks,0,0,1,0,0,0
seamlessly,0,0,1,0,0,1
subsite,0,0,1,0,0,0
inbetween,0,0,1,0,0,0
mater,0,0,1,0,1,2
undeposited,0,0,1,0,0,0
frugal,0,0,1,0,0,0
loathe,0,0,1,0,0,0
omaha,0,0,1,1,1,0
paymetn,0,0,1,0,0,0
facta,0,0,3,0,6,6
airways,0,0,2,0,0,0
anoter,0,0,1,0,0,0
specialst,0,0,1,0,0,0
arounds,0,0,1,0,1,0
hare,0,0,1,1,0,0
abet,0,0,1,1,2,0
recognizance,0,0,1,0,0,0
repository,0,0,1,0,2,3
advisable,0,0,1,0,2,1
pg,0,0,1,5,1,2
onxxxx,0,0,1,4,1,1
pgs,0,0,1,5,0,0
itmes,0,0,1,0,0,0
comprehension,0,0,1,0,1,1
elements,0,0,1,6,1,0
amiable,0,0,1,0,1,0
thrifty,0,0,2,0,0,1
occaisional,0,0,1,0,0,0
smoke,0,0,1,2,0,1
provocation,0,0,1,0,0,0
nob,0,0,1,0,0,0
descript,0,0,1,0,1,0
meticulous,0,0,1,0,0,0
appealable,0,0,1,0,0,0
untruthful,0,0,1,3,2,1
contravention,0,0,1,1,0,0
identityhas,0,0,1,0,0,0
xxxxxxxxdollars,0,0,2,0,0,0
baclays,0,0,1,0,0,0
methodology,0,0,2,1,0,1
exampled,0,0,1,0,0,0
bt,0,0,5,0,0,0
lion,0,0,1,0,0,0
probelm,0,0,1,0,0,0
ethically,0,0,1,3,1,0
addres,0,0,1,0,0,0
xxxxfl,0,0,1,0,0,0
alienate,0,0,1,0,0,0
rulings,0,0,1,0,1,1
regardsxxxx,0,0,1,0,0,0
xxxxdated,0,0,1,0,0,0
usuriousness,0,0,1,0,0,0
cumulative,0,0,1,0,0,0
fidelity,0,0,5,1,8,1
amateur,0,0,1,0,0,0
centurian,0,0,1,0,0,0
plantiff,0,0,1,1,0,0
oc,0,0,1,0,0,0
custodians,0,0,1,0,0,0
mire,0,0,1,0,0,0
systematic,0,0,1,3,0,0
commenity,0,0,3,0,1,0
xxxxvisa,0,0,3,0,0,0
abrupt,0,0,1,1,0,0
smear,0,0,1,0,1,0
proficient,0,0,1,0,0,1
penal,0,0,1,0,0,0
theives,0,0,1,0,0,0
infuse,0,0,1,0,0,0
apy,0,0,1,1,0,0
shorter,0,0,2,3,0,0
spotty,0,0,1,0,1,0
sb,0,0,1,1,0,0
sneakily,0,0,1,0,0,0
readable,0,0,1,2,0,0
legalistic,0,0,1,0,0,0
fraududlently,0,0,1,0,0,0
horizon,0,0,1,0,0,1
gregg,0,0,4,0,0,0
balnce,0,0,1,0,0,0
acrued,0,0,1,1,1,0
dissappointing,0,0,1,0,0,0
maid,0,0,1,0,1,1
psychologically,0,0,1,0,0,0
captitalone,0,0,1,0,0,0
mastercards,0,0,1,0,0,0
mastecard,0,0,1,0,0,0
captialone,0,0,1,0,0,0
marriott,0,0,1,0,0,0
haunt,0,0,1,1,2,2
havign,0,0,1,0,0,0
mbps,0,0,2,0,0,0
dandy,0,0,1,0,0,0
hmy,0,0,1,0,0,0
penalizdd,0,0,1,0,0,0
interjection,0,0,1,0,0,0
disapprove,0,0,2,4,1,0
demonstration,0,0,1,0,0,0
continuance,0,0,1,3,1,0
obsolete,0,0,2,0,1,5
dofd,0,0,12,0,3,7
chargeoff,0,0,3,1,0,1
antedate,0,0,1,0,0,0
commencement,0,0,1,1,0,0
obsolescence,0,0,1,0,2,0
eo,0,0,1,0,0,0
publisher,0,0,1,0,0,0
traveler,0,0,1,0,0,0
fraudentally,0,0,1,0,0,0
unimpaired,0,0,1,0,0,0
underlie,0,0,1,2,1,1
ninety,0,0,1,2,0,0
obey,0,0,1,3,1,6
nauseam,0,0,1,1,0,0
slam,0,0,1,3,2,2
nys,0,0,5,4,1,2
gimmick,0,0,1,0,0,0
granter,0,0,1,0,0,0
spouses,0,0,1,0,6,1
stubborn,0,0,1,0,0,0
unaccommodating,0,0,1,0,0,0
specialty,0,0,1,1,5,3
lamp,0,0,6,0,0,0
outdoors,0,0,1,0,0,0
configuration,0,0,1,0,0,0
confound,0,0,1,0,1,0
scanner,0,0,1,1,0,2
nih,0,0,1,0,0,0
burrow,0,0,1,0,0,0
deviate,0,0,1,3,0,0
movie,0,0,1,0,0,0
readjustment,0,0,1,0,0,0
incidentals,0,0,1,0,0,0
anoticd,0,0,1,0,0,0
nat,0,0,1,0,1,0
ophrys,0,0,1,0,0,0
transferor,0,0,1,2,0,0
bassis,0,0,1,0,0,0
flexperks,0,0,1,0,0,0
flexpoints,0,0,3,0,0,0
factually,0,0,1,1,0,1
ascam,0,0,1,0,0,0
americard,0,0,1,0,0,0
freshman,0,0,1,1,0,0
jumble,0,0,1,0,0,0
nore,0,0,1,0,1,1
wordings,0,0,1,0,0,0
skymile,0,0,5,0,0,0
exclusions,0,0,1,0,1,0
discarge,0,0,1,0,0,0
churn,0,0,2,3,1,0
ppc,0,0,1,0,0,0
patd,0,0,1,0,0,0
balancs,0,0,1,0,0,0
xxxxtakes,0,0,1,0,0,0
collusion,0,0,0,2,3,3
conduction,0,0,0,1,0,0
reorganization,0,0,0,2,0,0
cater,0,0,0,1,0,0
reputations,0,0,0,2,0,0
unpunished,0,0,0,1,0,0
discouragement,0,0,0,1,0,0
happiness,0,0,0,1,1,0
placement,0,0,0,3,6,0
shuewww,0,0,0,1,0,0
trailer,0,0,0,5,0,0
greentree,0,0,0,120,0,0
tunnel,0,0,0,2,0,0
bto,0,0,0,1,0,0
mismanangement,0,0,0,1,0,0
securitized,0,0,0,11,1,0
eviction,0,0,0,34,9,10
homestead,0,0,0,19,4,0
credibility,0,0,0,3,2,1
adjustable,0,0,0,36,1,1
consummation,0,0,0,4,0,0
citimortgage,0,0,0,128,0,0
reiceve,0,0,0,1,0,0
finially,0,0,0,1,0,0
underwritier,0,0,0,1,0,0
foreclouser,0,0,0,1,0,0
incompentent,0,0,0,1,0,0
fha,0,0,0,198,1,12
treasurers,0,0,0,5,0,0
unapplied,0,0,0,63,0,0
fallacy,0,0,0,1,0,0
idly,0,0,0,2,0,0
hud,0,0,0,203,5,3
mha,0,0,0,13,0,0
credability,0,0,0,1,0,0
roundpoint,0,0,0,115,0,0
benefice,0,0,0,1,0,0
shellpoint,0,0,0,52,0,0
ceived,0,0,0,1,0,0
anxious,0,0,0,7,5,0
hamp,0,0,0,256,1,1
modifications,0,0,0,75,0,2
fustrating,0,0,0,1,0,1
imformations,0,0,0,1,0,0
meed,0,0,0,1,0,0
dend,0,0,0,1,0,0
resive,0,0,0,1,0,0
crunch,0,0,0,1,1,0
unstable,0,0,0,3,0,0
townhome,0,0,0,4,1,0
linear,0,0,0,6,0,0
therefor,0,0,0,2,4,3
comps,0,0,0,21,0,0
foreclosures,0,0,0,27,7,0
untouched,0,0,0,1,1,0
unnatural,0,0,0,1,0,0
confide,0,0,0,1,1,0
sterus,0,0,0,1,0,0
seterus,0,0,0,292,3,1
divison,0,0,0,1,0,0
expeditiously,0,0,0,3,1,1
forbearance,0,0,0,78,1,19
bayview,0,0,0,128,31,0
myloan,0,0,0,2,0,0
itis,0,0,0,2,0,0
loanservicing,0,0,0,1,0,0
appropriatedocumentation,0,0,0,1,0,0
privateinsurance,0,0,0,1,0,0
xxxxxxxxthis,0,0,0,1,1,0
ahigher,0,0,0,1,0,0
annualescrow,0,0,0,1,0,0
escrowaccount,0,0,0,1,0,0
taxbill,0,0,0,1,0,0
amcurrently,0,0,0,1,0,0
phoneconversation,0,0,0,1,0,0
wasreturned,0,0,0,1,0,0
theabove,0,0,0,1,0,0
throughand,0,0,0,1,0,0
wrongdoing,0,0,0,8,1,0
hault,0,0,0,1,0,0
reinvestigate,0,0,0,2,3,23
enclosures,0,0,0,3,0,0
amou,0,0,0,1,0,0
cate,0,0,0,1,0,0
statebridge,0,0,0,23,1,0
acquasition,0,0,0,1,0,0
recite,0,0,0,2,3,2
applaud,0,0,0,1,0,1
orgination,0,0,0,1,0,0
statebride,0,0,0,1,0,0
flatter,0,0,0,1,0,0
numbersand,0,0,0,1,0,0
punctuation,0,0,0,1,0,0
pr,0,0,0,2,2,2
wholeheartedly,0,0,0,1,0,0
allegations,0,0,0,13,14,0
htis,0,0,0,1,0,0
assignments,0,0,0,29,30,0
qwr,0,0,0,65,0,0
fc,0,0,0,2,0,0
ncua,0,0,0,2,0,0
mtge,0,0,0,4,0,0
woudl,0,0,0,2,0,0
ttherefore,0,0,0,1,0,0
thye,0,0,0,2,0,0
suspense,0,0,0,94,0,0
falf,0,0,0,1,0,0
efficiently,0,0,0,3,0,0
rehab,0,0,0,7,4,1
dump,0,0,0,1,1,1
awnings,0,0,0,2,0,0
obstacle,0,0,0,1,0,0
pest,0,0,0,3,1,0
vinyl,0,0,0,3,0,0
downspout,0,0,0,1,0,0
tighten,0,0,0,1,0,0
foundation,0,0,0,11,0,0
insects,0,0,0,1,0,0
rodents,0,0,0,1,0,0
congressional,0,0,0,3,0,5
appropriations,0,0,0,1,0,0
urban,0,0,0,8,0,0
iv,0,0,0,4,2,1
declarations,0,0,0,6,3,0
auditable,0,0,0,1,0,0
claimable,0,0,0,2,0,0
authentic,0,0,0,5,8,0
fdpa,0,0,0,1,0,0
crumble,0,0,0,2,0,0
sps,0,0,0,310,47,0
knees,0,0,0,1,0,0
toilets,0,0,0,1,0,0
faucets,0,0,0,1,0,0
draught,0,0,0,1,0,0
booster,0,0,0,1,4,0
unmarried,0,0,0,1,0,0
withstand,0,0,0,1,0,0
thrust,0,0,0,1,0,0
insued,0,0,0,1,0,0
pat,0,0,0,1,2,0
citywide,0,0,0,3,0,0
uneducated,0,0,0,2,0,1
physicians,0,0,0,1,5,10
elend,0,0,0,4,0,0
harp,0,0,0,86,0,0
subordinate,0,0,0,7,3,0
npv,0,0,0,17,0,0
chl,0,0,0,20,0,0
vaguely,0,0,0,3,2,0
ascribe,0,0,0,1,1,0
arrearages,0,0,0,11,0,0
aforesaid,0,0,0,2,0,0
rend,0,0,0,1,1,0
dithect,0,0,0,1,0,0
dietech,0,0,0,1,0,0
bueru,0,0,0,3,0,0
escrowed,0,0,0,23,0,0
escrows,0,0,0,6,0,0
escrowing,0,0,0,6,0,0
cm,0,0,0,2,1,0
closet,0,0,0,2,1,0
cardnial,0,0,0,2,0,0
balme,0,0,0,1,0,0
nastiest,0,0,0,1,0,0
txt,0,0,0,3,1,0
rowlett,0,0,0,1,0,0
kuddos,0,0,0,1,0,0
freak,0,0,0,5,3,0
tongue,0,0,0,1,0,0
recast,0,0,0,35,0,0
cast,0,0,0,3,1,1
supervise,0,0,0,2,1,0
servicers,0,0,0,46,3,6
conceive,0,0,0,2,0,0
tangible,0,0,0,3,1,5
respa,0,0,0,76,7,0
sls,0,0,0,282,6,0
defendants,0,0,0,2,5,1
interagency,0,0,0,4,0,0
enumerate,0,0,0,1,0,0
hoepa,0,0,0,3,0,0
mortgagesxxxx,0,0,0,1,0,0
ecoa,0,0,0,2,0,0
cont,0,0,0,2,3,0
furnishings,0,0,0,1,0,1
dish,0,0,0,1,8,1
verbs,0,0,0,1,0,0
garner,0,0,0,1,3,0
securitization,0,0,0,14,8,0
infractions,0,0,0,3,2,0
iceberg,0,0,0,2,0,0
sewer,0,0,0,6,0,0
emphasis,0,0,0,3,2,3
vanderbilt,0,0,0,7,0,0
reo,0,0,0,7,1,0
natonstar,0,0,0,1,0,0
impartial,0,0,0,1,0,1
substitution,0,0,0,4,4,0
fannie,0,0,0,22,1,0
mae,0,0,0,21,7,0
substitutions,0,0,0,1,0,0
trustees,0,0,0,5,2,2
doubtful,0,0,0,2,1,1
happended,0,0,0,2,0,0
inspections,0,0,0,35,1,0
percentages,0,0,0,2,0,0
bless,0,0,0,8,2,2
gang,0,0,0,2,0,1
nightmares,0,0,0,2,0,0
construct,0,0,0,4,0,2
coat,0,0,0,1,0,0
cheapest,0,0,0,1,0,0
ombudsman,0,0,0,25,16,2
deadbeat,0,0,0,2,4,0
inacurate,0,0,0,1,0,0
doom,0,0,0,2,1,0
abbreviation,0,0,0,1,0,0
breakage,0,0,0,2,0,0
inefficiency,0,0,0,4,0,1
addmendment,0,0,0,1,0,0
reschedule,0,0,0,14,3,0
nessesary,0,0,0,1,0,0
exceptional,0,0,0,3,2,0
sterns,0,0,0,3,0,0
transferee,0,0,0,3,0,0
owen,0,0,0,4,0,0
asc,0,0,0,90,0,0
preservation,0,0,0,33,0,0
chart,0,0,0,2,1,1
equate,0,0,0,4,1,0
finalization,0,0,0,3,0,0
condominium,0,0,0,14,0,0
snarky,0,0,0,2,0,0
purgatory,0,0,0,2,0,0
hell,0,0,0,3,0,0
soooooo,0,0,0,1,0,0
assigmnet,0,0,0,1,0,0
rmbs,0,0,0,6,0,0
psa,0,0,0,11,2,0
mortagage,0,0,0,8,0,2
sceduled,0,0,0,1,0,0
shortyly,0,0,0,1,0,0
duel,0,0,0,7,0,0
rtr,0,0,0,16,0,0
provisos,0,0,0,1,0,0
reassign,0,0,0,7,4,0
spoc,0,0,0,26,0,0
boilerplate,0,0,0,6,0,0
adversarial,0,0,0,2,2,0
successors,0,0,0,5,3,0
paystubs,0,0,0,34,0,0
painstaking,0,0,0,1,0,0
homeequity,0,0,0,2,0,0
mychapter,0,0,0,1,0,0
sevenmonths,0,0,0,1,0,0
asit,0,0,0,1,0,0
xxxxmortgage,0,0,0,1,0,0
cannotunderstand,0,0,0,1,0,0
timeagain,0,0,0,1,0,0
easilymake,0,0,0,1,0,0
practiceespecially,0,0,0,1,0,0
planand,0,0,0,1,0,0
asimple,0,0,0,1,0,0
thefinancial,0,0,0,1,0,0
thechapter,0,0,0,1,0,0
givenvarious,0,0,0,1,0,0
iwas,0,0,0,3,0,0
designation,0,0,0,2,1,3
beremoved,0,0,0,2,0,0
arequest,0,0,0,1,0,0
notedthat,0,0,0,1,0,0
tofax,0,0,0,1,0,0
okxxxx,0,0,0,1,0,0
faxon,0,0,0,2,0,0
becontacting,0,0,0,1,0,0
thetreatment,0,0,0,1,0,0
wfhm,0,0,0,32,0,0
reconveyance,0,0,0,8,0,0
invisible,0,0,0,1,0,1
overlay,0,0,0,3,0,0
loancare,0,0,0,88,2,0
disband,0,0,0,1,0,0
affirmative,0,0,0,5,2,0
desks,0,0,0,2,0,0
affiant,0,0,0,1,0,0
magnitude,0,0,0,4,1,0
erosion,0,0,0,1,0,0
moral,0,0,0,6,0,0
professionals,0,0,0,9,5,1
appraisers,0,0,0,10,0,0
informationin,0,0,0,1,0,0
rov,0,0,0,1,0,0
usbankcorp,0,0,0,3,0,0
phh,0,0,0,89,0,0
quicken,0,0,0,104,0,0
supersede,0,0,0,2,1,1
barn,0,0,0,2,0,0
berm,0,0,0,5,0,0
misspoke,0,0,0,2,0,0
vastly,0,0,0,2,0,0
inadequately,0,0,0,2,1,0
negotiators,0,0,0,4,0,0
crude,0,0,0,1,0,0
embrace,0,0,0,21,0,0
mip,0,0,0,40,0,0
streamline,0,0,0,33,0,1
mutable,0,0,0,1,1,0
dil,0,0,0,5,0,0
appologized,0,0,0,1,0,0
coorect,0,0,0,1,0,0
handout,0,0,0,4,0,0
cival,0,0,0,1,0,0
responsethe,0,0,0,1,0,0
fka,0,0,0,1,2,0
cerificateholders,0,0,0,1,0,0
knoweledge,0,0,0,1,0,0
loacated,0,0,0,1,0,0
vacant,0,0,0,38,4,0
comfirmation,0,0,0,1,0,0
cambe,0,0,0,1,0,0
nka,0,0,0,1,0,0
poetetially,0,0,0,1,0,0
isue,0,0,0,1,0,0
winterize,0,0,0,4,1,0
xxxxxxxxxxxxplease,0,0,0,1,0,0
billpayer,0,0,0,1,0,0
retrain,0,0,0,3,0,0
injunction,0,0,0,4,7,1
reposted,0,0,0,4,0,0
stepstools,0,0,0,1,0,0
abundantly,0,0,0,1,2,0
vast,0,0,0,1,0,0
judiciary,0,0,0,12,1,1
hearings,0,0,0,5,0,1
freeloaders,0,0,0,1,0,0
abnegate,0,0,0,1,0,0
origins,0,0,0,1,0,0
detach,0,0,0,3,0,0
cfp,0,0,0,2,0,0
cow,0,0,0,1,0,0
citizensone,0,0,0,2,0,0
avm,0,0,0,1,0,0
finagle,0,0,0,1,0,1
plaintiff,0,0,0,30,34,8
unclean,0,0,0,2,0,0
computerize,0,0,0,4,1,2
inconsistancies,0,0,0,1,0,0
carrington,0,0,0,112,1,0
participant,0,0,0,3,0,0
disqualifiers,0,0,0,1,0,0
criteriea,0,0,0,1,0,0
modifacation,0,0,0,2,0,0
monthy,0,0,0,2,0,0
hanger,0,0,0,1,0,0
unseal,0,0,0,2,0,1
researchng,0,0,0,1,0,0
disconcert,0,0,0,2,2,0
unintended,0,0,0,1,0,0
revisions,0,0,0,2,0,0
ag,0,0,0,3,4,5
renter,0,0,0,6,3,10
virtue,0,0,0,4,0,0
rcs,0,0,0,15,2,0
forclosre,0,0,0,1,0,0
attemtps,0,0,0,1,0,0
pfd,0,0,0,3,0,0
pfdh,0,0,0,1,0,0
swift,0,0,0,1,1,0
interfacing,0,0,0,1,0,0
loop,0,0,0,8,2,4
counselors,0,0,0,9,0,0
andinformation,0,0,0,1,0,0
morter,0,0,0,1,0,0
ougt,0,0,0,1,0,0
tous,0,0,0,1,0,0
rebound,0,0,0,2,0,0
uncertainty,0,0,0,2,0,0
cave,0,0,0,1,1,0
entail,0,0,0,3,1,0
analyize,0,0,0,1,0,0
penalites,0,0,0,1,0,0
ative,0,0,0,1,0,0
debauchery,0,0,0,1,0,0
gloss,0,0,0,1,0,0
atte,0,0,0,1,0,0
mpted,0,0,0,1,0,0
moot,0,0,0,4,2,0
ra,0,0,0,1,1,0
representati,0,0,0,1,0,0
unimportant,0,0,0,1,0,0
fi,0,0,0,9,0,1
misapplication,0,0,0,5,1,0
dovenmuehle,0,0,0,5,0,0
acept,0,0,0,1,0,0
callous,0,0,0,1,0,0
setrus,0,0,0,2,0,0
stag,0,0,0,6,2,2
filebankruptcy,0,0,0,1,0,0
anew,0,0,0,4,0,0
refinancehouse,0,0,0,1,0,0
payt,0,0,0,1,0,0
referthem,0,0,0,1,0,0
asto,0,0,0,1,0,0
amerisave,0,0,0,19,0,0
million,0,0,0,1,0,0
stoppedright,0,0,0,1,0,0
xxxxxxxxprevious,0,0,0,1,0,0
xxxxxxxxoriginal,0,0,0,1,0,0
deeded,0,0,0,4,0,0
mortgsge,0,0,0,1,0,0
leiu,0,0,0,3,0,0
nci,0,0,0,3,0,0
delinguency,0,0,0,1,0,0
afoul,0,0,0,1,0,0
linger,0,0,0,2,1,0
inputting,0,0,0,3,1,0
diligent,0,0,0,5,1,4
attourneys,0,0,0,1,0,0
sponsor,0,0,0,5,1,0
militaries,0,0,0,1,0,0
traumatize,0,0,0,2,0,0
gradually,0,0,0,1,1,0
clamor,0,0,0,1,0,0
advisers,0,0,0,2,0,0
collar,0,0,0,3,0,1
criminologist,0,0,0,1,0,0
curb,0,0,0,2,0,0
messy,0,0,0,4,0,0
paucity,0,0,0,2,0,0
brilliant,0,0,0,1,1,0
payemtns,0,0,0,1,0,0
sendthem,0,0,0,1,0,0
persistent,0,0,0,5,5,11
titel,0,0,0,1,0,0
escro,0,0,0,1,0,0
underwritter,0,0,0,2,0,0
sevicing,0,0,0,2,0,0
gotton,0,0,0,1,0,0
stearns,0,0,0,17,0,0
tihs,0,0,0,1,0,0
continuation,0,0,0,3,4,1
bonafide,0,0,0,1,0,0
auditors,0,0,0,3,1,0
evictions,0,0,0,1,0,3
legalize,0,0,0,1,0,0
justices,0,0,0,2,0,0
piranhas,0,0,0,1,0,0
banckruptcy,0,0,0,1,0,1
ies,0,0,0,1,0,0
pendency,0,0,0,2,1,0
offend,0,0,0,4,2,1
physcial,0,0,0,1,0,0
wet,0,0,0,4,2,6
expropriation,0,0,0,1,0,0
unaffilated,0,0,0,1,0,0
expropriate,0,0,0,1,0,0
rushmore,0,0,0,42,1,0
ervices,0,0,0,1,0,0
jeopridise,0,0,0,1,0,0
reversely,0,0,0,1,0,0
dieum,0,0,0,1,0,0
venta,0,0,0,1,0,0
hesitant,0,0,0,2,2,1
junction,0,0,0,1,0,0
xiv,0,0,0,1,0,0
subtitle,0,0,0,1,2,0
dwell,0,0,0,11,1,0
depository,0,0,0,2,0,0
prohibitions,0,0,0,2,0,0
clsoing,0,0,0,2,0,0
liquidity,0,0,0,2,0,0
coldwell,0,0,0,6,0,0
sin,0,0,0,1,0,0
lace,0,0,0,1,0,0
tarp,0,0,0,9,0,0
stonegate,0,0,0,16,0,0
cohorts,0,0,0,3,0,0
folk,0,0,0,2,1,0
governments,0,0,0,2,0,0
nms,0,0,0,5,0,0
myold,0,0,0,1,0,0
mycounty,0,0,0,1,0,0
installmentdue,0,0,0,1,0,0
bankwas,0,0,0,1,0,0
phonethat,0,0,0,1,0,0
usesa,0,0,0,1,0,0
myamount,0,0,0,1,0,0
thatthey,0,0,0,2,0,0
cansend,0,0,0,1,0,0
ispoke,0,0,0,1,0,0
customercustomer,0,0,0,1,0,0
thecounty,0,0,0,1,0,0
countyhas,0,0,0,1,0,0
toxxxx,0,0,0,1,1,1
notreceived,0,0,0,1,0,0
constantlycalled,0,0,0,1,0,0
onefrom,0,0,0,1,0,0
xxxxas,0,0,0,1,0,0
treatments,0,0,0,2,0,0
breather,0,0,0,1,0,0
forclose,0,0,0,9,0,0
stamina,0,0,0,1,0,0
forgivin,0,0,0,1,0,0
differences,0,0,0,4,0,4
instatement,0,0,0,2,0,0
repost,0,0,0,2,0,1
misposted,0,0,0,2,0,0
misposting,0,0,0,1,0,0
bpo,0,0,0,30,1,0
surgically,0,0,0,1,0,0
actuality,0,0,0,7,0,0
resp,0,0,0,2,0,0
reconveyed,0,0,0,1,0,0
possessionxxxx,0,0,0,1,0,0
mortages,0,0,0,1,0,0
reconveyances,0,0,0,1,0,0
fema,0,0,0,17,1,0
rescuer,0,0,0,1,0,0
nationalstar,0,0,0,1,0,0
ns,0,0,0,9,0,0
bridge,0,0,0,7,5,0
paym,0,0,0,1,0,0
ent,0,0,0,2,1,0
ell,0,0,0,1,0,0
tatement,0,0,0,2,0,0
contacte,0,0,0,2,0,0
statem,0,0,0,1,0,0
aga,0,0,0,1,1,0
ention,0,0,0,1,0,0
further,0,0,0,3,1,0
stern,0,0,0,2,1,0
backpedal,0,0,0,1,0,0
abjure,0,0,0,1,0,0
censure,0,0,0,1,0,0
hinge,0,0,0,1,0,0
frantic,0,0,0,2,0,1
overbilled,0,0,0,1,0,0
lockbox,0,0,0,3,0,0
generations,0,0,0,2,0,0
janaury,0,0,0,1,0,0
fence,0,0,0,5,1,0
jacuzzi,0,0,0,2,0,0
rust,0,0,0,1,1,0
forecloser,0,0,0,4,0,0
lam,0,0,0,1,0,0
homecomings,0,0,0,4,0,0
ballon,0,0,0,1,0,0
fricking,0,0,0,1,0,0
ruffly,0,0,0,1,0,0
sitituation,0,0,0,1,0,0
invovled,0,0,0,1,0,0
song,0,0,0,3,1,1
merry,0,0,0,2,0,0
fnance,0,0,0,1,0,0
refigure,0,0,0,1,0,0
mortga,0,0,0,2,0,0
ke,0,0,0,1,0,0
coordination,0,0,0,4,0,0
prep,0,0,0,1,0,0
explinatin,0,0,0,1,0,0
coordinate,0,0,0,8,0,1
couriered,0,0,0,1,0,0
cardinal,0,0,0,13,1,0
sebonic,0,0,0,14,0,0
narrative,0,0,0,2,0,0
deceivableness,0,0,0,1,0,0
aoviding,0,0,0,1,0,0
forcelosure,0,0,0,1,0,0
spoent,0,0,0,1,0,0
lwender,0,0,0,1,0,0
proiperty,0,0,0,1,0,0
franchise,0,0,0,1,0,0
orient,0,0,0,2,0,0
ligitation,0,0,0,1,0,0
proclaim,0,0,0,2,1,1
undercover,0,0,0,1,0,0
mortgagors,0,0,0,1,0,0
desease,0,0,0,1,0,0
forfiting,0,0,0,1,0,0
plese,0,0,0,1,1,0
righ,0,0,0,1,0,0
preditory,0,0,0,2,0,0
lendors,0,0,0,2,0,0
harerass,0,0,0,1,0,0
prp,0,0,0,1,0,0
kyhc,0,0,0,28,0,0
labled,0,0,0,2,0,0
dispursement,0,0,0,1,0,0
disp,0,0,0,2,0,1
forceplaced,0,0,0,1,0,0
leter,0,0,0,1,1,0
athorized,0,0,0,1,0,0
efuru,0,0,0,1,0,0
partally,0,0,0,1,0,0
initail,0,0,0,1,0,0
staes,0,0,0,1,0,0
neede,0,0,0,3,1,0
autorized,0,0,0,1,0,0
severl,0,0,0,1,0,0
defacto,0,0,0,1,0,0
prequalification,0,0,0,2,0,0
submmited,0,0,0,1,0,0
affordability,0,0,0,4,0,0
cluster,0,0,0,2,0,0
preapproval,0,0,0,8,0,0
preapprove,0,0,0,2,0,0
nominee,0,0,0,4,2,0
qwrs,0,0,0,1,0,0
mu,0,0,0,1,0,0
cco,0,0,0,16,0,0
happed,0,0,0,2,0,0
comparables,0,0,0,4,0,0
sizable,0,0,0,2,0,0
reversion,0,0,0,1,0,0
xxxxcaliber,0,0,0,1,0,0
charity,0,0,0,1,4,0
vir,0,0,0,1,0,0
gphl,0,0,0,2,0,0
paymentsi,0,0,0,1,0,0
unaudited,0,0,0,1,0,0
unble,0,0,0,1,0,0
phl,0,0,0,12,0,0
hhfp,0,0,0,1,0,0
upb,0,0,0,7,0,0
mediationon,0,0,0,1,0,0
modificationchase,0,0,0,1,0,0
transcribe,0,0,0,3,0,0
dayfor,0,0,0,1,0,0
quitclaim,0,0,0,12,0,0
deeds,0,0,0,13,2,6
cmi,0,0,0,19,1,0
contributor,0,0,0,5,0,0
rfi,0,0,0,8,0,0
residency,0,0,0,4,6,0
loe,0,0,0,4,0,0
loes,0,0,0,1,0,0
seasonally,0,0,0,2,0,0
subjectivity,0,0,0,1,0,0
seasonal,0,0,0,6,0,0
objectively,0,0,0,1,0,0
variables,0,0,0,1,0,0
mathematically,0,0,0,1,0,0
contingently,0,0,0,1,0,0
rectification,0,0,0,1,0,0
irregularities,0,0,0,5,3,0
coerce,0,0,0,2,8,1
unquestionable,0,0,0,2,0,0
nutter,0,0,0,4,0,0
aurora,0,0,0,5,0,0
remission,0,0,0,1,0,0
underhanded,0,0,0,5,4,2
meltdown,0,0,0,4,0,0
lip,0,0,0,1,0,1
asreckless,0,0,0,1,0,0
inflation,0,0,0,2,0,0
theability,0,0,0,1,0,0
bankunited,0,0,0,4,0,0
med,0,0,0,1,8,0
builde,0,0,0,1,0,0
sfhdf,0,0,0,2,0,0
fo,0,0,0,3,1,2
hen,0,0,0,3,0,0
floodplain,0,0,0,1,0,0
surprisedly,0,0,0,1,0,0
disc,0,0,0,1,0,0
uss,0,0,0,1,0,0
mischarged,0,0,0,1,0,0
landscaper,0,0,0,1,0,0
mers,0,0,0,6,1,0
seeminglly,0,0,0,1,0,0
distortion,0,0,0,1,0,0
decativated,0,0,0,1,0,0
sucess,0,0,0,1,0,0
repeatly,0,0,0,3,2,0
insursance,0,0,0,1,0,0
lasp,0,0,0,1,0,0
modificatin,0,0,0,2,0,0
neighborehood,0,0,0,1,0,0
statment,0,0,0,1,1,0
forebear,0,0,0,1,0,0
tin,0,0,0,1,0,0
ang,0,0,0,1,0,0
br,0,0,0,4,1,0
delinquents,0,0,0,3,0,0
unpaired,0,0,0,1,0,0
microfilm,0,0,0,1,0,0
massage,0,0,0,1,1,1
earmark,0,0,0,1,0,0
neverreceived,0,0,0,1,0,0
wasbecause,0,0,0,1,0,0
heardfrom,0,0,0,1,0,0
wouldcontact,0,0,0,1,0,0
undervalue,0,0,0,1,0,0
forgo,0,0,0,3,0,1
golden,0,0,0,2,0,0
scatter,0,0,0,4,0,1
hardwood,0,0,0,3,1,0
oppression,0,0,0,1,0,0
hafa,0,0,0,23,0,0
robosigned,0,0,0,1,0,0
defunct,0,0,0,8,10,2
disbar,0,0,0,4,4,0
frabicating,0,0,0,1,0,0
mannual,0,0,0,1,0,0
xxxxmet,0,0,0,1,0,0
chkg,0,0,0,1,0,0
mtg,0,0,0,27,1,0
ckg,0,0,0,1,0,0
represenatives,0,0,0,2,1,0
resolcve,0,0,0,1,0,0
axxxx,0,0,0,1,0,0
xxxxnow,0,0,0,1,0,0
cornerstone,0,0,0,2,0,0
skyrocket,0,0,0,2,0,0
portfoloio,0,0,0,1,0,0
servincing,0,0,0,1,0,0
ttached,0,0,0,1,0,0
hous,0,0,0,1,1,0
rece,0,0,0,1,0,0
ived,0,0,0,1,0,0
ired,0,0,0,1,0,0
wha,0,0,0,1,0,1
tever,0,0,0,1,0,0
roller,0,0,0,1,0,0
coaster,0,0,0,1,0,0
chxxxx,0,0,0,3,2,0
tank,0,0,0,4,1,0
rom,0,0,0,1,0,0
cuma,0,0,0,1,0,0
sinc,0,0,0,2,0,0
clos,0,0,0,1,0,0
crucially,0,0,0,1,0,0
embark,0,0,0,1,1,0
enlist,0,0,0,3,0,0
catastrophe,0,0,0,1,0,0
telemarketers,0,0,0,1,1,0
dialogue,0,0,0,4,2,0
establishments,0,0,0,1,0,0
madden,0,0,0,1,0,0
renovate,0,0,0,3,1,0
inhabit,0,0,0,1,0,0
vandalize,0,0,0,2,0,0
disarray,0,0,0,2,0,0
apathetic,0,0,0,1,0,0
rot,0,0,0,3,1,1
daunt,0,0,0,1,0,0
loom,0,0,0,5,0,0
accessibility,0,0,0,1,0,0
uncontrollably,0,0,0,2,0,0
receptionist,0,0,0,3,14,0
rattle,0,0,0,1,2,0
transmittal,0,0,0,1,2,0
greetings,0,0,0,2,1,0
recission,0,0,0,4,0,0
promulgate,0,0,0,2,0,0
simultaneous,0,0,0,2,0,1
hecm,0,0,0,5,0,0
lited,0,0,0,1,0,0
pe,0,0,0,1,0,0
eek,0,0,0,1,0,0
corr,0,0,0,1,0,0
ectly,0,0,0,1,0,0
vices,0,0,0,1,0,0
wer,0,0,0,1,0,0
whi,0,0,0,1,0,0
diffuculties,0,0,0,1,0,0
bankrupcty,0,0,0,2,0,1
moorage,0,0,0,1,0,0
pretender,0,0,0,2,0,0
scum,0,0,0,3,0,0
ocwenloan,0,0,0,1,0,0
drawdown,0,0,0,1,0,0
rescan,0,0,0,1,0,0
unwieldy,0,0,0,1,0,0
exed,0,0,0,1,0,0
tmscustomer,0,0,0,1,0,0
thereunder,0,0,0,1,0,0
understate,0,0,0,6,0,0
imprison,0,0,0,1,0,0
expir,0,0,0,1,0,0
whichever,0,0,0,8,3,0
subsection,0,0,0,1,18,19
railings,0,0,0,2,0,0
aggreement,0,0,0,3,0,0
entrance,0,0,0,1,1,1
adjacent,0,0,0,2,2,0
doored,0,0,0,1,0,0
reinstatment,0,0,0,2,0,0
startup,0,0,0,1,0,0
blizzard,0,0,0,1,0,0
champion,0,0,0,11,1,0
gobbledy,0,0,0,1,0,0
gook,0,0,0,1,0,0
magic,0,0,0,1,1,0
deparment,0,0,0,1,0,0
heartache,0,0,0,2,0,0
slogan,0,0,0,1,0,0
irst,0,0,0,1,0,0
ment,0,0,0,3,0,1
lorida,0,0,0,1,0,0
ev,0,0,0,1,0,0
unfaithful,0,0,0,1,0,0
selen,0,0,0,1,0,0
evry,0,0,0,2,0,0
owr,0,0,0,1,0,0
respone,0,0,0,1,0,0
proudly,0,0,0,2,0,0
kickback,0,0,0,4,0,0
pp,0,0,0,3,0,0
awareness,0,0,0,1,1,1
profess,0,0,0,1,0,0
penetrate,0,0,0,1,0,0
seldom,0,0,0,1,1,0
xxxxxxxxsummary,0,0,0,1,0,0
repetitively,0,0,0,2,2,0
xxxxforfeit,0,0,0,1,0,0
reportsletters,0,0,0,1,0,0
nationstarcourt,0,0,0,1,0,0
receiptfederal,0,0,0,1,0,0
debris,0,0,0,2,0,0
tyhem,0,0,0,1,0,0
foreclosue,0,0,0,1,0,0
spokesperson,0,0,0,1,0,0
begfin,0,0,0,1,0,0
dshort,0,0,0,1,0,0
werer,0,0,0,1,0,0
filer,0,0,0,1,0,1
thzat,0,0,0,1,0,0
constanly,0,0,0,1,0,0
mus,0,0,0,1,0,1
jigsaw,0,0,0,1,0,0
ditechs,0,0,0,1,0,0
proce,0,0,0,1,0,0
preservationist,0,0,0,1,0,0
preservationists,0,0,0,1,0,0
salaried,0,0,0,1,0,0
seam,0,0,0,3,1,0
cohesively,0,0,0,1,0,0
demoralize,0,0,0,1,0,0
patronize,0,0,0,2,0,0
falter,0,0,0,2,0,0
courtesies,0,0,0,1,0,0
runaway,0,0,0,1,0,0
infantile,0,0,0,1,0,0
existance,0,0,0,1,0,0
naca,0,0,0,8,0,0
restart,0,0,0,11,4,0
raw,0,0,0,2,0,1
statistic,0,0,0,2,0,0
satifaction,0,0,0,1,0,0
backburner,0,0,0,1,0,0
midigator,0,0,0,1,0,0
owcen,0,0,0,7,1,0
dive,0,0,0,2,0,1
borderline,0,0,0,3,3,0
sleeze,0,0,0,1,0,0
demo,0,0,0,1,2,0
utahxxxx,0,0,0,1,0,0
hardcopy,0,0,0,1,1,0
dhi,0,0,0,7,0,0
cas,0,0,0,1,0,0
benifeit,0,0,0,1,0,0
elidgable,0,0,0,1,0,0
bankruptsy,0,0,0,3,1,1
bankruptsies,0,0,0,1,0,0
counsellor,0,0,0,1,0,0
signers,0,0,0,8,2,0
vibrations,0,0,0,1,0,0
chest,0,0,0,2,0,0
tho,0,0,0,6,0,1
contemptuous,0,0,0,1,0,0
notepad,0,0,0,1,0,0
portraits,0,0,0,1,0,0
sneer,0,0,0,1,0,0
scoff,0,0,0,1,0,0
tr,0,0,0,1,0,0
recess,0,0,0,2,0,0
longe,0,0,0,1,0,0
unbiased,0,0,0,1,0,1
termite,0,0,0,4,0,0
infest,0,0,0,1,4,0
ofc,0,0,0,1,0,0
joists,0,0,0,1,0,0
subfloor,0,0,0,1,0,0
brass,0,0,0,1,0,0
vis,0,0,0,2,0,0
godsend,0,0,0,1,0,0
grasp,0,0,0,1,1,1
clearspring,0,0,0,11,0,0
abstractor,0,0,0,2,0,0
evp,0,0,0,1,0,0
radical,0,0,0,1,0,0
patronage,0,0,0,1,0,0
trough,0,0,0,2,2,1
huaband,0,0,0,1,0,0
defualt,0,0,0,1,0,0
pleae,0,0,0,2,0,0
alias,0,0,0,3,3,4
cia,0,0,0,1,0,0
mega,0,0,0,1,0,1
heal,0,0,0,3,1,0
courtroom,0,0,0,1,2,1
logos,0,0,0,1,1,0
medicare,0,0,0,2,3,2
cascade,0,0,0,1,1,0
turnoff,0,0,0,1,0,0
reentered,0,0,0,1,0,0
copper,0,0,0,2,0,0
solder,0,0,0,1,0,0
livable,0,0,0,5,0,0
uscfpb,0,0,0,3,0,1
ymortgage,0,0,0,1,0,0
xxxxxxxxhomerushmore,0,0,0,1,0,0
servicesphoto,0,0,0,1,0,0
centercurrent,0,0,0,1,0,0
outcurrent,0,0,0,1,0,0
informationloan,0,0,0,1,0,0
xxxxproperty,0,0,0,3,0,0
versionborrower,0,0,0,1,0,0
informationcurrent,0,0,0,1,0,0
xxxxxxxxfirst,0,0,0,1,0,0
pmimaturity,0,0,0,1,0,0
informationscheduled,0,0,0,1,0,0
xxxxxxxxprincipal,0,0,0,1,0,0
xxxxxxxxtotal,0,0,0,1,0,0
xxxxxxxxpayments,0,0,0,1,0,0
thepayment,0,0,0,3,0,0
xxxxxxxxinterest,0,0,0,1,0,0
xxxxxxxxfor,0,0,0,1,0,0
hereyear,0,0,0,1,0,0
totalsprincipal,0,0,0,1,0,0
licensingequal,0,0,0,1,0,0
compressor,0,0,0,1,0,0
fan,0,0,0,5,0,1
payback,0,0,0,4,0,0
unlivable,0,0,0,4,0,0
bullets,0,0,0,1,0,0
incontrovertible,0,0,0,1,0,0
citation,0,0,0,2,14,1
blight,0,0,0,3,0,0
werlls,0,0,0,1,0,0
hbor,0,0,0,5,0,0
amiount,0,0,0,1,0,0
column,0,0,0,5,0,3
intermediary,0,0,0,1,0,0
partake,0,0,0,2,0,0
strength,0,0,0,3,1,0
xxxxusd,0,0,0,1,0,0
companyreport,0,0,0,1,0,0
dmi,0,0,0,2,0,0
helpline,0,0,0,2,0,0
manners,0,0,0,1,3,0
woundering,0,0,0,1,0,0
starte,0,0,0,1,0,0
appraisel,0,0,0,3,0,0
sol,0,0,0,3,11,1
football,0,0,0,1,0,0
stadium,0,0,0,1,0,0
shenanigans,0,0,0,2,1,2
assignor,0,0,0,1,0,0
assigner,0,0,0,2,0,0
subservicer,0,0,0,2,0,0
motification,0,0,0,3,0,0
iitthe,0,0,0,1,0,0
difered,0,0,0,2,0,0
behindon,0,0,0,1,0,0
staing,0,0,0,1,0,0
aproved,0,0,0,1,0,1
excitedly,0,0,0,1,0,0
uncompassionate,0,0,0,1,0,0
incorp,0,0,0,1,2,0
expansion,0,0,0,2,0,1
uptick,0,0,0,1,0,0
irrrl,0,0,0,4,0,0
capwest,0,0,0,1,0,0
quagmire,0,0,0,1,0,0
reclassify,0,0,0,2,0,0
townemortgage,0,0,0,1,0,0
servicessubject,0,0,0,1,0,0
commentsmessage,0,0,0,1,0,0
xxxxssn,0,0,0,1,0,0
vultures,0,0,0,3,0,1
lowlife,0,0,0,1,0,0
tail,0,0,0,1,0,1
conferences,0,0,0,2,0,0
whee,0,0,0,1,1,0
mortgagor,0,0,0,23,1,0
diferent,0,0,0,4,0,0
eveything,0,0,0,2,1,0
agin,0,0,0,1,0,0
purposly,0,0,0,1,0,0
inculding,0,0,0,1,0,0
floreclose,0,0,0,1,0,0
suppost,0,0,0,1,0,0
robosigners,0,0,0,2,0,0
preside,0,0,0,2,0,0
forclosing,0,0,0,1,0,0
ehlp,0,0,0,9,0,0
solidifi,0,0,0,1,0,0
shy,0,0,0,2,0,1
rapid,0,0,0,3,1,0
rescore,0,0,0,3,0,0
align,0,0,0,1,2,1
deficits,0,0,0,1,0,0
balancel,0,0,0,1,0,0
scrape,0,0,0,2,0,0
scrimp,0,0,0,2,1,0
frantically,0,0,0,2,0,0
duck,0,0,0,1,0,1
leader,0,0,0,5,0,0
tbey,0,0,0,1,0,0
ebs,0,0,0,1,0,0
interfirst,0,0,0,1,0,0
suburbs,0,0,0,2,0,0
guideliens,0,0,0,1,0,0
laon,0,0,0,1,0,0
restructed,0,0,0,1,0,0
grievous,0,0,0,1,0,1
uncontested,0,0,0,4,0,0
stabilize,0,0,0,2,0,1
servgicing,0,0,0,1,0,0
contour,0,0,0,11,0,0
hvac,0,0,0,1,0,0
homework,0,0,0,1,1,0
lian,0,0,0,1,1,0
upsidedown,0,0,0,1,0,0
braanch,0,0,0,1,0,0
beause,0,0,0,1,0,0
explanied,0,0,0,1,0,0
sea,0,0,0,1,0,0
sporadic,0,0,0,3,0,1
connectivity,0,0,0,2,1,0
forwraded,0,0,0,1,0,0
misfiled,0,0,0,1,0,0
misread,0,0,0,1,0,0
garble,0,0,0,2,0,0
presedence,0,0,0,1,0,0
testimony,0,0,0,4,0,0
alledge,0,0,0,1,0,0
factsgiven,0,0,0,1,0,0
heresay,0,0,0,1,0,0
prensented,0,0,0,1,0,0
brite,0,0,0,1,0,0
signitures,0,0,0,1,0,0
signiture,0,0,0,2,1,0
opputunity,0,0,0,1,0,0
connecticutj,0,0,0,1,0,0
plaintiffv,0,0,0,1,0,0
anddefendantsxxxx,0,0,0,1,0,0
precedence,0,0,0,2,0,0
riddle,0,0,0,1,3,1
judacata,0,0,0,1,0,0
supreme,0,0,0,10,2,1
postponement,0,0,0,23,0,0
tpp,0,0,0,23,0,0
pathway,0,0,0,1,0,0
slim,0,0,0,1,0,0
receivng,0,0,0,1,0,0
offical,0,0,0,2,0,0
discretionary,0,0,0,1,0,0
exemption,0,0,0,7,20,0
assessments,0,0,0,6,0,1
outpace,0,0,0,1,0,0
astoria,0,0,0,11,0,0
surrogates,0,0,0,4,0,0
refiled,0,0,0,3,3,1
litem,0,0,0,6,0,0
cfbp,0,0,0,6,1,4
hedge,0,0,0,5,0,0
cruel,0,0,0,3,3,0
voters,0,0,0,1,1,0
roads,0,0,0,1,1,0
art,0,0,0,1,0,0
peo,0,0,0,1,0,0
paymennt,0,0,0,1,0,0
managet,0,0,0,1,0,0
variance,0,0,0,2,1,0
inefficiencies,0,0,0,2,0,0
cumbersome,0,0,0,4,0,0
distressful,0,0,0,1,0,0
mailroom,0,0,0,2,0,0
circuit,0,0,0,7,7,3
phonement,0,0,0,1,0,0
asa,0,0,0,1,0,0
yprevious,0,0,0,1,0,0
flimsy,0,0,0,2,1,0
darn,0,0,0,3,0,0
brevity,0,0,0,1,0,0
bankrupcy,0,0,0,5,1,6
situeation,0,0,0,1,0,0
grossviolation,0,0,0,1,0,0
cantact,0,0,0,2,0,0
extrememly,0,0,0,1,0,0
occupants,0,0,0,1,1,0
homesaver,0,0,0,1,0,0
soluation,0,0,0,1,0,0
correspondance,0,0,0,3,2,0
employess,0,0,0,2,0,0
legalaction,0,0,0,1,0,0
sex,0,0,0,1,0,0
albuquerque,0,0,0,3,2,0
binder,0,0,0,1,0,0
ruination,0,0,0,1,0,0
boy,0,0,0,3,0,0
uneasy,0,0,0,2,0,0
usda,0,0,0,9,0,0
ql,0,0,0,1,0,0
inherently,0,0,0,2,0,0
bankerdirect,0,0,0,1,0,0
specialistdirect,0,0,0,1,0,0
ampule,0,0,0,1,0,0
stagebridge,0,0,0,1,0,0
rescue,0,0,0,2,0,0
vandyk,0,0,0,8,0,0
mortgagecorporation,0,0,0,1,0,0
dyk,0,0,0,4,0,0
endof,0,0,0,2,0,0
fora,0,0,0,2,0,0
billvering,0,0,0,1,0,0
sresponse,0,0,0,1,0,0
itstands,0,0,0,1,0,0
worship,0,0,0,1,0,0
indeedwait,0,0,0,1,0,0
adjudication,0,0,0,1,0,9
mockery,0,0,0,1,0,1
disapproval,0,0,0,1,1,0
pillage,0,0,0,1,0,0
unveil,0,0,0,1,0,0
refile,0,0,0,4,0,0
fonts,0,0,0,2,0,0
squash,0,0,0,2,0,0
approximatley,0,0,0,1,0,0
assessor,0,0,0,10,1,0
fifa,0,0,0,1,0,0
packagei,0,0,0,1,0,0
replica,0,0,0,2,0,0
attache,0,0,0,1,0,0
inconsistently,0,0,0,2,0,0
fpf,0,0,0,3,0,0
sarcasm,0,0,0,1,1,0
criticize,0,0,0,1,0,0
destitute,0,0,0,1,1,1
shamefull,0,0,0,1,0,0
payements,0,0,0,2,0,0
sighning,0,0,0,1,0,0
ido,0,0,0,1,1,1
nah,0,0,0,1,0,0
somebosy,0,0,0,1,0,0
haha,0,0,0,1,0,0
harrison,0,0,0,1,0,0
rms,0,0,0,26,4,0
avert,0,0,0,1,0,0
irequested,0,0,0,1,0,0
realy,0,0,0,1,0,1
ou,0,0,0,1,1,0
muy,0,0,0,1,0,0
banjk,0,0,0,1,0,0
dude,0,0,0,1,1,0
absulutely,0,0,0,1,0,0
infornation,0,0,0,1,0,0
abs,0,0,0,1,0,0
theyhelped,0,0,0,1,0,0
alldocuments,0,0,0,1,0,0
evalulation,0,0,0,1,0,0
confirmingthey,0,0,0,1,0,0
theyalso,0,0,0,1,0,0
loosemy,0,0,0,1,0,0
allthe,0,0,0,1,0,0
documentstating,0,0,0,1,0,0
noticeand,0,0,0,1,0,0
notqualify,0,0,0,1,0,0
inmy,0,0,0,1,0,0
pu,0,0,0,1,0,0
tting,0,0,0,1,0,0
commissioner,0,0,0,4,2,0
borr,0,0,0,1,0,0
telephonically,0,0,0,2,0,2
telephonic,0,0,0,1,1,1
chastise,0,0,0,1,0,0
chin,0,0,0,1,0,0
finalise,0,0,0,1,0,0
thisxxxx,0,0,0,1,0,0
promply,0,0,0,1,0,0
bankfor,0,0,0,1,0,0
bankcontinues,0,0,0,2,0,0
bankvia,0,0,0,1,0,0
modificaftion,0,0,0,1,0,0
sal,0,0,0,1,0,0
comspired,0,0,0,1,0,0
undermind,0,0,0,2,0,0
ownweship,0,0,0,1,0,0
racketeer,0,0,0,3,3,0
crew,0,0,0,2,0,0
damp,0,0,0,1,0,0
fmla,0,0,0,1,0,0
conditionally,0,0,0,8,0,0
productive,0,0,0,1,2,0
teachers,0,0,0,1,0,1
disasters,0,0,0,1,2,0
chill,0,0,0,1,0,0
founder,0,0,0,1,0,0
itemizations,0,0,0,1,0,0
phopne,0,0,0,1,0,0
competency,0,0,0,2,0,0
frustrations,0,0,0,4,1,2
requisite,0,0,0,2,5,0
cloud,0,0,0,5,1,1
resurface,0,0,0,1,2,4
prosecution,0,0,0,3,5,0
charade,0,0,0,2,0,0
regulators,0,0,0,5,1,0
extention,0,0,0,2,2,0
emd,0,0,0,2,0,0
headaches,0,0,0,3,0,1
buers,0,0,0,1,0,0
financals,0,0,0,1,0,0
layoffs,0,0,0,1,0,0
sophisticate,0,0,0,4,3,0
tedious,0,0,0,1,0,2
illusion,0,0,0,1,1,1
mortgagers,0,0,0,4,0,0
toke,0,0,0,1,1,0
negotiatior,0,0,0,1,0,0
cottage,0,0,0,1,0,0
bathrooms,0,0,0,4,0,0
tified,0,0,0,1,0,0
roundpoin,0,0,0,1,0,0
roofer,0,0,0,1,0,0
spokesman,0,0,0,1,0,0
showings,0,0,0,1,0,0
stainless,0,0,0,1,0,0
oven,0,0,0,1,0,0
mineral,0,0,0,2,0,0
quickclaim,0,0,0,1,0,0
anniemac,0,0,0,1,0,0
rookies,0,0,0,1,0,0
onewest,0,0,0,14,0,0
applicaton,0,0,0,1,0,0
willl,0,0,0,4,0,0
cancellable,0,0,0,1,0,0
logon,0,0,0,2,0,2
debilitate,0,0,0,3,0,0
fbc,0,0,0,1,0,0
mortg,0,0,0,4,0,0
deliquent,0,0,0,7,3,9
confrounted,0,0,0,1,0,0
sayiny,0,0,0,1,0,0
preforeclosure,0,0,0,1,0,0
amts,0,0,0,1,0,0
accuring,0,0,0,2,0,0
guru,0,0,0,1,0,0
deceptiveness,0,0,0,1,0,0
babysit,0,0,0,1,1,0
projections,0,0,0,5,0,0
irrespective,0,0,0,1,0,0
kicker,0,0,0,2,0,0
margins,0,0,0,1,0,0
portfolios,0,0,0,2,1,0
manufacturers,0,0,0,1,0,0
traders,0,0,0,1,0,0
ncxxxx,0,0,0,1,0,0
xxxxin,0,0,0,1,1,1
tresspassing,0,0,0,1,1,0
refinanance,0,0,0,1,0,0
realastate,0,0,0,4,0,0
flake,0,0,0,1,0,0
apprise,0,0,0,3,0,0
causation,0,0,0,1,0,0
microscope,0,0,0,1,0,0
vi,0,0,0,1,0,1
amendments,0,0,0,5,1,0
conscious,0,0,0,2,0,0
misdirection,0,0,0,1,0,0
advace,0,0,0,1,0,0
statementwe,0,0,0,1,0,0
themortgage,0,0,0,2,0,0
paymap,0,0,0,5,0,0
accelerator,0,0,0,8,0,0
equator,0,0,0,5,0,0
gabe,0,0,0,1,0,0
dlls,0,0,0,2,0,0
scrow,0,0,0,2,0,0
oir,0,0,0,1,0,0
expensives,0,0,0,1,0,0
thly,0,0,0,1,0,0
outlook,0,0,0,1,0,0
separations,0,0,0,1,0,0
terrify,0,0,0,5,1,2
competetive,0,0,0,1,0,0
unbridle,0,0,0,1,0,0
squelch,0,0,0,1,0,0
clipboard,0,0,0,1,0,0
whifh,0,0,0,1,0,0
leyter,0,0,0,1,0,0
fragile,0,0,0,1,1,0
purchasers,0,0,0,2,0,1
doucuments,0,0,0,1,0,0
forclousure,0,0,0,1,0,0
prepayments,0,0,0,2,0,0
broadly,0,0,0,1,0,0
fudiciary,0,0,0,1,0,0
insurace,0,0,0,2,0,0
yellow,0,0,0,1,1,3
hereto,0,0,0,5,3,0
particularity,0,0,0,1,0,0
walkway,0,0,0,1,0,0
shovel,0,0,0,1,1,0
fiasco,0,0,0,6,0,0
unorganized,0,0,0,2,0,0
menus,0,0,0,1,0,0
xxxxreceived,0,0,0,2,0,0
daysreceived,0,0,0,1,0,0
xxxxdid,0,0,0,1,0,0
bureausreceived,0,0,0,1,0,0
xxxxthroughout,0,0,0,1,0,0
andthat,0,0,0,1,0,0
occs,0,0,0,1,0,0
resultant,0,0,0,1,1,0
bidder,0,0,0,8,0,0
reconvene,0,0,0,2,0,0
ketchup,0,0,0,1,0,0
unbelieveable,0,0,0,1,0,0
mofication,0,0,0,3,0,0
reanalyzed,0,0,0,1,0,0
vectra,0,0,0,3,0,0
cose,0,0,0,1,0,0
surreptitiously,0,0,0,1,0,0
aleady,0,0,0,1,0,0
circumvent,0,0,0,4,3,1
acknowledgements,0,0,0,2,0,0
precondition,0,0,0,3,0,0
andc,0,0,0,1,0,0
bogas,0,0,0,1,0,0
compile,0,0,0,2,3,1
ailments,0,0,0,1,0,0
determinations,0,0,0,1,0,0
makeup,0,0,0,2,0,0
mendacious,0,0,0,1,0,0
carriers,0,0,0,2,2,0
ordinarily,0,0,0,1,0,0
unwitting,0,0,0,1,0,0
forceplace,0,0,0,1,0,0
hugely,0,0,0,1,0,0
punchline,0,0,0,1,0,0
althoughit,0,0,0,1,0,0
hase,0,0,0,1,0,0
sounder,0,0,0,1,0,0
converse,0,0,0,1,1,1
iun,0,0,0,1,0,0
larceny,0,0,0,1,3,0
tortious,0,0,0,1,2,1
impediment,0,0,0,2,0,0
poying,0,0,0,1,0,0
oued,0,0,0,1,0,0
downside,0,0,0,1,0,0
stakeholders,0,0,0,1,0,0
bylaws,0,0,0,4,0,0
casualty,0,0,0,1,0,0
tne,0,0,0,1,0,0
procedurally,0,0,0,1,0,0
errantly,0,0,0,1,0,0
maner,0,0,0,1,0,0
arrrears,0,0,0,1,0,0
exisiting,0,0,0,1,0,0
publicity,0,0,0,2,0,0
faithfulness,0,0,0,1,0,0
century,0,0,0,2,9,0
ratify,0,0,0,1,1,0
hotline,0,0,0,2,2,0
weekday,0,0,0,1,2,0
helplines,0,0,0,1,0,0
idot,0,0,0,1,0,0
manay,0,0,0,1,0,0
msgs,0,0,0,1,0,0
fillanly,0,0,0,1,0,0
fater,0,0,0,1,0,0
wat,0,0,0,1,2,0
midagion,0,0,0,1,0,0
sectin,0,0,0,1,0,0
forcclouse,0,0,0,1,0,0
privateatty,0,0,0,1,0,0
talkedto,0,0,0,1,0,0
diffent,0,0,0,2,1,0
nosaid,0,0,0,1,0,0
ithat,0,0,0,1,0,0
touchit,0,0,0,1,0,0
icome,0,0,0,1,0,0
workiing,0,0,0,1,0,0
modication,0,0,0,5,0,0
thour,0,0,0,1,0,0
mnimum,0,0,0,1,0,0
middleton,0,0,0,1,0,0
dayalls,0,0,0,1,0,0
xxxxmo,0,0,0,1,0,0
att,0,0,0,1,3,3
dor,0,0,0,1,2,0
gregory,0,0,0,4,2,0
gergory,0,0,0,1,0,0
trustable,0,0,0,1,0,0
robbers,0,0,0,1,0,0
clearsprings,0,0,0,4,0,0
polowy,0,0,0,1,0,0
recordning,0,0,0,1,0,0
reassess,0,0,0,4,0,0
spine,0,0,0,1,0,0
koolade,0,0,0,1,0,0
complications,0,0,0,3,3,0
flurry,0,0,0,1,1,0
amply,0,0,0,1,0,0
height,0,0,0,3,1,0
reanimate,0,0,0,1,0,0
resurrection,0,0,0,1,0,0
fateful,0,0,0,1,0,0
reporter,0,0,0,1,1,0
honey,0,0,0,1,0,0
pot,0,0,0,1,1,0
estrange,0,0,0,2,2,1
marriages,0,0,0,1,0,0
biological,0,0,0,1,2,0
pone,0,0,0,4,0,0
sq,0,0,0,5,0,1
ft,0,0,0,2,1,1
pencil,0,0,0,1,0,0
whip,0,0,0,1,0,0
multibillion,0,0,0,1,0,0
fortress,0,0,0,1,0,0
matthew,0,0,0,1,0,0
recapture,0,0,0,4,0,1
financialin,0,0,0,1,0,0
bankingand,0,0,0,1,0,0
refusedas,0,0,0,1,0,0
caseand,0,0,0,1,0,0
fraudagainst,0,0,0,1,0,0
thepast,0,0,0,2,0,0
havenever,0,0,0,1,0,0
mymultiple,0,0,0,1,0,0
differnet,0,0,0,1,0,0
pentalty,0,0,0,1,0,0
myloancare,0,0,0,3,0,0
conmpany,0,0,0,1,0,0
serviser,0,0,0,1,0,0
mattresess,0,0,0,1,0,0
instanter,0,0,0,1,0,0
corespondent,0,0,0,1,0,0
sss,0,0,0,1,0,0
ixxxx,0,0,0,1,0,0
rebranded,0,0,0,1,0,0
profitability,0,0,0,1,0,0
ire,0,0,0,1,0,0
activist,0,0,0,1,0,0
workouts,0,0,0,2,0,0
unsurprising,0,0,0,1,0,0
fluff,0,0,0,1,0,0
twin,0,0,0,3,1,0
postponements,0,0,0,4,0,0
excrucitating,0,0,0,1,0,0
dignify,0,0,0,2,0,0
ditec,0,0,0,1,0,0
homeward,0,0,0,12,2,0
mrtg,0,0,0,1,0,0
multistate,0,0,0,2,0,0
ocean,0,0,0,1,0,0
onths,0,0,0,1,0,0
und,0,0,0,1,0,0
inhabitable,0,0,0,1,0,0
condemn,0,0,0,4,1,0
remediate,0,0,0,1,2,0
deutsche,0,0,0,9,1,0
revitalization,0,0,0,1,0,0
lienholders,0,0,0,2,0,0
subsidiaries,0,0,0,8,6,0
hazardous,0,0,0,4,0,0
mmonthly,0,0,0,1,0,0
breadwinner,0,0,0,1,0,0
copious,0,0,0,2,0,0
indytmac,0,0,0,1,0,0
indymac,0,0,0,9,2,0
understandably,0,0,0,5,2,0
garden,0,0,0,4,2,0
keen,0,0,0,1,0,0
procwss,0,0,0,1,0,0
fortunatly,0,0,0,1,0,0
retreived,0,0,0,1,0,0
alls,0,0,0,1,1,0
bookkeeping,0,0,0,4,0,0
coorespondence,0,0,0,1,0,0
xxxxhomeinsurance,0,0,0,1,0,0
meritless,0,0,0,1,0,0
numerate,0,0,0,1,0,0
loandepot,0,0,0,12,0,0
loandeport,0,0,0,2,0,0
suckering,0,0,0,1,0,0
wdo,0,0,0,1,0,0
unrepresented,0,0,0,2,0,0
pricnipal,0,0,0,1,0,0
yer,0,0,0,1,0,0
modifcation,0,0,0,3,0,0
depoartment,0,0,0,1,0,0
toi,0,0,0,1,0,0
ghe,0,0,0,1,0,0
unattached,0,0,0,1,0,0
cottages,0,0,0,2,0,0
revisit,0,0,0,2,1,0
arena,0,0,0,1,0,0
contemplate,0,0,0,1,1,1
sumise,0,0,0,1,0,0
perpective,0,0,0,1,0,0
coralation,0,0,0,1,0,0
ambiguious,0,0,0,1,0,0
principalities,0,0,0,1,0,0
uncertainties,0,0,0,1,0,0
truthfulness,0,0,0,1,0,2
hmm,0,0,0,1,1,0
rescored,0,0,0,1,0,0
fame,0,0,0,1,0,0
apprasial,0,0,0,3,0,0
apprasail,0,0,0,1,0,0
railroad,0,0,0,5,1,0
firsthand,0,0,0,1,0,2
brokendown,0,0,0,1,0,0
coercion,0,0,0,3,1,1
belligerence,0,0,0,1,0,0
imortgage,0,0,0,4,0,0
audacious,0,0,0,1,0,0
imortage,0,0,0,7,0,0
unwavering,0,0,0,1,0,0
excellence,0,0,0,1,1,0
dpa,0,0,0,6,0,0
unbearable,0,0,0,3,0,0
impudent,0,0,0,1,0,0
nevwr,0,0,0,1,0,0
expundge,0,0,0,1,0,0
cbfp,0,0,0,1,0,0
imfomed,0,0,0,1,0,0
comb,0,0,0,2,2,0
instill,0,0,0,1,0,0
dispersement,0,0,0,1,0,0
revcieved,0,0,0,1,0,0
complaaint,0,0,0,1,0,0
phmc,0,0,0,1,0,0
thas,0,0,0,1,0,0
sherrif,0,0,0,1,0,0
coworkers,0,0,0,2,9,0
thumb,0,0,0,1,0,0
belt,0,0,0,1,0,0
unrepairable,0,0,0,1,0,0
inevitably,0,0,0,2,0,0
obstacles,0,0,0,6,1,0
reattach,0,0,0,1,0,0
overcome,0,0,0,2,2,1
spritually,0,0,0,1,0,0
icestorm,0,0,0,1,0,0
dovenmeuhle,0,0,0,1,0,0
chairmanhis,0,0,0,1,0,0
complicity,0,0,0,2,0,0
commercials,0,0,0,1,0,0
theyrequire,0,0,0,1,0,0
themain,0,0,0,1,0,0
givenpermission,0,0,0,1,0,0
andcould,0,0,0,1,0,0
removethis,0,0,0,1,1,0
orroll,0,0,0,1,0,0
creditand,0,0,0,1,0,0
howour,0,0,0,1,0,0
theyhave,0,0,0,1,0,0
indeterminate,0,0,0,1,0,0
piti,0,0,0,9,0,0
resemblance,0,0,0,1,1,0
reappraisal,0,0,0,7,0,0
streamlie,0,0,0,1,0,0
subordination,0,0,0,10,0,0
estatexxxx,0,0,0,1,0,0
thst,0,0,0,1,0,0
lawxxxx,0,0,0,1,0,0
craziness,0,0,0,3,0,0
arbortration,0,0,0,1,0,0
llccomplaint,0,0,0,1,0,0
tireless,0,0,0,1,0,0
cumulatively,0,0,0,1,0,0
equities,0,0,0,5,2,0
hfha,0,0,0,1,0,0
trials,0,0,0,2,0,0
poof,0,0,0,1,0,0
bankruprtcy,0,0,0,1,0,0
modifiation,0,0,0,1,0,0
spoon,0,0,0,1,0,0
andi,0,0,0,1,0,0
lonely,0,0,0,1,0,0
disability,0,0,0,1,0,0
mods,0,0,0,3,0,0
onvestor,0,0,0,1,0,0
aome,0,0,0,1,0,0
episodes,0,0,0,1,0,1
native,0,0,0,2,0,0
wainting,0,0,0,1,0,0
recorder,0,0,0,9,10,6
acre,0,0,0,1,0,0
meridian,0,0,0,1,0,0
encroachments,0,0,0,1,0,0
pipeline,0,0,0,1,0,0
easement,0,0,0,1,0,0
jgmt,0,0,0,1,0,0
rca,0,0,0,1,0,0
servicingwe,0,0,0,1,0,0
simpler,0,0,0,1,0,1
vii,0,0,0,1,0,0
carrigton,0,0,0,1,0,0
continuity,0,0,0,6,0,0
egregiously,0,0,0,2,0,0
tcpa,0,0,0,1,16,0
unify,0,0,0,1,0,0
yourcreditattorney,0,0,0,1,0,0
auctioneer,0,0,0,3,0,0
prejudicial,0,0,0,1,0,0
motive,0,0,0,2,1,2
synopsis,0,0,0,11,0,0
titlle,0,0,0,2,0,0
culminate,0,0,0,1,1,0
conveyance,0,0,0,3,1,0
wasaccepted,0,0,0,1,0,0
waslowered,0,0,0,1,0,0
viaxxxx,0,0,0,1,0,0
thanthey,0,0,0,1,0,0
becausethey,0,0,0,1,0,0
beendead,0,0,0,1,0,0
wheremy,0,0,0,1,0,0
todo,0,0,0,1,0,1
receivedanother,0,0,0,2,0,0
theloan,0,0,0,1,0,0
frombank,0,0,0,1,0,0
toall,0,0,0,1,0,0
camels,0,0,0,1,0,0
justreceived,0,0,0,1,0,0
amso,0,0,0,1,0,0
amazingi,0,0,0,1,0,0
myhouse,0,0,0,1,0,0
sometimesi,0,0,0,1,0,0
ofof,0,0,0,2,0,0
beenthe,0,0,0,1,0,0
scenarios,0,0,0,1,0,0
reappraise,0,0,0,2,0,0
rejections,0,0,0,1,0,1
regulati,0,0,0,1,0,0
motgage,0,0,0,1,0,0
enclosure,0,0,0,8,1,0
calulated,0,0,0,1,0,0
perm,0,0,0,2,0,0
ontime,0,0,0,4,0,0
calulation,0,0,0,1,0,0
choses,0,0,0,1,0,1
geographic,0,0,0,2,0,0
transitional,0,0,0,1,0,0
yment,0,0,0,2,0,0
transferal,0,0,0,1,0,0
audience,0,0,0,1,0,0
apprasier,0,0,0,1,0,0
ugrades,0,0,0,1,0,0
sunroom,0,0,0,3,0,0
gargage,0,0,0,1,0,0
enlarge,0,0,0,3,0,2
mako,0,0,0,1,0,0
tardy,0,0,0,2,0,0
auth,0,0,0,2,0,0
insted,0,0,0,1,0,0
managment,0,0,0,1,1,1
conspirancy,0,0,0,1,0,0
afther,0,0,0,1,0,0
inadequacies,0,0,0,2,0,0
imminently,0,0,0,1,0,0
citimortage,0,0,0,3,0,0
misappropriation,0,0,0,1,0,0
hunsband,0,0,0,1,0,0
collage,0,0,0,1,1,0
coundnot,0,0,0,1,0,0
caption,0,0,0,1,0,1
oversite,0,0,0,1,0,0
safely,0,0,0,1,0,0
securely,0,0,0,2,0,0
fraudulanty,0,0,0,1,0,0
rein,0,0,0,3,0,0
carnated,0,0,0,1,0,0
cms,0,0,0,35,6,0
orone,0,0,0,1,0,0
uphill,0,0,0,1,0,2
calibers,0,0,0,2,0,0
amerinational,0,0,0,1,0,0
acreage,0,0,0,1,0,0
mortgagei,0,0,0,1,0,0
strangers,0,0,0,2,1,0
moratorium,0,0,0,9,0,2
refiling,0,0,0,1,0,2
generically,0,0,0,1,0,1
reassignment,0,0,0,1,0,0
spoil,0,0,0,1,1,0
pfs,0,0,0,1,1,0
relators,0,0,0,2,0,0
fallout,0,0,0,1,0,0
mortgager,0,0,0,2,0,0
thebankrutcy,0,0,0,1,0,0
mortgagae,0,0,0,1,0,0
theservicer,0,0,0,1,0,0
offerd,0,0,0,1,0,0
trems,0,0,0,1,0,0
quadruple,0,0,0,3,0,0
unreimbursed,0,0,0,1,0,0
alteration,0,0,0,1,0,1
strategic,0,0,0,1,0,0
litagation,0,0,0,1,0,0
matterelizabeth,0,0,0,1,0,0
longdenseterusloan,0,0,0,1,0,0
raid,0,0,0,2,1,0
injunctive,0,0,0,3,2,0
interpleader,0,0,0,1,0,0
borough,0,0,0,1,0,0
robocalling,0,0,0,1,0,0
vocal,0,0,0,1,0,0
discontent,0,0,0,1,0,0
confirma,0,0,0,1,0,0
tion,0,0,0,1,1,0
leery,0,0,0,1,0,0
fiver,0,0,0,1,0,0
chargesiii,0,0,0,1,0,0
rpm,0,0,0,8,11,1
widowers,0,0,0,1,0,0
decedent,0,0,0,1,0,0
indicative,0,0,0,2,1,0
trith,0,0,0,1,0,0
exh,0,0,0,5,0,5
mv,0,0,0,2,0,0
repaint,0,0,0,1,1,0
insuranc,0,0,0,1,0,0
facially,0,0,0,10,0,0
duplicative,0,0,0,4,2,1
unanticipated,0,0,0,1,0,0
unsustainable,0,0,0,2,0,0
finite,0,0,0,1,0,0
foreseeable,0,0,0,1,1,0
firstmortgage,0,0,0,1,0,0
nastier,0,0,0,1,0,0
sharply,0,0,0,1,1,0
preclude,0,0,0,10,0,0
shtg,0,0,0,5,0,0
theory,0,0,0,1,0,0
coll,0,0,0,2,0,1
sindeo,0,0,0,20,0,0
contingencies,0,0,0,7,0,0
principals,0,0,0,2,0,1
jargon,0,0,0,2,0,1
wihout,0,0,0,1,0,0
forclosed,0,0,0,4,0,1
prefilled,0,0,0,3,0,0
legitimacy,0,0,0,2,8,3
avoidance,0,0,0,5,0,0
penalities,0,0,0,1,0,0
bankruptucy,0,0,0,1,0,0
lasalle,0,0,0,1,0,0
underfunded,0,0,0,1,0,0
fay,0,0,0,19,0,0
weigh,0,0,0,2,0,2
bulb,0,0,0,1,0,0
scrounge,0,0,0,2,0,0
visable,0,0,0,1,0,0
offically,0,0,0,1,0,0
origional,0,0,0,1,1,1
initialization,0,0,0,1,0,0
xxxxon,0,0,0,1,0,1
rugs,0,0,0,1,0,0
shortsale,0,0,0,4,1,0
radon,0,0,0,1,0,0
xxxxgood,0,0,0,1,0,0
cltv,0,0,0,1,0,0
xxxxspecialized,0,0,0,1,0,0
partly,0,0,0,1,0,1
recordable,0,0,0,1,1,0
ac,0,0,0,6,1,1
mortggage,0,0,0,1,0,0
marketability,0,0,0,1,1,0
attic,0,0,0,4,0,0
stipulations,0,0,0,10,2,0
addendums,0,0,0,1,0,0
wiggle,0,0,0,1,0,0
havechanged,0,0,0,1,0,0
wasfinanced,0,0,0,1,0,0
xxxxinsurance,0,0,0,1,0,0
internallyfor,0,0,0,1,0,0
andreal,0,0,0,1,0,0
theinsurance,0,0,0,1,0,0
nowdeceased,0,0,0,1,0,0
overvalue,0,0,0,4,0,0
asthey,0,0,0,1,0,0
betterhealth,0,0,0,1,0,0
treadmill,0,0,0,1,0,0
invent,0,0,0,3,0,1
bore,0,0,0,1,1,0
lre,0,0,0,1,0,0
coi,0,0,0,3,0,0
categorically,0,0,0,2,1,0
cfb,0,0,0,1,0,0
hind,0,0,0,2,0,0
procedural,0,0,0,2,0,0
constraints,0,0,0,1,1,1
mst,0,0,0,4,1,0
eevry,0,0,0,1,0,0
waht,0,0,0,2,0,0
diff,0,0,0,1,0,0
lasy,0,0,0,1,0,0
evrytime,0,0,0,1,0,0
explainthe,0,0,0,1,0,0
evasive,0,0,0,3,2,1
vampped,0,0,0,1,0,0
encompass,0,0,0,2,0,0
forebearance,0,0,0,2,1,1
qiualifiedin,0,0,0,1,0,0
dealth,0,0,0,1,0,0
indwell,0,0,0,2,0,0
swiftly,0,0,0,1,0,0
dispurse,0,0,0,1,0,0
pleadings,0,0,0,1,0,0
qls,0,0,0,14,0,0
unintelligible,0,0,0,4,0,0
erros,0,0,0,1,0,1
tdus,0,0,0,5,0,0
recorders,0,0,0,8,1,0
voidable,0,0,0,3,1,0
chap,0,0,0,3,0,0
mutilate,0,0,0,1,2,0
angst,0,0,0,2,0,1
resps,0,0,0,1,0,0
colecting,0,0,0,1,0,0
trusstee,0,0,0,1,0,0
guild,0,0,0,1,0,0
fhh,0,0,0,2,0,0
bpos,0,0,0,3,0,0
loon,0,0,0,2,0,0
raven,0,0,0,2,0,0
mare,0,0,0,2,0,0
knouk,0,0,0,1,0,0
lest,0,0,0,3,0,1
moor,0,0,0,1,0,0
jpmorgen,0,0,0,1,0,0
cashout,0,0,0,1,0,0
personalize,0,0,0,1,0,0
vector,0,0,0,1,0,0
interestiang,0,0,0,1,0,0
talkng,0,0,0,1,0,0
sererus,0,0,0,1,0,0
xxxxby,0,0,0,1,0,0
abnove,0,0,0,1,0,0
procrastination,0,0,0,2,0,1
byxxxx,0,0,0,1,0,0
infema,0,0,0,1,0,0
oron,0,0,0,1,0,0
modular,0,0,0,3,0,0
rebuildfebruary,0,0,0,1,0,0
xxxxcomin,0,0,0,1,0,0
rept,0,0,0,1,0,0
chapt,0,0,0,2,0,0
reinspection,0,0,0,1,0,0
shingle,0,0,0,4,0,0
contention,0,0,0,1,1,0
innumerable,0,0,0,3,0,1
seamless,0,0,0,2,0,0
readjust,0,0,0,4,0,0
uncalled,0,0,0,1,2,1
americain,0,0,0,1,0,0
complainti,0,0,0,1,0,0
remodify,0,0,0,4,0,0
remodificaton,0,0,0,1,0,0
firstbank,0,0,0,5,0,0
feesxx,0,0,0,1,0,0
unclassified,0,0,0,1,0,0
girls,0,0,0,2,0,0
occassion,0,0,0,1,0,0
liu,0,0,0,1,0,0
liquidation,0,0,0,3,2,10
superficially,0,0,0,1,0,0
dispel,0,0,0,1,0,0
sba,0,0,0,1,0,0
againi,0,0,0,1,0,0
bureaurespectfullyxxxx,0,0,0,1,0,0
adequacy,0,0,0,1,0,0
greetree,0,0,0,2,0,0
notorized,0,0,0,2,1,2
seturs,0,0,0,1,0,0
chech,0,0,0,1,0,0
representitves,0,0,0,1,0,0
stroke,0,0,0,2,0,0
resistance,0,0,0,2,1,0
bofw,0,0,0,3,0,0
mclean,0,0,0,1,0,0
alimony,0,0,0,2,1,1
severance,0,0,0,2,0,0
determent,0,0,0,1,0,0
strongarm,0,0,0,1,0,0
lees,0,0,0,1,0,0
digest,0,0,0,1,0,0
avg,0,0,0,1,0,0
bimonthly,0,0,0,2,0,0
intranet,0,0,0,1,0,0
dhhs,0,0,0,2,0,0
citifincial,0,0,0,2,0,0
xxxxhere,0,0,0,1,0,0
bureaureply,0,0,0,1,0,0
thu,0,0,0,3,0,0
lsc,0,0,0,1,0,0
supossed,0,0,0,1,0,0
myproperty,0,0,0,1,0,0
inpoundmoney,0,0,0,1,0,0
reveresed,0,0,0,1,0,0
tangent,0,0,0,1,0,0
xxxxplex,0,0,0,1,0,0
resending,0,0,0,3,0,0
tribulation,0,0,0,1,0,0
coastal,0,0,0,1,5,0
unencumber,0,0,0,1,0,0
allegedloandescription,0,0,0,1,0,0
thebanksdescription,0,0,0,1,0,0
juxtaposition,0,0,0,1,0,0
theories,0,0,0,1,0,0
disgorgement,0,0,0,2,0,0
tort,0,0,0,1,0,1
theloandescription,0,0,0,1,0,0
deliquency,0,0,0,1,0,7
undisguised,0,0,0,1,0,0
addtional,0,0,0,3,0,0
affiates,0,0,0,2,0,0
mesne,0,0,0,3,0,0
hhf,0,0,0,2,0,0
followsxx,0,0,0,1,0,0
median,0,0,0,2,0,0
mpv,0,0,0,2,0,0
livestock,0,0,0,2,0,0
fifty,0,0,0,2,0,0
treble,0,0,0,3,1,0
kin,0,0,0,3,0,0
amoun,0,0,0,1,0,0
resended,0,0,0,1,0,0
represanative,0,0,0,1,0,0
assesors,0,0,0,1,0,0
relent,0,0,0,3,1,0
burglary,0,0,0,1,0,1
tomake,0,0,0,2,0,0
grout,0,0,0,1,0,0
estopped,0,0,0,1,0,0
aggrement,0,0,0,2,0,0
standars,0,0,0,1,0,0
ommits,0,0,0,1,0,0
fundation,0,0,0,2,0,0
wich,0,0,0,2,1,0
crawl,0,0,0,3,0,0
ductswater,0,0,0,1,0,0
filtration,0,0,0,1,0,0
roomfundation,0,0,0,1,0,0
areasproblems,0,0,0,1,0,0
roofelectrical,0,0,0,1,0,0
apropiate,0,0,0,1,0,0
ventilation,0,0,0,1,0,0
nether,0,0,0,1,0,1
spacecracks,0,0,0,1,0,0
lotplease,0,0,0,1,0,0
receving,0,0,0,1,0,0
reagaring,0,0,0,1,0,0
liste,0,0,0,1,0,0
broadview,0,0,0,1,0,0
outer,0,0,0,1,0,0
dbo,0,0,0,2,0,0
sleazy,0,0,0,1,0,0
candid,0,0,0,1,0,0
rudest,0,0,0,1,1,0
disrespectfulness,0,0,0,1,0,0
meanness,0,0,0,1,0,2
hysterical,0,0,0,1,0,0
threy,0,0,0,1,0,0
speck,0,0,0,1,0,0
yawn,0,0,0,1,0,0
ear,0,0,0,1,0,1
operarated,0,0,0,1,0,0
imbiciles,0,0,0,1,0,0
proposals,0,0,0,1,0,0
suppouse,0,0,0,1,0,0
odp,0,0,0,1,0,0
insurable,0,0,0,1,0,0
aluminum,0,0,0,1,0,0
modifiction,0,0,0,3,0,0
kentucky,0,0,0,2,6,0
nad,0,0,0,1,0,0
fraudlent,0,0,0,2,2,1
courthose,0,0,0,1,0,0
dewinterized,0,0,0,1,0,0
animals,0,0,0,2,1,0
mtglq,0,0,0,1,0,0
maintainence,0,0,0,1,0,0
procure,0,0,0,12,3,0
fiscal,0,0,0,1,1,0
xxxxfamily,0,0,0,1,0,0
acres,0,0,0,2,0,0
newdayxxxx,0,0,0,1,0,0
additionall,0,0,0,1,0,0
administrate,0,0,0,2,0,0
approximatively,0,0,0,1,0,0
bedrooms,0,0,0,3,0,0
woods,0,0,0,1,0,0
rcvd,0,0,0,3,1,0
appproval,0,0,0,1,0,0
neighborhoods,0,0,0,2,0,0
aimloan,0,0,0,6,0,0
conversions,0,0,0,2,0,0
ws,0,0,0,2,2,0
ivr,0,0,0,2,0,1
preapproved,0,0,0,7,0,0
deferrals,0,0,0,1,0,0
documentsto,0,0,0,1,0,0
doled,0,0,0,1,0,0
jot,0,0,0,1,0,0
miscarriage,0,0,0,1,0,0
catagorize,0,0,0,1,0,0
conpany,0,0,0,1,0,0
pester,0,0,0,2,0,0
incent,0,0,0,1,0,0
dropbox,0,0,0,1,0,0
cram,0,0,0,3,6,1
albums,0,0,0,1,0,0
uneconomic,0,0,0,1,0,0
reassessment,0,0,0,1,0,0
resettle,0,0,0,1,0,0
assessors,0,0,0,6,0,0
conceivable,0,0,0,1,0,0
mountains,0,0,0,2,0,0
xxxxwells,0,0,0,2,0,0
closurecustomer,0,0,0,1,0,0
expensesthat,0,0,0,1,0,0
interestpayments,0,0,0,1,0,0
theescrow,0,0,0,2,0,0
abalance,0,0,0,1,0,0
inwriting,0,0,0,1,0,0
toissues,0,0,0,1,0,0
thecourts,0,0,0,1,0,0
periodexpires,0,0,0,1,0,0
fullpayment,0,0,0,1,0,0
arecurrent,0,0,0,1,0,0
hassent,0,0,0,1,0,0
ultimatum,0,0,0,1,1,0
xxxxor,0,0,0,1,0,0
lpi,0,0,0,1,0,0
litton,0,0,0,18,0,0
alti,0,0,0,1,0,0
qspe,0,0,0,1,0,0
mbs,0,0,0,2,0,0
operative,0,0,0,1,0,0
conduit,0,0,0,1,1,0
remic,0,0,0,3,1,0
specificity,0,0,0,1,0,3
codify,0,0,0,1,0,0
tentative,0,0,0,3,0,0
mortgagebecause,0,0,0,1,0,0
orgional,0,0,0,1,0,0
breathtaking,0,0,0,1,0,0
intially,0,0,0,1,0,0
apprasiser,0,0,0,1,0,0
moe,0,0,0,1,0,0
doable,0,0,0,3,1,0
helo,0,0,0,1,0,1
noia,0,0,0,2,0,0
dsi,0,0,0,2,0,0
assemble,0,0,0,1,0,1
atlantic,0,0,0,1,7,0
buffer,0,0,0,2,0,0
eighty,0,0,0,1,0,0
trinity,0,0,0,2,1,0
ln,0,0,0,2,0,0
distant,0,0,0,1,3,0
warmest,0,0,0,1,1,0
carringtonms,0,0,0,1,0,0
additiol,0,0,0,1,0,0
thisconsidered,0,0,0,1,0,0
rced,0,0,0,1,0,0
eg,0,0,0,1,0,0
tardiness,0,0,0,1,1,0
insistent,0,0,0,1,3,0
untapped,0,0,0,1,0,0
painless,0,0,0,1,0,0
elongate,0,0,0,1,0,0
optimal,0,0,0,1,0,1
feasible,0,0,0,2,3,3
fpca,0,0,0,1,0,0
reentry,0,0,0,1,0,0
mobilehome,0,0,0,1,0,0
mh,0,0,0,1,0,0
insolvent,0,0,0,1,1,1
grass,0,0,0,1,0,0
stealth,0,0,0,1,0,0
withocwen,0,0,0,3,0,0
maturation,0,0,0,1,0,0
township,0,0,0,2,0,0
disciplinary,0,0,0,1,0,0
comumincations,0,0,0,1,0,0
pertinant,0,0,0,1,0,0
exclusive,0,0,0,2,1,0
thereabouts,0,0,0,1,0,0
optionally,0,0,0,1,0,0
rigamarole,0,0,0,1,0,0
senseless,0,0,0,3,1,0
struass,0,0,0,1,0,0
thwe,0,0,0,1,0,0
summerize,0,0,0,1,0,0
unprepared,0,0,0,1,0,0
mond,0,0,0,1,0,0
fr,0,0,0,2,3,2
iday,0,0,0,1,0,0
disabuse,0,0,0,1,0,0
ameliorate,0,0,0,1,0,0
kes,0,0,0,1,0,0
emissaries,0,0,0,1,0,0
unhelpfulne,0,0,0,1,0,0
hellothe,0,0,0,1,0,0
rehear,0,0,0,2,0,0
deft,0,0,0,1,0,0
husbad,0,0,0,1,0,0
porfolio,0,0,0,5,3,0
furlough,0,0,0,1,0,0
ppl,0,0,0,1,0,0
shm,0,0,0,1,0,0
disclosures_and_authorization,0,0,0,1,0,0
followingcircumstances,0,0,0,1,0,0
underwritingconsiderations,0,0,0,1,0,0
claimants,0,0,0,1,0,0
clearcut,0,0,0,1,0,0
transpose,0,0,0,2,0,0
affix,0,0,0,3,0,0
anecdotal,0,0,0,1,0,0
morgortage,0,0,0,2,0,0
repospond,0,0,0,1,0,0
wellls,0,0,0,2,0,0
forcefully,0,0,0,2,1,0
legislative,0,0,0,2,0,0
btw,0,0,0,1,0,1
brutal,0,0,0,1,0,1
videotape,0,0,0,1,0,0
theyou,0,0,0,1,0,0
completeness,0,0,0,1,1,13
tis,0,0,0,2,1,0
fist,0,0,0,1,0,0
ision,0,0,0,1,0,0
thrid,0,0,0,2,0,0
inlaw,0,0,0,1,0,0
nighted,0,0,0,1,0,0
misdocumentation,0,0,0,1,0,0
mergers,0,0,0,1,0,0
lenght,0,0,0,2,0,0
questionaire,0,0,0,2,0,0
matche,0,0,0,1,0,0
competive,0,0,0,1,0,0
throught,0,0,0,3,0,0
whent,0,0,0,1,0,0
purpasing,0,0,0,1,0,0
problema,0,0,0,1,0,0
notifiy,0,0,0,1,0,0
inexchange,0,0,0,1,0,0
additonal,0,0,0,2,0,0
constraint,0,0,0,1,0,1
investigte,0,0,0,1,0,0
calliber,0,0,0,2,0,0
subvert,0,0,0,6,2,0
practiciing,0,0,0,1,0,0
wentr,0,0,0,1,0,0
afloat,0,0,0,3,0,0
adv,0,0,0,6,0,0
primelending,0,0,0,4,0,0
wilmington,0,0,0,9,0,0
clip,0,0,0,1,0,0
rubberbanded,0,0,0,1,0,0
arrows,0,0,0,1,0,0
inital,0,0,0,2,0,0
seveal,0,0,0,1,0,0
contfirmed,0,0,0,1,0,0
cw,0,0,0,2,0,0
dumming,0,0,0,1,0,0
deceipt,0,0,0,1,0,0
kn,0,0,0,1,0,0
homebridge,0,0,0,18,0,0
explanatory,0,0,0,1,1,0
sway,0,0,0,2,1,0
receieved,0,0,0,1,3,1
mortgagenationstar,0,0,0,1,0,0
corresponsdence,0,0,0,1,1,0
lively,0,0,0,1,2,1
rehash,0,0,0,1,0,0
princp,0,0,0,3,0,0
stmnt,0,0,0,4,0,0
prayers,0,0,0,1,0,0
renovations,0,0,0,2,0,0
restorative,0,0,0,1,0,0
accommodatiing,0,0,0,1,0,0
reevaluate,0,0,0,3,0,0
citmortgage,0,0,0,1,0,0
unenforceable,0,0,0,3,2,0
preclusions,0,0,0,1,0,0
tripple,0,0,0,1,0,0
memorandum,0,0,0,3,1,0
suppression,0,0,0,1,0,2
gosince,0,0,0,1,0,0
armies,0,0,0,1,0,0
deflation,0,0,0,1,0,0
conquer,0,0,0,1,0,0
helpi,0,0,0,1,0,0
pleaseon,0,0,0,1,0,0
intelligently,0,0,0,1,0,0
projection,0,0,0,6,0,0
merill,0,0,0,1,0,0
shine,0,0,0,1,0,0
notaries,0,0,0,1,5,0
acknowledgments,0,0,0,2,1,0
physians,0,0,0,1,0,0
truths,0,0,0,1,0,2
wher,0,0,0,1,1,0
expeirncing,0,0,0,1,0,0
afforadable,0,0,0,1,0,0
libor,0,0,0,3,0,0
seminar,0,0,0,1,1,0
surgeries,0,0,0,2,2,0
marcotics,0,0,0,1,0,0
reconstruct,0,0,0,2,0,0
tepresentative,0,0,0,1,0,0
down,0,0,0,3,0,0
sn,0,0,0,4,0,1
themthat,0,0,0,2,0,0
couldpay,0,0,0,1,0,0
paymentschedule,0,0,0,1,0,0
whatsoeverin,0,0,0,1,0,0
fargodeliberately,0,0,0,1,0,0
weeklypayment,0,0,0,1,0,0
frompaying,0,0,0,1,0,0
usingthis,0,0,0,1,0,0
paymentswere,0,0,0,1,0,0
agreat,0,0,0,1,0,0
downtheir,0,0,0,1,0,0
authorative,0,0,0,1,0,0
stupidity,0,0,0,2,0,1
embarressment,0,0,0,1,0,0
sai,0,0,0,1,0,0
intervals,0,0,0,1,0,1
treee,0,0,0,1,0,0
bu,0,0,0,1,0,0
den,0,0,0,2,0,0
lmaof,0,0,0,1,0,0
cailber,0,0,0,1,0,0
expecialy,0,0,0,1,0,0
disdain,0,0,0,2,0,0
fromt,0,0,0,1,0,0
collateralize,0,0,0,1,0,0
creator,0,0,0,1,1,0
incloded,0,0,0,1,0,0
credic,0,0,0,1,0,0
implaying,0,0,0,1,0,0
inquirery,0,0,0,1,0,0
betraied,0,0,0,1,0,0
peroid,0,0,0,1,0,0
mortgae,0,0,0,1,0,0
vicing,0,0,0,1,0,0
preseident,0,0,0,1,0,0
certains,0,0,0,1,0,0
tg,0,0,0,1,0,0
myh,0,0,0,1,0,0
foreclousure,0,0,0,1,0,0
indispensable,0,0,0,1,0,0
memorandums,0,0,0,2,0,0
evasion,0,0,0,2,0,0
verteran,0,0,0,1,0,0
rv,0,0,0,1,0,0
ere,0,0,0,1,0,0
weichert,0,0,0,9,0,0
nvp,0,0,0,1,0,0
unmanageable,0,0,0,2,1,0
providied,0,0,0,1,0,0
uncorrected,0,0,0,1,0,0
harrasing,0,0,0,2,7,0
legle,0,0,0,1,0,0
persue,0,0,0,1,2,1
harrasement,0,0,0,1,1,0
shoiuld,0,0,0,1,0,0
visio,0,0,0,7,0,0
bankrutcy,0,0,0,1,0,0
inconvient,0,0,0,1,0,0
dilligence,0,0,0,2,0,0
strap,0,0,0,1,1,0
pummel,0,0,0,1,0,0
rag,0,0,0,1,0,0
rescoring,0,0,0,1,0,0
homestar,0,0,0,17,0,0
nickle,0,0,0,1,0,0
homebuyer,0,0,0,3,0,0
egotistical,0,0,0,1,0,0
lackadasical,0,0,0,1,0,0
nill,0,0,0,1,0,0
wmc,0,0,0,8,0,0
stymie,0,0,0,1,0,0
steadily,0,0,0,1,1,0
gettin,0,0,0,1,0,0
norml,0,0,0,1,0,0
adheared,0,0,0,1,0,0
corportation,0,0,0,4,0,0
apaprently,0,0,0,1,0,0
brough,0,0,0,1,0,0
burea,0,0,0,1,3,2
recant,0,0,0,3,3,0
redetermination,0,0,0,1,0,0
plot,0,0,0,2,0,1
poison,0,0,0,2,0,1
wellsf,0,0,0,1,0,0
crap,0,0,0,1,1,0
orriginal,0,0,0,1,0,0
eeven,0,0,0,1,0,0
occuld,0,0,0,1,0,0
dicuss,0,0,0,1,0,0
elligiable,0,0,0,1,0,0
strait,0,0,0,1,0,0
hovnanian,0,0,0,2,0,0
kham,0,0,0,8,0,0
notable,0,0,0,2,0,0
signatory,0,0,0,1,0,0
attestation,0,0,0,1,0,0
muster,0,0,0,1,0,0
laons,0,0,0,1,0,0
yhe,0,0,0,1,0,0
respondents,0,0,0,2,0,0
interface,0,0,0,1,0,4
imac,0,0,0,1,0,0
remodified,0,0,0,2,0,0
unstead,0,0,0,1,0,0
blah,0,0,0,3,0,0
oxxxxf,0,0,0,1,0,0
assed,0,0,0,1,0,1
unsuspended,0,0,0,1,0,0
lengh,0,0,0,1,0,0
interperetor,0,0,0,1,0,0
translate,0,0,0,1,2,1
interpretor,0,0,0,1,0,0
translation,0,0,0,4,0,0
appliance,0,0,0,2,5,0
furnitures,0,0,0,1,0,1
hal,0,0,0,1,0,0
legitimize,0,0,0,1,1,0
bokf,0,0,0,1,0,0
disputenationstar,0,0,0,1,0,0
resolutionbased,0,0,0,1,0,0
escroed,0,0,0,1,0,0
intensely,0,0,0,1,0,0
xxxxdear,0,0,0,4,2,0
madamsls,0,0,0,1,0,0
snf,0,0,0,1,0,0
losy,0,0,0,1,0,0
alomost,0,0,0,1,0,0
checksor,0,0,0,1,0,0
pettion,0,0,0,1,0,0
reciently,0,0,0,1,0,1
approximetely,0,0,0,1,0,0
plaintif,0,0,0,1,0,0
thoses,0,0,0,1,0,0
amost,0,0,0,1,0,0
ponder,0,0,0,1,0,0
myi,0,0,0,1,0,0
resepect,0,0,0,1,0,0
usorious,0,0,0,1,0,0
llcs,0,0,0,1,0,0
unduly,0,0,0,1,0,1
leu,0,0,0,1,0,0
citifinacial,0,0,0,4,0,0
topple,0,0,0,1,0,0
arrangers,0,0,0,1,0,0
anniversaries,0,0,0,1,0,0
bulk,0,0,0,4,3,0
nightly,0,0,0,1,0,0
exhusband,0,0,0,1,3,2
encumbrances,0,0,0,1,0,0
invividual,0,0,0,1,0,0
reprsenting,0,0,0,1,0,0
notkeep,0,0,0,1,0,0
timeof,0,0,0,1,0,0
servicingcompanies,0,0,0,1,0,0
chargingme,0,0,0,1,0,0
totalk,0,0,0,1,0,0
descriptionthat,0,0,0,1,0,0
xxxxcalls,0,0,0,1,0,0
anadjustment,0,0,0,1,0,0
wasnever,0,0,0,1,0,0
adeed,0,0,0,1,0,0
appraisalsand,0,0,0,1,0,0
adadded,0,0,0,1,0,0
spsthat,0,0,0,1,0,0
berecorded,0,0,0,1,0,0
letterfrom,0,0,0,1,0,0
ofsent,0,0,0,1,0,0
spsshowing,0,0,0,1,0,0
almostdaily,0,0,0,1,0,0
courtpapers,0,0,0,1,0,0
courtdate,0,0,0,1,0,0
wellaware,0,0,0,1,0,0
theunderwriter,0,0,0,1,0,0
startedover,0,0,0,1,0,0
toresolve,0,0,0,1,0,0
beupgraded,0,0,0,1,0,0
ata,0,0,0,1,0,0
cmawhich,0,0,0,1,0,0
multiplelisting,0,0,0,1,0,0
satisfactionof,0,0,0,1,0,0
andall,0,0,0,1,1,0
guideance,0,0,0,1,0,0
reinance,0,0,0,1,0,0
impasse,0,0,0,1,0,0
windstorm,0,0,0,5,0,0
catastrophically,0,0,0,1,0,0
homekeeper,0,0,0,1,0,0
gse,0,0,0,1,0,0
whish,0,0,0,1,0,0
doorbell,0,0,0,1,0,0
afr,0,0,0,5,0,0
hurricanes,0,0,0,1,0,0
recomputed,0,0,0,1,0,0
erroreous,0,0,0,1,0,0
grin,0,0,0,1,0,0
stricter,0,0,0,1,0,0
satellite,0,0,0,2,2,0
mpa,0,0,0,1,0,0
servcier,0,0,0,1,0,0
overflow,0,0,0,1,0,0
adjustor,0,0,0,3,0,0
boiler,0,0,0,1,2,2
mislabeling,0,0,0,1,0,0
pruchase,0,0,0,1,0,0
foreclosu,0,0,0,1,0,0
tract,0,0,0,1,0,0
tug,0,0,0,1,0,0
xxxxxxxxas,0,0,0,1,0,0
adviced,0,0,0,1,0,0
asssistance,0,0,0,1,0,0
probation,0,0,0,3,1,3
multifamily,0,0,0,1,0,0
fatigue,0,0,0,2,0,0
torrent,0,0,0,1,0,0
slimy,0,0,0,1,1,0
abou,0,0,0,1,2,0
orting,0,0,0,1,0,0
ponded,0,0,0,1,0,0
xxxxprimary,0,0,0,1,0,0
cement,0,0,0,2,0,0
sewage,0,0,0,2,0,1
drip,0,0,0,1,0,2
basementthese,0,0,0,1,0,0
xxxx________________________________________________________________________cell,0,0,0,1,0,0
rupture,0,0,0,1,0,0
caretaker,0,0,0,1,0,0
deterioration,0,0,0,2,0,0
uninhabitable,0,0,0,2,1,0
servcer,0,0,0,1,0,0
reperesentative,0,0,0,1,0,0
representativce,0,0,0,1,0,0
hama,0,0,0,1,0,0
xxxxxxxxthe,0,0,0,1,0,0
unserved,0,0,0,1,0,0
creek,0,0,0,1,0,0
ocwens,0,0,0,4,0,0
squatters,0,0,0,5,1,0
xxxxyr,0,0,0,1,0,0
engulf,0,0,0,1,0,0
flame,0,0,0,2,0,0
sf,0,0,0,24,0,0
intiated,0,0,0,1,0,0
crux,0,0,0,1,1,0
evoke,0,0,0,1,0,0
forecast,0,0,0,1,0,0
esrow,0,0,0,1,0,0
conti,0,0,0,2,0,0
akin,0,0,0,1,1,0
uninsured,0,0,0,1,2,0
requently,0,0,0,1,0,0
compliantly,0,0,0,1,0,0
originals,0,0,0,5,2,0
herculean,0,0,0,1,0,0
devasted,0,0,0,1,0,0
refy,0,0,0,1,0,0
extentions,0,0,0,1,0,0
nsm,0,0,0,31,0,0
continious,0,0,0,1,0,0
shirk,0,0,0,1,0,0
addidional,0,0,0,1,0,0
colloquially,0,0,0,1,0,1
lacated,0,0,0,1,0,0
recision,0,0,0,2,0,0
granddaughters,0,0,0,1,0,0
appx,0,0,0,1,0,0
loands,0,0,0,1,0,0
fx,0,0,0,1,0,0
apx,0,0,0,1,0,0
submittal,0,0,0,1,0,0
persistently,0,0,0,1,2,1
incompetency,0,0,0,1,0,0
lag,0,0,0,2,0,2
ols,0,0,0,10,0,0
inconsistences,0,0,0,1,0,0
recapitalized,0,0,0,1,0,0
mathematical,0,0,0,1,0,0
erratic,0,0,0,1,0,0
mistrust,0,0,0,1,0,0
gull,0,0,0,1,0,0
woops,0,0,0,1,0,0
succumb,0,0,0,1,0,0
woe,0,0,0,1,0,0
profession,0,0,0,4,2,0
grandmothers,0,0,0,1,2,0
morg,0,0,0,5,0,0
hmmm,0,0,0,2,0,0
andstatements,0,0,0,1,0,0
notcorrected,0,0,0,1,0,0
usedlast,0,0,0,1,0,0
xferred,0,0,0,1,0,0
acctsare,0,0,0,1,0,0
docmuntation,0,0,0,1,0,0
itxx,0,0,0,1,0,0
xxxxattention,0,0,0,1,0,0
departmentxxxx,0,0,0,1,0,0
xxxxborrowers,0,0,0,1,0,0
prepetition,0,0,0,1,0,0
dodger,0,0,0,1,0,0
hasve,0,0,0,1,0,0
xxxxviolation,0,0,0,1,0,0
servicingagent,0,0,0,1,0,0
refinancings,0,0,0,2,0,0
noeconomic,0,0,0,1,0,0
orsole,0,0,0,1,0,0
subsidize,0,0,0,1,1,0
ofbeneficial,0,0,0,1,0,0
makeit,0,0,0,1,0,0
theirindebtedness,0,0,0,1,0,0
andto,0,0,0,1,0,0
toolder,0,0,0,1,0,0
whomay,0,0,0,1,0,0
couldqualify,0,0,0,1,0,0
mainstream,0,0,0,2,0,0
appropriateness,0,0,0,1,0,0
asmall,0,0,0,1,0,0
theproperty,0,0,0,1,0,0
therent,0,0,0,1,0,0
themodification,0,0,0,2,0,0
refied,0,0,0,1,0,0
nts,0,0,0,2,1,0
americ,0,0,0,1,0,0
awry,0,0,0,1,0,0
prin,0,0,0,4,0,0
preserver,0,0,0,1,0,0
violative,0,0,0,1,0,0
hearts,0,0,0,1,0,0
everhome,0,0,0,2,0,0
tolt,0,0,0,1,0,0
marketer,0,0,0,1,0,0
motley,0,0,0,1,0,0
cricket,0,0,0,1,0,0
techinally,0,0,0,1,0,0
ism,0,0,0,1,0,0
disclosurexxxx,0,0,0,1,0,0
xxxxxxxxour,0,0,0,1,0,0
xxxxaddress,0,0,0,1,1,0
xxxxhomesteps,0,0,0,1,0,0
remortgaged,0,0,0,2,0,0
mortgagecompany,0,0,0,1,0,0
cothey,0,0,0,1,0,0
eachmonth,0,0,0,1,0,0
stillowe,0,0,0,1,0,0
usthe,0,0,0,1,0,0
statementat,0,0,0,1,0,0
wast,0,0,0,1,0,0
spook,0,0,0,1,0,0
hpp,0,0,0,1,0,0
aillegal,0,0,0,1,0,0
temerity,0,0,0,1,0,0
simplification,0,0,0,1,0,0
equality,0,0,0,1,0,0
tolerances,0,0,0,1,0,0
commentary,0,0,0,1,0,0
infromations,0,0,0,1,0,0
parsonage,0,0,0,1,0,0
usi,0,0,0,1,1,0
coco,0,0,0,1,0,0
satisfactions,0,0,0,1,0,0
substaintailly,0,0,0,1,0,0
responisble,0,0,0,1,0,0
revocation,0,0,0,1,1,0
reprisal,0,0,0,1,0,0
rpa,0,0,0,1,0,0
negation,0,0,0,1,0,0
waite,0,0,0,1,0,0
superv,0,0,0,1,0,0
loansbranch,0,0,0,1,0,0
supposal,0,0,0,1,0,0
deafault,0,0,0,1,0,0
instrad,0,0,0,1,0,0
handbook,0,0,0,1,0,1
elecronic,0,0,0,1,0,0
disavow,0,0,0,1,0,1
territories,0,0,0,1,0,0
construe,0,0,0,1,3,0
accdg,0,0,0,1,0,0
nationally,0,0,0,1,0,1
salel,0,0,0,1,0,0
echelon,0,0,0,1,0,0
expansive,0,0,0,1,0,0
regionalized,0,0,0,1,0,0
homebuying,0,0,0,1,0,0
turmoil,0,0,0,2,1,0
immeasurable,0,0,0,2,0,0
disruption,0,0,0,1,1,1
unimproved,0,0,0,1,0,0
monhtly,0,0,0,1,0,0
neglience,0,0,0,1,0,0
penalization,0,0,0,1,0,0
coroporation,0,0,0,3,0,0
counteroffer,0,0,0,1,0,0
primesource,0,0,0,4,0,0
coincidence,0,0,0,3,1,0
fourteen,0,0,0,5,2,0
surety,0,0,0,1,3,3
bmp,0,0,0,1,0,0
squatter,0,0,0,1,0,0
nationsrat,0,0,0,1,0,0
jg,0,0,0,2,0,0
wentworth,0,0,0,2,0,0
opend,0,0,0,1,2,0
ladies,0,0,0,2,0,0
ash,0,0,0,1,0,0
traction,0,0,0,1,0,1
nrs,0,0,0,2,2,0
natiostar,0,0,0,1,0,0
retailiated,0,0,0,1,0,0
ecommerce,0,0,0,1,0,0
selenefinance,0,0,0,1,0,0
als,0,0,0,1,0,0
qualicifation,0,0,0,1,0,0
impartiality,0,0,0,2,0,2
scandolous,0,0,0,1,0,0
medications,0,0,0,5,4,0
perseverance,0,0,0,1,0,0
runarounds,0,0,0,2,0,0
websit,0,0,0,1,0,0
acces,0,0,0,1,1,0
abandonment,0,0,0,3,0,0
noe,0,0,0,8,0,0
homeownership,0,0,0,2,0,0
protofolio,0,0,0,1,0,0
thedeath,0,0,0,1,0,0
tar,0,0,0,1,0,0
cavirs,0,0,0,1,0,0
grentree,0,0,0,1,0,0
derrogatory,0,0,0,1,0,0
chapterxxxx,0,0,0,2,0,2
derail,0,0,0,1,0,0
makinghomeaffordable,0,0,0,1,0,0
stalemate,0,0,0,2,0,0
arears,0,0,0,1,0,0
tammac,0,0,0,1,0,0
outlaid,0,0,0,1,0,0
eplied,0,0,0,1,0,0
offerred,0,0,0,1,0,0
para,0,0,0,4,0,2
sententance,0,0,0,1,0,0
contiuing,0,0,0,1,0,0
accordinly,0,0,0,1,0,0
omsbudsman,0,0,0,1,0,0
impied,0,0,0,1,0,0
esponse,0,0,0,1,0,0
bky,0,0,0,2,0,0
remarry,0,0,0,1,0,1
anylonger,0,0,0,1,1,0
purchsing,0,0,0,1,0,0
nurmerous,0,0,0,1,0,0
pwk,0,0,0,1,0,0
attendended,0,0,0,1,0,0
statemnts,0,0,0,1,0,0
evrything,0,0,0,1,0,0
dallors,0,0,0,1,0,0
homphone,0,0,0,1,0,0
carear,0,0,0,1,0,0
recipts,0,0,0,2,0,0
headletter,0,0,0,1,0,0
tactions,0,0,0,1,0,0
provable,0,0,0,1,0,0
fiesta,0,0,0,1,0,0
gofundme,0,0,0,1,0,0
remold,0,0,0,2,0,0
countertops,0,0,0,1,0,1
fitter,0,0,0,1,0,0
french,0,0,0,1,0,0
solar,0,0,0,1,1,0
skylights,0,0,0,1,0,0
finale,0,0,0,1,0,0
vewteran,0,0,0,1,0,0
tinto,0,0,0,1,0,0
toil,0,0,0,1,0,0
cubicals,0,0,0,1,0,0
specialsist,0,0,0,1,0,0
scoulding,0,0,0,1,0,0
thruout,0,0,0,1,0,0
appove,0,0,0,1,0,0
modificxation,0,0,0,1,0,0
sme,0,0,0,1,0,0
sluggish,0,0,0,1,0,0
affor,0,0,0,1,0,0
assortment,0,0,0,1,0,0
nations,0,0,0,8,0,0
nl,0,0,0,5,0,0
californina,0,0,0,1,0,0
coffin,0,0,0,1,0,0
tolld,0,0,0,1,0,0
suppoort,0,0,0,1,0,0
extreem,0,0,0,1,0,0
promissed,0,0,0,1,0,0
coe,0,0,0,1,0,0
ameria,0,0,0,2,0,0
hoas,0,0,0,2,0,0
essage,0,0,0,1,0,0
midieval,0,0,0,1,0,0
counciling,0,0,0,1,1,0
influx,0,0,0,1,0,0
proverbial,0,0,0,1,0,0
camel,0,0,0,1,0,0
allonge,0,0,0,2,3,0
eventhough,0,0,0,4,2,0
icm,0,0,0,6,0,0
tenacity,0,0,0,1,0,0
unquestionably,0,0,0,2,0,0
undermine,0,0,0,2,0,1
appiedy,0,0,0,1,0,0
tandem,0,0,0,1,0,0
xxxxescrow,0,0,0,7,0,0
gutted,0,0,0,1,0,0
wive,0,0,0,1,4,0
supv,0,0,0,2,0,0
royal,0,0,0,1,0,0
dec,0,0,0,1,0,0
madams,0,0,0,2,0,0
arvest,0,0,0,9,0,0
mathematics,0,0,0,3,0,0
seneca,0,0,0,5,0,0
nonpay,0,0,0,1,0,0
butt,0,0,0,1,1,0
yards,0,0,0,1,0,0
spoked,0,0,0,1,1,0
pit,0,0,0,1,0,0
elec,0,0,0,1,0,0
sockets,0,0,0,1,0,0
electrician,0,0,0,2,0,0
wasp,0,0,0,1,0,0
infestation,0,0,0,1,4,0
verse,0,0,0,3,1,2
li,0,0,0,1,1,0
accep,0,0,0,1,0,0
fray,0,0,0,1,0,0
indefeasibly,0,0,0,1,0,0
doucments,0,0,0,1,0,0
papework,0,0,0,1,0,0
predecessors,0,0,0,1,1,0
chicanery,0,0,0,1,0,0
punishments,0,0,0,2,0,0
shed,0,0,0,4,1,0
threeeyearsand,0,0,0,1,0,0
reanalsys,0,0,0,1,0,0
decloration,0,0,0,1,0,0
analsys,0,0,0,1,0,0
misidentified,0,0,0,2,0,0
waviers,0,0,0,1,0,0
elevations,0,0,0,1,0,0
holderfdic,0,0,0,1,0,0
curriculum,0,0,0,1,0,0
plc,0,0,0,1,0,0
prision,0,0,0,1,0,0
nicer,0,0,0,1,1,0
unvalued,0,0,0,1,0,0
unappreciated,0,0,0,1,0,0
cabin,0,0,0,3,0,0
contamination,0,0,0,1,0,0
retreat,0,0,0,1,0,0
soffit,0,0,0,1,0,0
fascia,0,0,0,1,0,0
traumatic,0,0,0,2,0,0
wicked,0,0,0,1,1,0
lenderlive,0,0,0,19,0,0
sketchy,0,0,0,1,3,0
propertys,0,0,0,5,0,0
everyones,0,0,0,1,0,0
nonsence,0,0,0,1,0,0
sa,0,0,0,1,0,0
predotory,0,0,0,1,0,0
salespersons,0,0,0,1,0,0
retrofit,0,0,0,1,0,0
cobble,0,0,0,1,0,0
lawmakers,0,0,0,1,1,1
alowed,0,0,0,1,0,0
contunie,0,0,0,1,0,0
loa,0,0,0,1,0,0
ince,0,0,0,2,0,0
xxxxdocuments,0,0,0,1,0,0
fhlb,0,0,0,1,0,0
mtlsection,0,0,0,1,0,0
athis,0,0,0,1,0,0
revere,0,0,0,1,0,0
reveiving,0,0,0,1,0,0
incom,0,0,0,1,0,0
chooose,0,0,0,1,0,0
traditonal,0,0,0,1,0,0
excpetional,0,0,0,1,0,0
interference,0,0,0,2,0,0
keyhole,0,0,0,1,0,0
enthusiastically,0,0,0,1,0,0
lendor,0,0,0,1,0,0
misapproiation,0,0,0,1,0,0
disperate,0,0,0,1,0,0
cityworth,0,0,0,1,0,0
preventive,0,0,0,1,0,0
persevere,0,0,0,1,2,0
bungle,0,0,0,1,0,1
plumber,0,0,0,2,1,3
detrimentally,0,0,0,1,0,0
sketch,0,0,0,2,0,0
habitable,0,0,0,3,0,0
lally,0,0,0,1,0,0
workmanship,0,0,0,1,0,0
stud,0,0,0,2,0,0
carpenter,0,0,0,1,0,0
overlap,0,0,0,1,0,0
areare,0,0,0,1,0,0
concered,0,0,0,1,0,0
inccreasing,0,0,0,1,0,0
layoff,0,0,0,2,0,0
gainfully,0,0,0,1,0,2
familial,0,0,0,1,0,0
intimation,0,0,0,1,0,0
hollow,0,0,0,1,0,1
preloan,0,0,0,1,0,0
intensive,0,0,0,1,1,1
highs,0,0,0,1,0,0
altisource,0,0,0,5,0,0
contable,0,0,0,1,0,0
companiesselected,0,0,0,1,0,0
restrictive,0,0,0,2,1,1
gfe,0,0,0,6,0,0
rhetoric,0,0,0,1,0,0
misappling,0,0,0,1,0,0
btoken,0,0,0,1,0,0
capitulate,0,0,0,1,0,0
wfm,0,0,0,1,0,0
explanantion,0,0,0,2,0,0
implication,0,0,0,1,10,1
advisory,0,0,0,13,0,0
mhp,0,0,0,1,0,0
curveball,0,0,0,1,0,0
reconcilliation,0,0,0,1,0,0
obtinain,0,0,0,1,0,0
articially,0,0,0,1,0,0
mesh,0,0,0,1,0,0
justifiable,0,0,0,4,4,1
casework,0,0,0,1,0,0
maters,0,0,0,1,0,0
mymortgage,0,0,0,2,0,0
chamber,0,0,0,1,0,0
signatured,0,0,0,1,0,0
testifier,0,0,0,1,0,0
fabrication,0,0,0,1,4,1
sacred,0,0,0,1,0,0
courthouses,0,0,0,1,0,1
mammoth,0,0,0,1,0,0
poll,0,0,0,1,0,0
replacements,0,0,0,1,0,0
browsers,0,0,0,1,0,0
telecommunication,0,0,0,1,0,0
telerep,0,0,0,1,0,0
psw,0,0,0,3,0,0
guaranty,0,0,0,4,1,0
deceptivesince,0,0,0,1,0,0
posible,0,0,0,1,0,0
unverifiable,0,0,0,1,9,32
uninformed,0,0,0,1,1,0
downfall,0,0,0,1,0,0
facetiously,0,0,0,1,0,0
acklodgement,0,0,0,1,0,0
gramm,0,0,0,1,2,0
leach,0,0,0,1,3,0
bliley,0,0,0,1,2,0
rponse,0,0,0,1,0,0
riff,0,0,0,1,0,0
footnote,0,0,0,4,0,0
preclusion,0,0,0,1,0,0
pronouncement,0,0,0,1,0,0
felonies,0,0,0,1,1,0
cognizable,0,0,0,1,0,0
precedent,0,0,0,1,0,1
conclusive,0,0,0,1,0,0
presumption,0,0,0,1,0,0
unenforceability,0,0,0,1,0,0
noteholder,0,0,0,3,1,0
taxation,0,0,0,1,1,0
aag,0,0,0,8,0,0
ntracted,0,0,0,1,0,0
seve,0,0,0,1,0,0
ral,0,0,0,1,0,0
otice,0,0,0,1,0,0
nue,0,0,0,1,0,0
af,0,0,0,1,0,0
ter,0,0,0,1,0,0
sufficiently,0,0,0,2,2,0
resends,0,0,0,1,0,0
sustainable,0,0,0,1,0,0
acquirable,0,0,0,1,0,0
desirous,0,0,0,1,0,0
untruthfully,0,0,0,1,0,0
townships,0,0,0,1,0,0
municipalities,0,0,0,2,0,0
inhabitants,0,0,0,1,0,0
artificial,0,0,0,1,1,0
boundary,0,0,0,2,0,0
associative,0,0,0,1,0,0
surveyor,0,0,0,1,0,0
associations,0,0,0,2,3,3
valuations,0,0,0,8,0,0
isstill,0,0,0,1,0,0
isactually,0,0,0,1,0,0
veryfrustrated,0,0,0,1,0,0
isx,0,0,0,1,0,0
unexecuted,0,0,0,1,0,0
ots,0,0,0,3,0,0
watermark,0,0,0,1,0,0
watermarked,0,0,0,1,0,0
tolerance,0,0,0,1,0,3
predominant,0,0,0,1,0,0
coupe,0,0,0,1,0,0
oop,0,0,0,1,0,0
df,0,0,0,14,0,2
rural,0,0,0,1,1,0
hindsight,0,0,0,1,1,0
reflective,0,0,0,4,2,0
effectuate,0,0,0,1,1,0
obfuscate,0,0,0,1,2,1
tornado,0,0,0,1,1,0
unfinished,0,0,0,3,0,1
perpetual,0,0,0,1,0,0
arbitrator,0,0,0,1,0,0
vacancy,0,0,0,1,2,0
creative,0,0,0,1,0,0
datas,0,0,0,1,0,0
ressources,0,0,0,1,0,0
amanager,0,0,0,1,0,0
signedassignment,0,0,0,1,0,0
thefair,0,0,0,1,0,0
difficultly,0,0,0,1,0,0
xxxxdelete,0,0,0,1,0,0
avocate,0,0,0,1,0,0
onfirmation,0,0,0,1,0,0
cenlar,0,0,0,4,0,0
lakeview,0,0,0,5,0,0
escorw,0,0,0,1,0,0
remod,0,0,0,10,0,0
pkg,0,0,0,2,0,0
embassy,0,0,0,2,0,0
consular,0,0,0,2,0,0
puf,0,0,0,1,0,0
cik,0,0,0,1,0,0
xxxxpoint,0,0,0,1,0,0
programmers,0,0,0,1,0,0
handrail,0,0,0,1,0,0
poke,0,0,0,1,0,0
ttransaction,0,0,0,1,0,0
atxxxx,0,0,0,1,0,0
chasehomemortgage,0,0,0,1,0,0
emailon,0,0,0,1,0,0
appraisor,0,0,0,1,0,0
cre,0,0,0,1,0,0
litterally,0,0,0,1,0,0
unachievable,0,0,0,1,0,0
englewood,0,0,0,1,0,0
someway,0,0,0,1,0,0
sizeable,0,0,0,1,0,0
struggliing,0,0,0,1,0,0
howeowners,0,0,0,1,0,0
tethey,0,0,0,1,0,0
reone,0,0,0,1,0,0
yearxxxxtal,0,0,0,1,0,0
mthe,0,0,0,1,0,0
finaliz,0,0,0,1,0,0
oo,0,0,0,1,0,0
indiscriminately,0,0,0,1,0,0
waswas,0,0,0,1,0,0
beenharassed,0,0,0,1,0,0
occasionsthey,0,0,0,1,0,0
ownerof,0,0,0,1,0,0
keepschanging,0,0,0,1,0,0
paymentsbecause,0,0,0,1,0,0
feesand,0,0,0,1,0,0
amountof,0,0,0,1,0,0
meany,0,0,0,1,0,0
seewhen,0,0,0,1,0,0
againstthem,0,0,0,1,0,0
timeframes,0,0,0,2,0,1
processer,0,0,0,1,0,2
benef,0,0,0,1,0,0
rem,0,0,0,1,0,0
ains,0,0,0,1,0,0
roster,0,0,0,1,0,0
eny,0,0,0,1,0,0
partway,0,0,0,1,0,0
axiom,0,0,0,2,0,0
hawaii,0,0,0,1,9,2
acquaintances,0,0,0,1,0,0
sprit,0,0,0,1,0,0
xxxxcalled,0,0,0,1,0,0
responsereceived,0,0,0,1,0,0
toiletries,0,0,0,1,0,0
contraverts,0,0,0,1,0,0
omnibus,0,0,0,1,1,0
septic,0,0,0,9,0,0
repot,0,0,0,2,2,1
chpater,0,0,0,1,0,0
nameaccount,0,0,0,2,0,0
numberrecent,0,0,0,2,0,0
balancedate,0,0,0,2,0,0
openedstatusbk,0,0,0,1,0,0
amerxxxx,0,0,0,1,0,0
numberxxxxtypemortgageterms,0,0,0,1,0,0
yearscredit,0,0,0,2,0,0
xxxxresponsibilityjoint,0,0,0,2,0,0
xxxxthen,0,0,0,1,0,0
deletedaccount,0,0,0,1,0,0
openedstatusxxxx,0,0,0,1,0,0
xxxxyour,0,0,0,1,0,0
statementco,0,0,0,1,0,0
informationthis,0,0,0,1,0,0
weak,0,0,0,1,2,0
xxxxenrollment,0,0,0,1,0,0
specialistnationwide,0,0,0,1,0,0
bellbrook,0,0,0,1,0,0
rdxenia,0,0,0,1,0,0
viceversa,0,0,0,1,0,0
memories,0,0,0,3,1,0
luau,0,0,0,1,0,0
progressively,0,0,0,1,0,0
selves,0,0,0,1,2,0
agreeemnt,0,0,0,1,0,0
wasahinton,0,0,0,1,0,0
propert,0,0,0,1,0,0
rig,0,0,0,1,1,0
relator,0,0,0,1,0,0
foregiveness,0,0,0,5,0,0
camouflage,0,0,0,1,1,0
proceding,0,0,0,1,0,0
reviewand,0,0,0,1,0,0
dissuade,0,0,0,1,1,0
faye,0,0,0,3,0,0
prinicipal,0,0,0,1,1,0
sp,0,0,0,4,1,0
mitt,0,0,0,1,0,0
renasant,0,0,0,1,0,0
endon,0,0,0,1,0,0
newpayment,0,0,0,1,0,0
adviseme,0,0,0,1,0,0
cema,0,0,0,3,0,0
recind,0,0,0,1,0,0
stati,0,0,0,1,0,0
directives,0,0,0,2,0,0
docusign,0,0,0,1,0,0
esigned,0,0,0,1,0,0
pong,0,0,0,1,0,0
becausewe,0,0,0,1,0,0
eacrow,0,0,0,1,0,0
calle,0,0,0,1,1,0
questione,0,0,0,1,0,0
audacity,0,0,0,2,0,2
feasibly,0,0,0,1,0,0
pretextual,0,0,0,1,0,0
incorporation,0,0,0,1,1,0
initiatives,0,0,0,1,0,0
civ,0,0,0,1,0,0
fdca,0,0,0,1,7,3
mortgags,0,0,0,1,0,0
lats,0,0,0,1,0,0
beer,0,0,0,1,0,0
sting,0,0,0,1,0,0
shield,0,0,0,1,1,0
makers,0,0,0,1,0,0
eir,0,0,0,1,0,0
pon,0,0,0,1,1,0
ank,0,0,0,4,0,0
comm,0,0,0,1,3,0
ittee,0,0,0,1,0,0
ir,0,0,0,1,0,1
kno,0,0,0,1,0,0
wn,0,0,0,1,0,0
repea,0,0,0,1,0,0
exsitng,0,0,0,1,0,0
atta,0,0,0,1,0,0
ched,0,0,0,1,0,0
nk,0,0,0,1,0,0
ntion,0,0,0,1,0,0
donate,0,0,0,2,0,0
unprecedented,0,0,0,2,0,1
mitigatin,0,0,0,1,0,0
intersted,0,0,0,1,0,0
fraudulenly,0,0,0,1,0,0
chages,0,0,0,1,0,0
knowere,0,0,0,1,0,0
modi,0,0,0,1,0,0
mediaton,0,0,0,2,0,0
hearin,0,0,0,2,0,0
setlement,0,0,0,4,0,0
loanshark,0,0,0,2,0,0
chargexxxx,0,0,0,2,0,0
xxxxlega,0,0,0,2,0,0
flied,0,0,0,1,0,0
fairway,0,0,0,11,0,0
wh,0,0,0,1,2,0
ich,0,0,0,1,0,0
sta,0,0,0,2,1,0
ting,0,0,0,1,0,0
lws,0,0,0,1,0,0
ditect,0,0,0,2,0,0
aveil,0,0,0,1,0,0
undated,0,0,0,1,3,0
usf,0,0,0,1,0,0
credence,0,0,0,1,16,0
degradating,0,0,0,1,0,0
unfortuntely,0,0,0,1,0,0
controversial,0,0,0,1,0,0
invg,0,0,0,1,0,1
consum,0,0,0,1,0,1
disagrs,0,0,0,1,0,1
qualifiable,0,0,0,1,0,0
fron,0,0,0,1,1,0
refe,0,0,0,2,0,0
statemented,0,0,0,1,0,0
curtailment,0,0,0,6,0,0
bankof,0,0,0,1,0,0
predatoryloan,0,0,0,1,0,0
ofamerica,0,0,0,1,0,0
homeownernot,0,0,0,1,0,0
usto,0,0,0,1,0,0
seminars,0,0,0,1,0,0
nots,0,0,0,6,1,0
banc,0,0,0,1,0,0
exaclty,0,0,0,1,0,0
indiv,0,0,0,1,0,0
occassional,0,0,0,1,0,0
fluctuations,0,0,0,1,0,0
fictions,0,0,0,1,0,0
excrete,0,0,0,1,0,0
valuate,0,0,0,1,0,0
ahd,0,0,0,2,0,0
senate,0,0,0,3,0,1
committees,0,0,0,1,0,0
overseer,0,0,0,1,2,0
provident,0,0,0,15,0,0
serendipitously,0,0,0,1,0,0
lendee,0,0,0,2,0,0
montitoring,0,0,0,1,0,0
undoubtedly,0,0,0,2,0,0
unneccarily,0,0,0,1,0,0
reprentative,0,0,0,1,0,0
employable,0,0,0,1,0,1
sicken,0,0,0,1,0,0
counceling,0,0,0,2,0,0
surname,0,0,0,1,0,0
fallacious,0,0,0,1,0,0
mangers,0,0,0,1,1,1
frgo,0,0,0,1,0,0
ruptcy,0,0,0,1,0,0
ultra,0,0,0,2,0,0
verbaige,0,0,0,1,0,0
duplex,0,0,0,6,0,0
mansion,0,0,0,2,0,0
ambition,0,0,0,1,0,0
tmsi,0,0,0,20,0,0
diligance,0,0,0,1,0,0
rainstorm,0,0,0,1,0,0
resmac,0,0,0,1,0,0
imediately,0,0,0,2,0,0
monly,0,0,0,1,0,0
hime,0,0,0,1,1,1
restrudture,0,0,0,1,0,0
bankd,0,0,0,1,0,0
insuance,0,0,0,1,0,0
respnse,0,0,0,1,0,0
reseaach,0,0,0,1,0,0
fter,0,0,0,1,0,0
tht,0,0,0,1,0,0
fhfa,0,0,0,1,0,0
ederal,0,0,0,1,0,0
reformation,0,0,0,1,0,0
motrgage,0,0,0,1,0,0
rework,0,0,0,1,0,0
deafult,0,0,0,1,0,0
exponentially,0,0,0,1,0,2
gainful,0,0,0,2,0,0
flase,0,0,0,1,0,0
derogatories,0,0,0,1,1,1
provoke,0,0,0,1,1,0
strugle,0,0,0,1,0,0
treathened,0,0,0,1,0,0
soppose,0,0,0,1,1,0
dod,0,0,0,1,0,0
nothingthis,0,0,0,1,0,0
ferred,0,0,0,1,1,0
fore,0,0,0,1,1,2
appli,0,0,0,1,0,0
cation,0,0,0,1,0,0
cessed,0,0,0,1,0,0
influnced,0,0,0,1,0,0
toogive,0,0,0,1,0,0
fcdpa,0,0,0,1,6,0
requesti,0,0,0,1,0,0
statementshellpoint,0,0,0,1,0,0
saleas,0,0,0,1,0,0
remodifcatiion,0,0,0,1,0,0
rime,0,0,0,1,0,0
missaplied,0,0,0,1,0,0
pasado,0,0,0,1,0,0
proff,0,0,0,1,0,0
selectively,0,0,0,1,0,1
punctual,0,0,0,1,0,0
armls,0,0,0,2,0,0
seler,0,0,0,1,0,0
nonchalantly,0,0,0,1,0,1
filter,0,0,0,1,0,1
unity,0,0,0,1,0,0
xxxxletter,0,0,0,1,0,0
confinements,0,0,0,1,0,0
escow,0,0,0,2,0,0
acronym,0,0,0,1,0,0
connections,0,0,0,2,0,0
assocations,0,0,0,1,0,0
opine,0,0,0,1,0,0
certifications,0,0,0,2,0,0
humbly,0,0,0,1,0,2
uxxxx,0,0,0,1,0,0
paymnets,0,0,0,1,0,0
escrou,0,0,0,1,0,0
prpperty,0,0,0,1,0,0
mothly,0,0,0,1,0,0
mingle,0,0,0,5,0,0
defauls,0,0,0,1,0,0
definetely,0,0,0,1,0,0
approximat,0,0,0,1,0,0
ely,0,0,0,1,0,0
therfore,0,0,0,1,0,0
gf,0,0,0,1,0,0
xxxxxxxxi,0,0,0,2,0,0
payemets,0,0,0,1,0,0
probability,0,0,0,1,0,0
homecoming,0,0,0,5,0,0
resdential,0,0,0,1,0,0
turstee,0,0,0,1,0,0
lawer,0,0,0,1,0,0
transferr,0,0,0,1,0,0
crediable,0,0,0,1,0,0
signautre,0,0,0,1,0,0
acton,0,0,0,1,0,0
progam,0,0,0,1,0,0
distraut,0,0,0,1,0,0
criticism,0,0,0,1,1,0
perfunctory,0,0,0,1,0,0
analyse,0,0,0,3,0,0
thresh,0,0,0,1,0,0
verbatim,0,0,0,4,0,1
goodbye,0,0,0,1,4,0
prefunded,0,0,0,1,0,0
invariably,0,0,0,1,0,0
milend,0,0,0,3,0,0
apples,0,0,0,1,0,0
housr,0,0,0,1,0,0
holdin,0,0,0,1,0,0
hemap,0,0,0,1,0,0
askin,0,0,0,1,0,0
remodifications,0,0,0,1,0,0
epayment,0,0,0,1,1,0
glance,0,0,0,1,1,0
agony,0,0,0,1,0,0
phhmortgage,0,0,0,1,0,0
ind,0,0,0,1,2,0
rs,0,0,0,1,4,0
dilapidate,0,0,0,2,0,0
deciioning,0,0,0,1,0,0
hone,0,0,0,1,0,0
rally,0,0,0,1,0,0
edgewise,0,0,0,1,0,1
cel,0,0,0,1,2,0
costsattorney,0,0,0,1,0,0
conc,0,0,0,1,0,0
interm,0,0,0,1,0,0
assumable,0,0,0,2,0,0
unsuccessfu,0,0,0,1,0,0
parte,0,0,0,1,2,0
injuction,0,0,0,1,0,0
overwhelmingly,0,0,0,1,1,0
compliment,0,0,0,1,0,0
farr,0,0,0,1,0,0
firesince,0,0,0,1,0,0
litigations,0,0,0,1,1,0
beach,0,0,0,1,0,0
cronies,0,0,0,1,1,0
allonges,0,0,0,1,1,0
habitually,0,0,0,1,0,2
perusal,0,0,0,1,0,0
councilors,0,0,0,1,0,0
unanimously,0,0,0,1,0,0
listings,0,0,0,2,6,5
puff,0,0,0,1,0,0
emortgage,0,0,0,4,0,0
fixer,0,0,0,1,0,0
superiority,0,0,0,1,0,0
inferior,0,0,0,2,0,0
instrumental,0,0,0,1,0,0
eptl,0,0,0,1,0,0
lengths,0,0,0,1,3,3
cleverly,0,0,0,1,0,0
ooc,0,0,0,1,0,0
unconventional,0,0,0,1,0,0
incorrectness,0,0,0,1,0,1
fragmentation,0,0,0,1,0,0
timesmall,0,0,0,1,0,0
clitch,0,0,0,1,0,0
durations,0,0,0,1,0,0
converstaion,0,0,0,1,0,0
unaccepted,0,0,0,1,0,0
rosenthal,0,0,0,1,0,0
responible,0,0,0,1,0,0
disrepectful,0,0,0,1,0,0
blast,0,0,0,1,0,0
nonresponsive,0,0,0,1,0,0
chiefly,0,0,0,1,0,0
onward,0,0,0,1,0,0
eyesore,0,0,0,1,0,0
disrepair,0,0,0,2,0,0
stain,0,0,0,1,0,1
unkempt,0,0,0,1,0,0
breed,0,0,0,1,0,0
mosquitos,0,0,0,1,0,0
disease,0,0,0,1,1,0
crass,0,0,0,1,0,0
fullfilled,0,0,0,1,0,0
pulte,0,0,0,3,0,0
inequitable,0,0,0,1,0,0
rider,0,0,0,4,0,0
paras,0,0,0,1,0,0
eagerly,0,0,0,2,0,0
attept,0,0,0,1,0,0
auing,0,0,0,2,0,0
niw,0,0,0,2,0,0
aparently,0,0,0,1,0,0
freelance,0,0,0,1,1,0
daycare,0,0,0,3,1,0
alleviation,0,0,0,1,0,0
agt,0,0,0,1,0,0
wt,0,0,0,3,0,0
signors,0,0,0,1,0,0
montly,0,0,0,1,0,0
soooo,0,0,0,1,0,1
resummit,0,0,0,1,0,0
tot,0,0,0,1,0,0
mshda,0,0,0,10,0,0
svi,0,0,0,2,0,0
investemnt,0,0,0,1,0,0
dealyed,0,0,0,1,0,0
transcipt,0,0,0,3,0,0
emali,0,0,0,1,0,0
relock,0,0,0,4,0,0
gottern,0,0,0,1,0,0
devistating,0,0,0,1,0,0
workshops,0,0,0,2,0,0
struggeling,0,0,0,1,0,0
forgivess,0,0,0,1,0,0
academy,0,0,0,8,0,0
sponsorship,0,0,0,3,0,0
attendees,0,0,0,2,0,0
eventbrite,0,0,0,2,0,0
teach,0,0,0,2,3,0
reproduce,0,0,0,1,0,0
intellectual,0,0,0,1,0,0
couldnot,0,0,0,1,0,0
ambro,0,0,0,1,0,0
loaners,0,0,0,1,0,0
acknoweledging,0,0,0,1,0,0
exorbidant,0,0,0,1,0,0
staunchly,0,0,0,1,0,0
mercenary,0,0,0,1,0,0
spout,0,0,0,1,0,0
everthing,0,0,0,1,0,1
receivership,0,0,0,1,4,0
divisible,0,0,0,1,0,0
differentiate,0,0,0,1,1,0
paa,0,0,0,1,0,0
generation,0,0,0,1,0,0
amerifirst,0,0,0,4,0,0
backruptcy,0,0,0,1,0,0
assistants,0,0,0,1,0,0
opffer,0,0,0,1,0,0
hesitancy,0,0,0,1,0,0
inflammatory,0,0,0,1,0,0
diametrically,0,0,0,1,0,0
defile,0,0,0,1,0,0
xxxxfax,0,0,0,1,2,0
xxxxxxxxdate,0,0,0,1,0,0
xxxxsubject,0,0,0,1,0,0
reportingdear,0,0,0,1,0,0
goings,0,0,0,1,0,0
lockout,0,0,0,1,0,0
organizational,0,0,0,1,0,0
daughtera,0,0,0,1,0,0
remodification,0,0,0,3,0,0
paycut,0,0,0,1,0,0
mony,0,0,0,1,1,0
nevermind,0,0,0,1,0,0
accpeted,0,0,0,1,0,0
orderly,0,0,0,1,0,1
waterfall,0,0,0,1,0,0
aversely,0,0,0,1,0,0
unbooked,0,0,0,1,0,0
formulas,0,0,0,1,0,0
understandings,0,0,0,1,0,0
sharepoint,0,0,0,2,0,0
advied,0,0,0,1,0,0
imaginary,0,0,0,1,0,0
horrors,0,0,0,1,0,0
acknowlege,0,0,0,1,0,0
crank,0,0,0,1,0,0
accounding,0,0,0,1,0,0
eal,0,0,0,1,0,0
surposed,0,0,0,1,0,0
olr,0,0,0,1,0,0
webster,0,0,0,6,0,0
unaccountable,0,0,0,1,0,1
sideways,0,0,0,1,0,0
spc,0,0,0,2,0,0
objections,0,0,0,1,0,0
letterxx,0,0,0,1,0,0
corespondence,0,0,0,1,0,1
sequential,0,0,0,2,0,0
telxxxx,0,0,0,1,0,0
alonge,0,0,0,1,0,0
mediations,0,0,0,2,0,0
stockbroker,0,0,0,1,0,0
beforementioned,0,0,0,1,0,0
pw,0,0,0,1,0,0
itcountrywide,0,0,0,1,0,0
tumble,0,0,0,1,0,0
bondage,0,0,0,1,0,0
duplicte,0,0,0,1,0,0
steadfastly,0,0,0,1,0,0
forfiet,0,0,0,1,0,0
remainging,0,0,0,1,0,0
maintian,0,0,0,1,0,0
ream,0,0,0,1,0,0
residences,0,0,0,1,0,1
prominent,0,0,0,2,1,0
homepage,0,0,0,1,0,0
bureaucracy,0,0,0,2,0,1
errounous,0,0,0,2,0,0
errouneous,0,0,0,1,0,0
hirer,0,0,0,1,0,1
qualifiying,0,0,0,1,0,0
reivew,0,0,0,1,0,0
exwife,0,0,0,1,2,0
foreclure,0,0,0,1,0,0
obstructionist,0,0,0,1,0,0
industrial,0,0,0,1,0,0
designer,0,0,0,1,0,0
interestingly,0,0,0,1,1,0
contentions,0,0,0,1,0,0
hpa,0,0,0,1,0,0
iberiamortgage,0,0,0,1,0,0
iberiabank,0,0,0,1,0,0
surgury,0,0,0,1,0,0
teamsters,0,0,0,1,0,0
mycompany,0,0,0,1,0,0
monthprocess,0,0,0,1,0,0
hitmy,0,0,0,1,0,0
scorefrom,0,0,0,1,0,0
theirincredible,0,0,0,1,0,0
financialinformation,0,0,0,1,0,0
whine,0,0,0,1,0,0
optimistic,0,0,0,1,0,0
sunwest,0,0,0,4,0,0
pursuance,0,0,0,1,0,0
mailboxes,0,0,0,1,1,0
unprocessed,0,0,0,1,0,0
amid,0,0,0,1,0,0
delt,0,0,0,1,0,0
foia,0,0,0,1,0,2
culmination,0,0,0,1,0,0
intercession,0,0,0,1,0,0
humility,0,0,0,1,0,0
tenable,0,0,0,2,0,0
teaser,0,0,0,1,0,0
carryover,0,0,0,1,0,0
anonomous,0,0,0,1,1,0
proces,0,0,0,1,0,0
underprice,0,0,0,1,0,0
helc,0,0,0,1,0,0
fot,0,0,0,1,0,0
halp,0,0,0,1,0,0
finial,0,0,0,1,0,0
sumitted,0,0,0,1,0,0
adj,0,0,0,8,1,0
beloved,0,0,0,1,1,1
spservicing,0,0,0,2,0,0
outset,0,0,0,2,0,0
notic,0,0,0,1,0,0
tice,0,0,0,1,0,0
ncome,0,0,0,1,0,0
contines,0,0,0,1,0,1
ttp,0,0,0,4,0,0
ballance,0,0,0,1,0,0
exotic,0,0,0,1,0,0
tighter,0,0,0,1,0,0
iffy,0,0,0,1,0,0
givin,0,0,0,1,0,0
misdeeds,0,0,0,1,0,0
princial,0,0,0,1,0,0
recordation,0,0,0,1,1,0
bw,0,0,0,1,0,0
quot,0,0,0,2,0,0
turnaround,0,0,0,2,0,0
callb,0,0,0,1,0,0
asstiance,0,0,0,1,0,0
plant,0,0,0,1,1,0
initals,0,0,0,1,0,0
foreged,0,0,0,2,0,0
inter,0,0,0,2,0,0
ortage,0,0,0,1,0,0
incompletes,0,0,0,1,0,0
focr,0,0,0,1,0,0
besiege,0,0,0,1,0,0
addiitional,0,0,0,1,0,0
chronicle,0,0,0,1,1,0
dynamic,0,0,0,1,18,0
misstate,0,0,0,1,1,2
hm,0,0,0,1,0,0
stip,0,0,0,1,0,0
haphazard,0,0,0,1,0,0
stabilization,0,0,0,1,0,0
priod,0,0,0,1,0,0
financ,0,0,0,1,0,0
village,0,0,0,1,0,0
bereavement,0,0,0,1,0,0
shortsales,0,0,0,1,0,0
eod,0,0,0,1,0,0
payement,0,0,0,1,0,0
forecloseure,0,0,0,1,0,0
concierge,0,0,0,1,0,0
helocs,0,0,0,2,0,0
pleasure,0,0,0,1,0,1
buildings,0,0,0,2,1,0
saleswoman,0,0,0,2,0,0
secon,0,0,0,1,0,0
fargoxxxx,0,0,0,1,0,0
flagrant,0,0,0,1,11,0
disgruntle,0,0,0,1,1,0
enforceable,0,0,0,2,16,0
udtpa,0,0,0,2,0,0
chosed,0,0,0,1,0,0
hug,0,0,0,1,0,0
purnish,0,0,0,1,0,0
origal,0,0,0,1,0,0
alligator,0,0,0,1,0,0
swing,0,0,0,1,0,1
plaza,0,0,0,8,3,0
nauseous,0,0,0,1,0,0
groupsvcs,0,0,0,1,0,0
ue,0,0,0,1,0,0
luckly,0,0,0,2,0,0
lf,0,0,0,1,0,0
stiffed,0,0,0,1,0,0
advisroy,0,0,0,1,0,0
collegues,0,0,0,1,1,0
svsc,0,0,0,1,0,0
awesome,0,0,0,2,0,0
mulitple,0,0,0,1,0,0
warfare,0,0,0,1,0,1
outcomes,0,0,0,1,10,0
emphatically,0,0,0,1,0,2
ells,0,0,0,1,1,0
weave,0,0,0,1,0,0
accede,0,0,0,1,0,0
formchase,0,0,0,1,0,0
offneed,0,0,0,1,0,0
chbor,0,0,0,1,0,0
spreadsheets,0,0,0,1,2,0
medicate,0,0,0,1,0,0
reapplications,0,0,0,1,0,0
myselfhave,0,0,0,1,0,0
lucki,0,0,0,1,0,0
keeptelling,0,0,0,1,0,0
op,0,0,0,3,0,0
alaska,0,0,0,2,0,0
mlo,0,0,0,2,0,0
regarfs,0,0,0,1,0,0
presidence,0,0,0,1,0,0
helloi,0,0,0,1,0,0
willnot,0,0,0,1,0,1
stockholder,0,0,0,1,0,0
whistleblower,0,0,0,1,0,0
modifciations,0,0,0,1,0,0
reducton,0,0,0,1,0,0
federalreserve,0,0,0,1,0,0
implausible,0,0,0,1,0,0
paramount,0,0,0,2,5,0
ifreedom,0,0,0,1,0,0
mores,0,0,0,1,0,0
sill,0,0,0,1,0,0
sneak,0,0,0,1,3,0
ifr,0,0,0,1,0,0
endanger,0,0,0,2,1,0
cache,0,0,0,1,0,0
exasperate,0,0,0,1,0,0
climb,0,0,0,3,2,0
bolt,0,0,0,1,0,0
sensor,0,0,0,1,0,0
sleepness,0,0,0,1,0,0
madeas,0,0,0,1,0,0
loanmodification,0,0,0,3,0,0
presidentput,0,0,0,1,0,0
servicedwith,0,0,0,1,0,0
companyi,0,0,0,1,0,0
timein,0,0,0,1,0,0
ofthe,0,0,0,1,0,0
alate,0,0,0,1,0,0
offeverything,0,0,0,1,0,0
gonefrom,0,0,0,1,0,0
lowerinterest,0,0,0,1,0,0
paymentthree,0,0,0,1,0,0
takenthe,0,0,0,1,0,0
withyour,0,0,0,1,0,0
programand,0,0,0,1,0,0
mymortgagee,0,0,0,1,0,0
tellme,0,0,0,1,0,0
mortgageewas,0,0,0,1,0,0
thati,0,0,0,1,0,0
haveto,0,0,0,1,0,0
king,0,0,0,1,1,1
ofassistance,0,0,0,1,0,0
someoneanswers,0,0,0,1,0,0
theyadvised,0,0,0,1,0,0
thatmy,0,0,0,2,0,0
gettingthis,0,0,0,1,0,0
reporti,0,0,0,1,1,0
timesince,0,0,0,1,0,0
thewrong,0,0,0,1,0,0
bureaureport,0,0,0,1,0,0
inforeclose,0,0,0,1,0,0
aboutthis,0,0,0,1,0,0
dads,0,0,0,1,0,0
hsp,0,0,0,1,0,0
hps,0,0,0,1,0,0
nontaxable,0,0,0,1,0,0
deniey,0,0,0,1,0,0
verbalize,0,0,0,1,3,0
reprocess,0,0,0,1,0,0
lendingservicing,0,0,0,1,0,0
keywords,0,0,0,1,0,0
megabank,0,0,0,1,0,0
crosshairs,0,0,0,1,0,0
estimable,0,0,0,2,0,0
unfavorable,0,0,0,2,1,1
eventual,0,0,0,1,0,0
addthis,0,0,0,1,0,0
optimism,0,0,0,1,0,0
disseminate,0,0,0,2,1,1
sailors,0,0,0,2,1,0
redundancy,0,0,0,1,0,0
gigabytes,0,0,0,1,0,0
overagecaused,0,0,0,1,0,0
thepayments,0,0,0,1,0,0
theco,0,0,0,1,0,0
thelender,0,0,0,1,0,0
tochange,0,0,0,1,0,0
istated,0,0,0,1,0,0
lenderrefused,0,0,0,1,0,0
borrowerhas,0,0,0,1,0,0
incomethe,0,0,0,1,0,0
advertisemtment,0,0,0,1,0,0
inquirey,0,0,0,1,0,1
amoratize,0,0,0,2,0,0
thern,0,0,0,1,0,0
admonishment,0,0,0,1,0,0
reciepts,0,0,0,1,2,0
abouit,0,0,0,1,0,0
incarcerate,0,0,0,2,1,0
chiefs,0,0,0,1,0,0
xxxxfay,0,0,0,2,0,0
xxxxtrustee,0,0,0,1,0,0
despondent,0,0,0,1,0,0
crop,0,0,0,1,0,0
limatation,0,0,0,1,0,0
dawson,0,0,0,2,0,0
expeses,0,0,0,1,0,0
suspensing,0,0,0,1,0,0
suspensed,0,0,0,1,0,0
bogman,0,0,0,4,0,0
duplicatively,0,0,0,1,0,0
ncfpf,0,0,0,2,0,0
mp,0,0,0,1,0,0
caibrs,0,0,0,1,0,0
mortager,0,0,0,1,0,0
loann,0,0,0,1,0,0
fade,0,0,0,1,0,0
undetermined,0,0,0,1,0,0
prmg,0,0,0,3,0,0
condominiums,0,0,0,1,0,0
bv,0,0,0,7,0,0
gts,0,0,0,2,0,0
indubitably,0,0,0,1,0,0
othersas,0,0,0,1,0,0
ocewen,0,0,0,1,0,0
bbusiness,0,0,0,1,0,0
payofff,0,0,0,1,0,0
ltr,0,0,0,1,0,0
housekeep,0,0,0,1,0,0
apparel,0,0,0,1,0,0
soap,0,0,0,1,0,0
lessthan,0,0,0,1,0,0
reduc,0,0,0,1,0,0
modificaion,0,0,0,1,0,0
communicaiton,0,0,0,1,0,0
immeaditely,0,0,0,1,0,0
cf,0,0,0,1,0,0
discrepencys,0,0,0,1,0,0
venders,0,0,0,1,0,0
trasspassing,0,0,0,1,0,0
proporptys,0,0,0,1,0,0
locacated,0,0,0,1,0,0
acklly,0,0,0,1,0,0
aquire,0,0,0,1,0,0
belieave,0,0,0,1,0,0
inforcing,0,0,0,1,0,0
opperating,0,0,0,1,0,0
praces,0,0,0,1,0,0
fuadulate,0,0,0,1,0,0
racketering,0,0,0,1,0,0
laundring,0,0,0,1,0,0
restraine,0,0,0,1,0,0
lefted,0,0,0,2,0,0
compenstae,0,0,0,1,0,0
spearhead,0,0,0,1,0,0
fruading,0,0,0,1,0,0
retricted,0,0,0,1,0,0
becaus,0,0,0,1,0,0
ahmsi,0,0,0,4,0,0
inhouse,0,0,0,2,0,0
trespass,0,0,0,3,1,1
loiter,0,0,0,1,0,0
peek,0,0,0,1,0,0
peep,0,0,0,1,1,0
contined,0,0,0,1,0,0
jiggle,0,0,0,1,0,0
wrongdoings,0,0,0,1,0,0
deceptions,0,0,0,1,0,1
skeleton,0,0,0,1,0,0
ego,0,0,0,1,0,0
lvt,0,0,0,1,0,0
whyour,0,0,0,1,0,0
waivered,0,0,0,1,0,0
sow,0,0,0,1,0,0
cooke,0,0,0,1,0,0
satisfication,0,0,0,1,0,0
tiltle,0,0,0,1,0,0
seleect,0,0,0,1,0,0
portifolio,0,0,0,2,0,0
refinace,0,0,0,1,1,0
recalculate,0,0,0,6,0,0
irrregularities,0,0,0,1,0,0
citumortgage,0,0,0,1,0,0
rted,0,0,0,1,0,0
ments,0,0,0,1,1,0
citu,0,0,0,2,0,0
orted,0,0,0,1,0,0
tegories,0,0,0,1,0,0
meantim,0,0,0,1,0,0
anaylsis,0,0,0,1,0,0
spew,0,0,0,1,0,0
biills,0,0,0,1,0,0
paayment,0,0,0,1,0,0
refgular,0,0,0,1,0,0
getsa,0,0,0,1,0,0
waas,0,0,0,1,1,0
theytossed,0,0,0,1,0,0
stqrted,0,0,0,1,0,0
workied,0,0,0,1,0,0
wecant,0,0,0,1,0,0
chang,0,0,0,1,0,0
unbeleivable,0,0,0,1,0,0
earlypayoff,0,0,0,1,0,0
xtra,0,0,0,1,0,0
probablly,0,0,0,1,0,0
pament,0,0,0,1,0,1
apprisal,0,0,0,1,0,0
deragatory,0,0,0,1,0,5
approximatly,0,0,0,1,0,0
haup,0,0,0,1,0,0
familiarize,0,0,0,1,0,0
hlep,0,0,0,1,0,0
shufled,0,0,0,1,0,0
lockdown,0,0,0,1,0,1
explination,0,0,0,1,0,1
inoperable,0,0,0,2,0,1
sieze,0,0,0,1,0,0
coo,0,0,0,1,0,0
cfo,0,0,0,1,0,0
sevice,0,0,0,1,0,0
changee,0,0,0,1,0,0
orginated,0,0,0,1,1,0
slect,0,0,0,3,0,0
trustree,0,0,0,1,0,0
settelment,0,0,0,1,0,0
aginst,0,0,0,1,0,0
repesentive,0,0,0,1,0,0
modifaction,0,0,0,2,0,0
approch,0,0,0,1,0,0
communaction,0,0,0,1,0,0
seince,0,0,0,1,0,0
punshed,0,0,0,1,0,0
skyline,0,0,0,1,0,0
concessions,0,0,0,1,0,0
yea,0,0,0,1,2,1
happ,0,0,0,1,0,0
ening,0,0,0,1,0,0
variances,0,0,0,4,0,0
grandparents,0,0,0,1,1,0
showsthat,0,0,0,1,0,0
shorton,0,0,0,1,0,0
morethan,0,0,0,1,0,0
alsoafter,0,0,0,1,0,0
didthe,0,0,0,1,0,0
todivide,0,0,0,1,0,0
neverbe,0,0,0,1,0,0
upwith,0,0,0,1,0,0
reasonwe,0,0,0,1,0,0
bankruptcyand,0,0,0,1,0,0
loanmodificationbecause,0,0,0,1,0,0
wecould,0,0,0,1,0,0
theocwen,0,0,0,1,0,0
pleasemove,0,0,0,1,0,0
loanso,0,0,0,1,0,0
canconcentrate,0,0,0,1,0,0
payingwhatever,0,0,0,1,0,0
shortagewe,0,0,0,1,0,0
escrowthis,0,0,0,1,0,0
topld,0,0,0,1,0,0
saddle,0,0,0,1,1,1
circularly,0,0,0,1,0,0
blatently,0,0,0,1,0,0
fetch,0,0,0,1,0,0
urchase,0,0,0,1,0,0
perty,0,0,0,1,0,0
thei,0,0,0,1,0,0
trillion,0,0,0,1,0,0
templated,0,0,0,1,0,0
eve,0,0,0,1,2,0
satsifed,0,0,0,1,0,0
comit,0,0,0,1,0,0
maint,0,0,0,1,0,0
recenty,0,0,0,1,0,0
modificationdid,0,0,0,1,0,0
bankloan,0,0,0,2,0,0
sereval,0,0,0,1,0,0
lightning,0,0,0,1,0,0
eradicate,0,0,0,1,0,0
andwas,0,0,0,1,0,0
ourpayment,0,0,0,1,0,0
methat,0,0,0,1,0,0
indebt,0,0,0,1,0,0
notifiedof,0,0,0,1,0,0
wasgoing,0,0,0,1,0,0
somethingwe,0,0,0,1,0,0
itshows,0,0,0,1,0,0
evencorrect,0,0,0,1,0,0
vaid,0,0,0,1,0,0
redicules,0,0,0,1,0,0
boldy,0,0,0,1,0,0
ammoritize,0,0,0,1,0,0
rreason,0,0,0,1,0,0
weve,0,0,0,1,0,0
bussiness,0,0,0,1,0,0
noncommunication,0,0,0,1,0,0
miscalculations,0,0,0,1,0,0
crumple,0,0,0,1,0,0
forclosue,0,0,0,2,0,0
stubbs,0,0,0,1,0,0
caseworker,0,0,0,1,3,0
ringer,0,0,0,1,0,0
hamster,0,0,0,1,0,0
hav,0,0,0,1,0,0
fallacies,0,0,0,1,0,0
vinson,0,0,0,1,0,0
sorriest,0,0,0,1,0,0
duh,0,0,0,1,0,0
xxxxnew,0,0,0,1,0,0
nocash,0,0,0,5,0,0
xxxxcorporate,0,0,0,4,0,0
adjus,0,0,0,6,0,0
xxxxcorp,0,0,0,5,0,0
disb,0,0,0,1,0,0
xxxxcounty,0,0,0,2,0,0
wellfargo,0,0,0,1,0,0
stad,0,0,0,1,0,0
coud,0,0,0,1,0,0
anyting,0,0,0,1,0,0
journal,0,0,0,1,0,0
buckley,0,0,0,3,0,0
madole,0,0,0,3,0,0
bench,0,0,0,1,4,0
misdameanor,0,0,0,1,0,0
servants,0,0,0,1,0,0
jurisdication,0,0,0,1,0,0
copyright,0,0,0,2,1,0
commom,0,0,0,1,0,0
chemical,0,0,0,5,0,0
homestyle,0,0,0,2,0,0
fluster,0,0,0,1,0,0
lis,0,0,0,2,0,0
pendens,0,0,0,2,0,0
holdback,0,0,0,1,0,0
coop,0,0,0,6,0,0
gripe,0,0,0,1,0,0
accodording,0,0,0,1,0,0
bound,0,0,0,1,1,1
inequities,0,0,0,1,0,0
kudo,0,0,0,1,0,0
agentdid,0,0,0,1,0,0
tonationstar,0,0,0,1,0,0
toan,0,0,0,1,0,0
detachment,0,0,0,2,0,0
portionwith,0,0,0,1,0,0
theaddress,0,0,0,1,0,0
mthinking,0,0,0,1,0,0
themfor,0,0,0,1,0,0
paymentsof,0,0,0,1,0,0
theyreceived,0,0,0,1,0,0
nextstatement,0,0,0,1,0,0
butxx,0,0,0,1,0,0
aprilpayment,0,0,0,1,0,0
fromnationstar,0,0,0,1,0,0
twopayments,0,0,0,1,0,0
copyof,0,0,0,1,0,0
triedcustomer,0,0,0,1,0,0
wouldbe,0,0,0,1,0,0
desireresolution,0,0,0,1,0,0
withnationstar,0,0,0,1,0,0
anymorenationstar,0,0,0,1,0,0
standardize,0,0,0,1,2,1
tumultuous,0,0,0,1,0,0
safer,0,0,0,1,0,0
outlay,0,0,0,1,0,0
immediatelynext,0,0,0,1,0,0
exclusionary,0,0,0,1,1,0
cleanly,0,0,0,1,0,0
turpitude,0,0,0,1,0,0
deadbeats,0,0,0,2,2,0
innacurate,0,0,0,1,1,1
futility,0,0,0,1,0,0
jpmchase,0,0,0,5,0,0
frm,0,0,0,1,0,2
conserve,0,0,0,1,0,0
genius,0,0,0,1,0,0
lett,0,0,0,1,0,1
ers,0,0,0,1,9,1
variations,0,0,0,1,0,7
ito,0,0,0,1,0,0
softener,0,0,0,6,0,0
xxxxxxxxwater,0,0,0,1,0,0
xxxxxxxxplease,0,0,0,1,0,0
roughshod,0,0,0,1,0,0
lawfirms,0,0,0,1,0,0
infect,0,0,0,1,1,0
lawfirm,0,0,0,1,3,0
mystify,0,0,0,1,0,1
strongest,0,0,0,1,1,0
sinister,0,0,0,1,0,0
minions,0,0,0,1,0,0
perversion,0,0,0,1,0,0
decimation,0,0,0,1,0,0
stips,0,0,0,1,0,0
onger,0,0,0,1,0,0
modificatioi,0,0,0,1,0,0
foreclosedon,0,0,0,1,0,0
noticeto,0,0,0,1,0,0
orreinstatement,0,0,0,2,0,0
notrespond,0,0,0,1,0,0
theyforeclosed,0,0,0,1,0,0
includingrespa,0,0,0,1,0,0
thisconsumer,0,0,0,1,0,0
addedto,0,0,0,1,0,0
theyderived,0,0,0,1,0,0
downa,0,0,0,1,0,0
beadded,0,0,0,1,0,0
wantedto,0,0,0,1,0,0
comeup,0,0,0,1,0,0
asthat,0,0,0,1,0,0
asescrow,0,0,0,1,0,0
untilafter,0,0,0,1,0,0
alsorequired,0,0,0,1,0,0
escrowpayment,0,0,0,1,0,0
fearsadditional,0,0,0,1,0,0
chaserefusing,0,0,0,1,0,0
accountsince,0,0,0,1,0,0
accountdata,0,0,0,1,0,0
throughpresent,0,0,0,1,0,0
toanything,0,0,0,1,0,0
alsoincorrect,0,0,0,1,0,0
lastname,0,0,0,1,0,0
statingthe,0,0,0,1,0,0
thecalculations,0,0,0,1,0,0
usedby,0,0,0,1,0,0
chasepaid,0,0,0,1,0,0
escroanalysis,0,0,0,1,0,0
propercredits,0,0,0,1,0,0
makemonthly,0,0,0,1,0,0
inher,0,0,0,1,0,0
figuresas,0,0,0,1,0,0
thecorrect,0,0,0,1,0,0
anissue,0,0,0,1,0,0
theunderwriters,0,0,0,1,0,0
seeletter,0,0,0,1,0,0
thedismissed,0,0,0,1,0,0
initally,0,0,0,1,0,0
righful,0,0,0,1,0,0
correlative,0,0,0,1,0,0
deferrment,0,0,0,1,1,0
automatica,0,0,0,1,0,0
suddently,0,0,0,1,0,0
rin,0,0,0,1,0,0
za,0,0,0,1,0,0
citifiancial,0,0,0,1,0,0
prooved,0,0,0,1,0,0
justs,0,0,0,1,0,0
popup,0,0,0,1,0,1
gredit,0,0,0,1,0,0
devote,0,0,0,1,0,0
honable,0,0,0,1,0,0
juge,0,0,0,1,0,0
pagexxxxxxxx,0,0,0,1,0,0
discredit,0,0,0,1,1,1
nite,0,0,0,1,0,1
priorly,0,0,0,1,0,0
immense,0,0,0,1,0,0
wit,0,0,0,1,3,3
teat,0,0,0,1,0,0
anothey,0,0,0,1,0,0
crawlspace,0,0,0,2,0,0
hardwoods,0,0,0,1,0,0
mit,0,0,0,1,0,0
permanenet,0,0,0,1,0,0
insteady,0,0,0,1,0,0
realestate,0,0,0,1,0,0
miscommunicating,0,0,0,1,0,0
basket,0,0,0,1,0,0
juice,0,0,0,1,0,0
potato,0,0,0,1,0,0
rediculus,0,0,0,1,0,0
dock,0,0,0,1,0,1
untenable,0,0,0,1,0,0
tod,0,0,0,1,0,0
restatement,0,0,0,1,0,0
buildout,0,0,0,1,0,0
modificationwhich,0,0,0,1,0,0
charleston,0,0,0,1,0,0
contonue,0,0,0,1,0,0
commas,0,0,0,1,0,0
meowners,0,0,0,1,0,0
uninterrupted,0,0,0,1,0,0
febuary,0,0,0,2,0,0
migrate,0,0,0,1,0,0
rescap,0,0,0,1,0,0
farud,0,0,0,1,0,0
unsing,0,0,0,1,0,0
hometown,0,0,0,1,0,0
interminable,0,0,0,1,0,0
complaintxxxx,0,0,0,1,0,0
xxxxenclosed,0,0,0,1,0,0
xxxxxxxxthere,0,0,0,1,0,0
xxxxxxxxcombine,0,0,0,1,0,0
___________the,0,0,0,1,0,0
xxxxxxxxa,0,0,0,1,0,0
cordially,0,0,0,1,0,0
stabilty,0,0,0,1,0,0
degrees,0,0,0,1,0,0
evolve,0,0,0,1,0,0
subterfuge,0,0,0,1,0,1
hudxxxx,0,0,0,1,0,0
rebuff,0,0,0,1,0,0
wth,0,0,0,1,0,0
exemptions,0,0,0,3,4,9
immeasurably,0,0,0,1,0,0
misinterpretation,0,0,0,1,0,0
entitlements,0,0,0,1,0,0
bough,0,0,0,1,0,0
trucker,0,0,0,1,0,0
importatant,0,0,0,1,0,0
arent,0,0,0,1,0,2
rewright,0,0,0,1,0,0
superivsor,0,0,0,1,0,0
partime,0,0,0,1,0,0
groom,0,0,0,1,0,0
redeemable,0,0,0,1,0,0
adu,0,0,0,1,0,0
courteously,0,0,0,1,0,0
disappointingly,0,0,0,1,0,0
fervently,0,0,0,1,0,0
humanly,0,0,0,1,0,1
ironical,0,0,0,1,0,0
ammendment,0,0,0,1,0,0
ammend,0,0,0,1,0,0
alol,0,0,0,1,0,0
aprehensive,0,0,0,1,0,0
renaging,0,0,0,1,0,0
mouthy,0,0,0,1,0,0
extinguishment,0,0,0,1,0,0
tendency,0,0,0,1,0,0
explode,0,0,0,1,0,1
mollify,0,0,0,1,0,0
facade,0,0,0,1,0,0
threated,0,0,0,1,4,0
recentally,0,0,0,1,0,0
minn,0,0,0,1,0,0
subd,0,0,0,1,0,0
callling,0,0,0,1,0,0
outstandng,0,0,0,1,0,0
acounting,0,0,0,1,0,0
xxxxshowing,0,0,0,1,0,0
therewas,0,0,0,1,0,0
notrefinance,0,0,0,1,0,0
homein,0,0,0,1,0,0
redidterm,0,0,0,1,0,0
impractical,0,0,0,2,0,0
recieveable,0,0,0,1,0,0
fey,0,0,0,2,0,0
relist,0,0,0,1,0,0
amorterzation,0,0,0,1,0,0
unmoved,0,0,0,1,0,0
legiable,0,0,0,1,0,0
umerous,0,0,0,1,0,0
seexxxx,0,0,0,1,0,0
reposit,0,0,0,1,0,0
muddy,0,0,0,1,1,0
abusiveness,0,0,0,1,0,0
verily,0,0,0,1,0,0
originatorwas,0,0,0,1,0,0
lenderxxxx,0,0,0,1,0,0
aboutxxxx,0,0,0,1,0,0
banksregarding,0,0,0,1,0,0
violatingstatutory,0,0,0,1,0,0
req,0,0,0,1,2,0
regualtions,0,0,0,1,0,0
procedureduring,0,0,0,1,0,0
forescalated,0,0,0,1,0,0
toescalation,0,0,0,1,0,0
bankingcommission,0,0,0,1,0,0
qwrwas,0,0,0,1,0,0
xxxxacknowledged,0,0,0,1,0,0
initiatedforeclosure,0,0,0,1,0,0
xxxxfirst,0,0,0,1,0,0
meritlenders,0,0,0,1,0,0
xxxxlender,0,0,0,1,0,0
montering,0,0,0,1,0,0
protectmyid,0,0,0,1,0,6
suppervisor,0,0,0,1,0,0
ctach,0,0,0,1,0,0
neverresponded,0,0,0,1,0,0
forestall,0,0,0,1,0,0
onerous,0,0,0,1,0,1
slab,0,0,0,1,0,0
jcmorgan,0,0,0,2,0,0
unbenowst,0,0,0,1,0,0
rysar,0,0,0,1,0,0
increa,0,0,0,1,0,0
sed,0,0,0,1,1,0
lid,0,0,0,1,0,0
needen,0,0,0,1,0,0
tee,0,0,0,2,0,0
sysytem,0,0,0,2,0,0
fright,0,0,0,1,0,0
dispatch,0,0,0,1,4,0
amort,0,0,0,1,0,0
inoder,0,0,0,1,0,0
discrimmination,0,0,0,1,0,0
isaoa,0,0,0,1,0,0
somekind,0,0,0,1,0,0
rx,0,0,0,1,0,0
depreciation,0,0,0,1,0,0
correspondents,0,0,0,1,0,0
graceful,0,0,0,1,1,0
knowledgably,0,0,0,1,0,0
disouting,0,0,0,1,0,0
strew,0,0,0,1,0,0
landscapers,0,0,0,1,0,0
plumbers,0,0,0,1,0,1
ets,0,0,0,1,0,0
upkeep,0,0,0,1,0,1
owener,0,0,0,1,0,0
unnerve,0,0,0,1,0,0
wjhat,0,0,0,1,0,0
flooeded,0,0,0,1,0,0
basements,0,0,0,1,0,0
recepit,0,0,0,1,0,0
sory,0,0,0,1,0,0
forceable,0,0,0,1,0,0
comsumer,0,0,0,1,0,0
nonresponse,0,0,0,1,0,0
vexatious,0,0,0,1,0,0
reviewer,0,0,0,1,0,0
offerings,0,0,0,1,0,3
inexplicable,0,0,0,1,0,0
unsupportable,0,0,0,1,0,0
smi,0,0,0,25,0,0
overbilling,0,0,0,1,2,0
arithmetic,0,0,0,1,0,0
chaotic,0,0,0,1,0,0
insur,0,0,0,1,0,0
governors,0,0,0,1,2,0
frb,0,0,0,1,0,0
thrift,0,0,0,1,1,0
ffiec,0,0,0,1,0,0
nonbank,0,0,0,1,0,0
originations,0,0,0,1,0,0
lakes,0,0,0,4,2,0
arass,0,0,0,3,0,0
copd,0,0,0,1,0,0
scoop,0,0,0,1,0,0
wafd,0,0,0,2,0,0
attributable,0,0,0,1,0,1
vom,0,0,0,1,0,0
setarus,0,0,0,2,0,0
bureauso,0,0,0,1,0,0
cerdit,0,0,0,1,0,0
alli,0,0,0,1,0,0
coverted,0,0,0,1,0,0
themself,0,0,0,1,1,0
semantics,0,0,0,1,0,0
whammy,0,0,0,1,0,0
ecomony,0,0,0,1,0,0
muck,0,0,0,1,0,0
nths,0,0,0,1,0,0
xxxxchasexxxx,0,0,0,1,0,0
xxxxjust,0,0,0,1,0,0
antagonistic,0,0,0,1,0,0
americaxxxxxxxx,0,0,0,1,0,0
madamei,0,0,0,1,0,0
richer,0,0,0,1,0,0
ceobank,0,0,0,1,0,0
americaxxxx,0,0,0,1,0,0
yoyo,0,0,0,1,0,0
sherrifs,0,0,0,2,0,0
nearer,0,0,0,1,0,0
repetition,0,0,0,1,0,0
pi,0,0,0,1,0,0
agressively,0,0,0,1,0,0
inidcated,0,0,0,1,0,0
std,0,0,0,1,0,0
empathize,0,0,0,1,0,0
elementary,0,0,0,1,0,2
substantiation,0,0,0,1,0,3
teleconference,0,0,0,1,0,0
medaition,0,0,0,1,0,0
estange,0,0,0,1,0,0
iver,0,0,0,1,0,0
dof,0,0,0,1,0,0
intramural,0,0,0,1,0,0
disbursal,0,0,0,1,0,0
italics,0,0,0,1,0,0
onslaught,0,0,0,1,0,0
redated,0,0,0,1,0,0
remailed,0,0,0,1,0,0
saturate,0,0,0,1,0,0
allen,0,0,0,17,1,0
tate,0,0,0,17,2,0
brg,0,0,0,1,0,0
concerni,0,0,0,1,0,0
collectable,0,0,0,2,4,0
stateside,0,0,0,1,0,0
horse,0,0,0,1,0,0
delinquencyand,0,0,0,1,0,0
arguably,0,0,0,1,0,0
nondiscrimination,0,0,0,1,0,0
barter,0,0,0,1,1,0
insanity,0,0,0,1,0,0
mirth,0,0,0,1,0,0
whelther,0,0,0,1,0,0
wk,0,0,0,1,0,0
landscape,0,0,0,1,0,2
gazebo,0,0,0,1,0,0
reguarding,0,0,0,1,1,4
documentsi,0,0,0,1,0,0
dmyslef,0,0,0,1,0,0
pormised,0,0,0,1,0,1
dn,0,0,0,1,0,0
everythign,0,0,0,1,0,0
camp,0,0,0,1,0,0
surreal,0,0,0,1,0,0
thugs,0,0,0,1,2,0
businessmen,0,0,0,1,0,0
resourceful,0,0,0,1,0,0
foresnic,0,0,0,1,0,0
condos,0,0,0,1,0,0
maximums,0,0,0,1,0,0
clearer,0,0,0,1,0,0
nev,0,0,0,1,0,0
grantors,0,0,0,1,0,2
hallmark,0,0,0,4,0,0
billable,0,0,0,1,0,0
misfortunes,0,0,0,1,0,0
misdemeanor,0,0,0,1,0,4
guidlines,0,0,0,1,1,0
equitably,0,0,0,1,0,0
xxxxgreentree,0,0,0,1,0,0
sirsus,0,0,0,1,0,0
numberxxxx,0,0,0,1,1,1
itwe,0,0,0,1,0,0
vehiclesin,0,0,0,1,0,0
waitingwe,0,0,0,1,0,0
saleso,0,0,0,1,0,0
autos,0,0,0,1,0,1
creditso,0,0,0,1,0,0
caution,0,0,0,1,0,1
thisput,0,0,0,1,0,0
unearned,0,0,0,3,0,0
invome,0,0,0,1,0,0
slowdown,0,0,0,1,0,0
geat,0,0,0,1,0,0
forbarence,0,0,0,1,0,0
eff,0,0,0,1,0,2
thaf,0,0,0,1,0,0
foebarence,0,0,0,2,0,0
faxx,0,0,0,1,0,0
clauses,0,0,0,1,2,0
practicedebt,0,0,0,1,0,0
actthe,0,0,0,1,0,0
rulebreach,0,0,0,1,0,0
contractif,0,0,0,1,0,0
countrywde,0,0,0,1,0,0
stint,0,0,0,1,0,0
dialers,0,0,0,1,0,0
dreadful,0,0,0,1,0,0
decission,0,0,0,1,0,0
couldcould,0,0,0,1,0,0
harrase,0,0,0,1,0,0
occrued,0,0,0,1,0,0
posibly,0,0,0,1,0,0
ihad,0,0,0,1,0,0
hobr,0,0,0,1,0,0
fms,0,0,0,0,9,1
confriming,0,0,0,0,1,0
procurement,0,0,0,0,1,4
obligator,0,0,0,0,1,0
someday,0,0,0,0,1,0
dependents,0,0,0,0,1,0
physicals,0,0,0,0,1,0
nco,0,0,0,0,3,0
kirkland,0,0,0,0,4,0
dint,0,0,0,0,2,1
receieve,0,0,0,0,3,0
eos,0,0,0,0,29,0
persona,0,0,0,0,1,0
oder,0,0,0,0,1,0
americafile,0,0,0,0,1,0
clientwe,0,0,0,0,1,0
emailas,0,0,0,0,1,0
thatyours,0,0,0,0,1,0
fcbs,0,0,0,0,2,0
capstone,0,0,0,0,1,0
unvalidated,0,0,0,0,3,1
robotic,0,0,0,0,6,0
hospitals,0,0,0,0,10,3
robocalled,0,0,0,0,1,0
wy,0,0,0,0,1,0
robocall,0,0,0,0,8,0
gash,0,0,0,0,1,0
amarica,0,0,0,0,1,0
prosecutions,0,0,0,0,1,0
bx,0,0,0,0,1,0
econcs,0,0,0,0,1,0
guglielmo,0,0,0,0,2,0
foul,0,0,0,0,4,0
shout,0,0,0,0,4,0
analytics,0,0,0,0,1,2
inscribe,0,0,0,0,1,0
aforethought,0,0,0,0,1,0
premeditate,0,0,0,0,1,0
conspiratorial,0,0,0,0,1,0
objectives,0,0,0,0,1,0
monterrey,0,0,0,0,1,0
astra,0,0,0,0,34,0
desit,0,0,0,0,1,0
xxxxcall,0,0,0,0,2,0
mindalnd,0,0,0,0,1,0
immidietly,0,0,0,0,1,0
docummented,0,0,0,0,1,0
fredrick,0,0,0,0,2,0
hanna,0,0,0,0,11,0
sleazebags,0,0,0,0,1,0
hangups,0,0,0,0,1,0
portfrecovery,0,0,0,0,1,0
hippa,0,0,0,0,22,1
xxxxcontinental,0,0,0,0,1,0
seperated,0,0,0,0,1,0
seperately,0,0,0,0,1,0
thiers,0,0,0,0,1,0
acoount,0,0,0,0,1,0
paymet,0,0,0,0,1,0
reasonalbe,0,0,0,0,1,0
concumer,0,0,0,0,1,0
othe,0,0,0,0,1,0
accumualte,0,0,0,0,1,0
attemtpt,0,0,0,0,1,0
patients,0,0,0,0,18,0
phoe,0,0,0,0,1,0
insistingly,0,0,0,0,1,0
denounce,0,0,0,0,1,0
roundly,0,0,0,0,1,0
mornings,0,0,0,0,3,0
gc,0,0,0,0,20,0
ladys,0,0,0,0,1,0
mens,0,0,0,0,1,0
pohone,0,0,0,0,1,0
proceeders,0,0,0,0,1,0
ebt,0,0,0,0,1,0
ceritified,0,0,0,0,1,0
woefully,0,0,0,0,1,0
unbeknowst,0,0,0,0,1,0
incarseration,0,0,0,0,1,0
nair,0,0,0,0,1,0
levine,0,0,0,0,1,0
exhorbitant,0,0,0,0,1,0
mispresented,0,0,0,0,1,0
publically,0,0,0,0,1,0
setforth,0,0,0,0,1,0
hospitial,0,0,0,0,1,0
apex,0,0,0,0,9,0
licensure,0,0,0,0,1,0
profane,0,0,0,0,2,1
miranda,0,0,0,0,25,0
cba,0,0,0,0,6,2
cooler,0,0,0,0,1,0
representer,0,0,0,0,1,0
hunter,0,0,0,0,41,0
warfield,0,0,0,0,39,0
dupilicate,0,0,0,0,1,0
agenies,0,0,0,0,2,0
corporationinstant,0,0,0,0,1,0
xxxxe,0,0,0,0,2,0
incxxxx,0,0,0,0,3,0
linenotes,0,0,0,0,1,0
messagefunding,0,0,0,0,1,0
xxxxlocation,0,0,0,0,1,0
informationrequest,0,0,0,0,1,0
owednever,0,0,0,0,1,0
xxxxdebt,0,0,0,0,3,0
monthterm,0,0,0,0,2,0
monthsrequest,0,0,0,0,1,0
informationxx,0,0,0,0,1,0
addressdown,0,0,0,0,1,0
frontemployer,0,0,0,0,1,0
xxxxconfirmation,0,0,0,0,2,0
xxxxdirect,0,0,0,0,2,0
xxxxcontact,0,0,0,0,1,0
monthsxx,0,0,0,0,1,0
xxxxrepresentative,0,0,0,0,1,0
lendingloan,0,0,0,0,1,0
monthrefundable,0,0,0,0,1,0
frontxx,0,0,0,0,1,0
xxxxreported,0,0,0,0,2,0
xxxxunknown,0,0,0,0,1,0
privatefri,0,0,0,0,1,0
xxxxeloan,0,0,0,0,1,0
facilityyou,0,0,0,0,1,0
accountsif,0,0,0,0,1,0
incunited,0,0,0,0,1,0
rpt,0,0,0,0,1,0
phoenix,0,0,0,0,8,2
deb,0,0,0,0,3,1
dir,0,0,0,0,1,0
opererations,0,0,0,0,1,0
arnold,0,0,0,0,3,0
scott,0,0,0,0,12,0
mgmt,0,0,0,0,1,0
cmrrr,0,0,0,0,1,0
statei,0,0,0,0,1,0
confine,0,0,0,0,2,0
xxxxphone,0,0,0,0,3,1
reportplease,0,0,0,0,2,0
requestthank,0,0,0,0,2,0
specifiaclly,0,0,0,0,1,0
convergent,0,0,0,0,34,0
waaayyyy,0,0,0,0,1,0
machol,0,0,0,0,7,0
johannes,0,0,0,0,7,0
trujillo,0,0,0,0,1,0
comlaint,0,0,0,0,1,0
monthes,0,0,0,0,1,0
acard,0,0,0,0,1,0
acar,0,0,0,0,1,0
sneeky,0,0,0,0,1,0
eith,0,0,0,0,1,0
thenthe,0,0,0,0,1,0
sommons,0,0,0,0,1,0
yime,0,0,0,0,1,0
tocontact,0,0,0,0,2,0
attemtping,0,0,0,0,1,0
vericication,0,0,0,0,1,0
reimbursements,0,0,0,0,1,0
speciffically,0,0,0,0,1,0
removalxxxx,0,0,0,0,1,0
ncs,0,0,0,0,8,1
reengaged,0,0,0,0,1,0
army,0,0,0,0,1,0
reliant,0,0,0,0,6,0
solider,0,0,0,0,1,0
pleanty,0,0,0,0,1,0
inncorrected,0,0,0,0,1,0
fams,0,0,0,0,11,0
flagrantly,0,0,0,0,3,0
comapny,0,0,0,0,2,3
millennium,0,0,0,0,7,0
lab,0,0,0,0,9,1
waassociates,0,0,0,0,3,0
whits,0,0,0,0,2,0
cb,0,0,0,0,4,7
scs,0,0,0,0,1,0
bis,0,0,0,0,1,0
northeast,0,0,0,0,4,1
copay,0,0,0,0,6,3
transworld,0,0,0,0,57,3
terrorists,0,0,0,0,1,0
heighten,0,0,0,0,1,0
uflp,0,0,0,0,1,0
webforms,0,0,0,0,1,0
mobiloans,0,0,0,0,1,1
psychology,0,0,0,0,1,0
blitt,0,0,0,0,4,0
informaining,0,0,0,0,1,0
calla,0,0,0,0,1,0
wrk,0,0,0,0,1,0
verifified,0,0,0,0,1,0
reel,0,0,0,0,1,1
somedays,0,0,0,0,1,0
diversify,0,0,0,0,54,3
karma,0,0,0,0,6,16
mitchell,0,0,0,0,2,0
bluhm,0,0,0,0,1,0
technologies,0,0,0,0,2,0
iq,0,0,0,0,13,0
realty,0,0,0,0,3,0
gyms,0,0,0,0,1,0
immature,0,0,0,0,1,0
memberships,0,0,0,0,1,3
kinum,0,0,0,0,2,0
theys,0,0,0,0,1,0
halsted,0,0,0,0,3,0
indundated,0,0,0,0,1,0
candidates,0,0,0,0,1,0
thaht,0,0,0,0,2,0
allegadelly,0,0,0,0,1,0
verfication,0,0,0,0,2,0
caliming,0,0,0,0,1,0
rigths,0,0,0,0,1,0
annswer,0,0,0,0,1,0
deliverable,0,0,0,0,1,3
afni,0,0,0,0,87,2
unproven,0,0,0,0,1,0
showroom,0,0,0,0,1,0
coperate,0,0,0,0,1,0
jeweler,0,0,0,0,1,0
bronstein,0,0,0,0,1,0
weiss,0,0,0,0,1,0
accountbof,0,0,0,0,1,0
samemonth,0,0,0,0,1,0
xxxxbof,0,0,0,0,1,0
actplease,0,0,0,0,1,0
recoveryxxxxxxxx,0,0,0,0,1,0
actives,0,0,0,0,14,1
interrogatory,0,0,0,0,1,0
snd,0,0,0,0,1,1
northland,0,0,0,0,6,0
fagstar,0,0,0,0,1,0
ara,0,0,0,0,7,0
detention,0,0,0,0,2,0
xxxxafni,0,0,0,0,1,0
tourncredit,0,0,0,0,1,0
pressler,0,0,0,0,34,0
plusfour,0,0,0,0,5,0
landmark,0,0,0,0,1,0
cogent,0,0,0,0,1,0
registrant,0,0,0,0,1,0
prospectus,0,0,0,0,1,1
collective,0,0,0,0,1,0
aargon,0,0,0,0,8,1
evenings,0,0,0,0,1,0
hipaa,0,0,0,0,30,3
garn,0,0,0,0,1,0
squeaky,0,0,0,0,1,0
cmre,0,0,0,0,12,0
ifhey,0,0,0,0,1,0
designers,0,0,0,0,1,0
modem,0,0,0,0,18,4
hookups,0,0,0,0,1,0
hdmi,0,0,0,0,1,0
nsfs,0,0,0,0,1,0
argon,0,0,0,0,1,0
phd,0,0,0,0,1,0
reread,0,0,0,0,1,1
roach,0,0,0,0,4,0
blury,0,0,0,0,1,0
blurry,0,0,0,0,1,1
arra,0,0,0,0,1,0
phr,0,0,0,0,1,0
clinical,0,0,0,0,1,0
hitech,0,0,0,0,1,0
ocr,0,0,0,0,1,0
ncc,0,0,0,0,10,0
fate,0,0,0,0,1,1
aparment,0,0,0,0,2,0
dispoite,0,0,0,0,1,0
conscta,0,0,0,0,1,0
assail,0,0,0,0,1,0
kirland,0,0,0,0,3,0
untraceable,0,0,0,0,2,0
repetitions,0,0,0,0,1,0
complainants,0,0,0,0,5,0
subtantively,0,0,0,0,1,0
paragon,0,0,0,0,10,0
abnormal,0,0,0,0,1,0
trident,0,0,0,0,14,0
knives,0,0,0,0,2,0
dismantle,0,0,0,0,2,0
ofr,0,0,0,0,1,0
extenuation,0,0,0,0,1,0
mccarthy,0,0,0,0,7,0
holthus,0,0,0,0,5,0
direc,0,0,0,0,1,0
tly,0,0,0,0,1,0
obligors,0,0,0,0,2,0
sect,0,0,0,0,1,1
ion,0,0,0,0,1,1
obligee,0,0,0,0,1,2
gown,0,0,0,0,1,0
palisade,0,0,0,0,5,0
shareholder,0,0,0,0,1,1
companyafni,0,0,0,0,1,0
natioanl,0,0,0,0,1,0
abundant,0,0,0,0,1,1
invasions,0,0,0,0,1,0
instrumentalities,0,0,0,0,1,0
intrastate,0,0,0,0,1,0
competitively,0,0,0,0,1,0
jh,0,0,0,0,7,0
itemitzation,0,0,0,0,1,0
communcation,0,0,0,0,1,0
recurrently,0,0,0,0,1,0
limitions,0,0,0,0,1,0
jepordize,0,0,0,0,1,1
unknownst,0,0,0,0,1,0
flo,0,0,0,0,1,0
rida,0,0,0,0,1,0
abc,0,0,0,0,10,0
ugly,0,0,0,0,3,0
conumser,0,0,0,0,1,0
performant,0,0,0,0,8,0
wadges,0,0,0,0,2,0
portability,0,0,0,0,8,0
tsi,0,0,0,0,9,0
lawyerwe,0,0,0,0,1,0
vision,0,0,0,0,2,0
northwind,0,0,0,0,2,0
commuter,0,0,0,0,1,0
accural,0,0,0,0,1,0
oustanding,0,0,0,0,1,0
doung,0,0,0,0,1,0
repositories,0,0,0,0,2,1
dummy,0,0,0,0,1,0
limosouine,0,0,0,0,1,0
contated,0,0,0,0,2,0
plae,0,0,0,0,1,0
emplymen,0,0,0,0,1,0
similarity,0,0,0,0,1,2
holloway,0,0,0,0,6,0
xxxxandetitle,0,0,0,0,3,0
agencyin,0,0,0,0,3,0
docx,0,0,0,0,1,1
actors,0,0,0,0,3,1
eastbrook,0,0,0,0,1,0
tsc,0,0,0,0,7,0
indirectly,0,0,0,0,4,3
magistrate,0,0,0,0,3,2
frist,0,0,0,0,1,0
facea,0,0,0,0,1,0
aver,0,0,0,0,1,0
misdiagnosis,0,0,0,0,1,0
attornies,0,0,0,0,1,0
midwst,0,0,0,0,2,0
rcvry,0,0,0,0,2,0
reappied,0,0,0,0,1,0
ambulance,0,0,0,0,16,4
roop,0,0,0,0,1,0
transwold,0,0,0,0,1,0
sacor,0,0,0,0,1,0
dsl,0,0,0,0,5,0
broadband,0,0,0,0,3,0
solutionsllc,0,0,0,0,4,0
cerise,0,0,0,0,1,0
uscb,0,0,0,0,4,0
searchable,0,0,0,0,1,0
reorting,0,0,0,0,1,0
unwiling,0,0,0,0,1,0
accs,0,0,0,0,3,0
oliphant,0,0,0,0,1,0
pretaining,0,0,0,0,1,0
evanton,0,0,0,0,1,0
servicemembers,0,0,0,0,1,0
involuntary,0,0,0,0,6,1
lettlers,0,0,0,0,1,0
xxxxxxxxn,0,0,0,0,1,0
pcs,0,0,0,0,2,1
faculty,0,0,0,0,2,1
cib,0,0,0,0,2,0
neved,0,0,0,0,1,0
originall,0,0,0,0,1,0
colaborate,0,0,0,0,1,0
doorstep,0,0,0,0,1,0
tatic,0,0,0,0,2,0
tracers,0,0,0,0,1,0
conformance,0,0,0,0,2,0
aspen,0,0,0,0,2,0
backfire,0,0,0,0,1,0
amcol,0,0,0,0,7,0
hrrg,0,0,0,0,13,0
flhrrg,0,0,0,0,1,0
hospitalxxxx,0,0,0,0,1,0
xxxxwhat,0,0,0,0,1,0
acm,0,0,0,0,1,0
assurd,0,0,0,0,1,0
toady,0,0,0,0,1,0
lotane,0,0,0,0,8,0
nulled,0,0,0,0,1,0
offences,0,0,0,0,1,0
nonjudicial,0,0,0,0,1,0
dispossession,0,0,0,0,2,0
disablement,0,0,0,0,2,0
balconies,0,0,0,0,1,0
enforcememt,0,0,0,0,1,0
haft,0,0,0,0,1,0
resurgent,0,0,0,0,10,0
servives,0,0,0,0,1,0
fco,0,0,0,0,12,0
wetsch,0,0,0,0,1,0
abbott,0,0,0,0,1,0
osborn,0,0,0,0,1,0
handler,0,0,0,0,1,0
winn,0,0,0,0,3,0
xxxxlvnv,0,0,0,0,1,0
fundingxxxx,0,0,0,0,1,0
unsucessfuly,0,0,0,0,1,0
mitchel,0,0,0,0,1,0
rubinstein,0,0,0,0,1,0
subscriber,0,0,0,0,2,4
caine,0,0,0,0,12,0
weiner,0,0,0,0,14,0
xxxxconsent,0,0,0,0,2,0
implicate,0,0,0,0,2,0
nes,0,0,0,0,11,0
nw,0,0,0,0,1,0
encore,0,0,0,0,4,0
inflamitory,0,0,0,0,1,0
immedietly,0,0,0,0,1,0
stepfather,0,0,0,0,2,0
isunfair,0,0,0,0,1,0
hearsay,0,0,0,0,3,1
accecpted,0,0,0,0,1,0
ast,0,0,0,0,1,0
ye,0,0,0,0,1,0
terminally,0,0,0,0,4,0
alr,0,0,0,0,1,0
eady,0,0,0,0,1,0
americollect,0,0,0,0,9,0
secs,0,0,0,0,1,0
fncb,0,0,0,0,2,0
culpable,0,0,0,0,1,0
sytems,0,0,0,0,1,0
dnf,0,0,0,0,3,0
cach,0,0,0,0,10,0
impala,0,0,0,0,2,0
lessor,0,0,0,0,4,0
collecion,0,0,0,0,1,0
atg,0,0,0,0,14,0
calld,0,0,0,0,1,0
robinson,0,0,0,0,1,0
reagan,0,0,0,0,1,0
lpsg,0,0,0,0,2,0
collegiate,0,0,0,0,4,0
nct,0,0,0,0,6,0
aes,0,0,0,0,10,0
dischargeable,0,0,0,0,1,0
privatize,0,0,0,0,1,0
domicile,0,0,0,0,3,0
unlinked,0,0,0,0,1,0
broward,0,0,0,0,1,0
messerli,0,0,0,0,13,0
kramer,0,0,0,0,16,0
coul,0,0,0,0,1,0
accusations,0,0,0,0,3,0
bleier,0,0,0,0,1,0
cox,0,0,0,0,2,0
apc,0,0,0,0,1,0
jefferson,0,0,0,0,10,0
plethora,0,0,0,0,4,3
grammatical,0,0,0,0,2,0
numerical,0,0,0,0,1,0
purcashed,0,0,0,0,1,0
accordnace,0,0,0,0,1,0
tribe,0,0,0,0,1,0
leonard,0,0,0,0,1,0
colletor,0,0,0,0,1,0
collet,0,0,0,0,2,0
colloctors,0,0,0,0,1,0
syndicate,0,0,0,0,11,1
systemst,0,0,0,0,1,0
trueaccord,0,0,0,0,3,0
pdq,0,0,0,0,5,0
senex,0,0,0,0,4,0
condtion,0,0,0,0,1,0
proecdures,0,0,0,0,1,0
stillman,0,0,0,0,4,0
xxxxthrough,0,0,0,0,1,0
alexandrides,0,0,0,0,2,0
commingle,0,0,0,0,1,0
professor,0,0,0,0,1,0
hair,0,0,0,0,1,0
dean,0,0,0,0,1,0
desert,0,0,0,0,1,0
reapeadly,0,0,0,0,1,0
clx,0,0,0,0,4,0
westwood,0,0,0,0,2,0
cheveron,0,0,0,0,1,0
sunrise,0,0,0,0,8,0
ttl,0,0,0,0,1,0
fuzzy,0,0,0,0,1,0
amounnt,0,0,0,0,1,0
ftom,0,0,0,0,1,0
harvard,0,0,0,0,1,0
overshadow,0,0,0,0,1,0
miller,0,0,0,0,3,0
klein,0,0,0,0,9,0
geezzzz,0,0,0,0,1,0
saffff,0,0,0,0,1,0
signage,0,0,0,0,1,1
freestanding,0,0,0,0,1,0
eobs,0,0,0,0,2,0
arnett,0,0,0,0,1,0
arnet,0,0,0,0,2,0
eob,0,0,0,0,6,0
gla,0,0,0,0,9,0
berks,0,0,0,0,1,1
fudning,0,0,0,0,1,0
reassert,0,0,0,0,1,0
anemic,0,0,0,0,1,0
amsher,0,0,0,0,23,3
recalcitrant,0,0,0,0,1,0
attemptsxxxx,0,0,0,0,1,0
solomon,0,0,0,0,6,0
penn,0,0,0,0,7,0
frederick,0,0,0,0,6,0
unintelligent,0,0,0,0,1,0
reinsertion,0,0,0,0,7,15
desicion,0,0,0,0,1,0
nessacery,0,0,0,0,1,0
feldman,0,0,0,0,1,0
cused,0,0,0,0,1,0
zwicker,0,0,0,0,5,0
actionto,0,0,0,0,1,0
dictionary,0,0,0,0,1,2
continuances,0,0,0,0,1,0
discontinuance,0,0,0,0,1,0
threatend,0,0,0,0,4,0
wareant,0,0,0,0,2,0
fitness,0,0,0,0,2,0
cord,0,0,0,0,1,0
requisition,0,0,0,0,4,0
sanitary,0,0,0,0,1,0
hwarfield,0,0,0,0,1,0
condultant,0,0,0,0,1,0
dogmatic,0,0,0,0,1,0
mastectomy,0,0,0,0,1,0
unowed,0,0,0,0,1,0
hoffman,0,0,0,0,7,0
squander,0,0,0,0,1,0
anounced,0,0,0,0,1,0
avon,0,0,0,0,2,0
unactive,0,0,0,0,1,0
adresss,0,0,0,0,1,0
odvious,0,0,0,0,1,0
compatible,0,0,0,0,2,0
evidentally,0,0,0,0,1,0
bca,0,0,0,0,3,0
evenly,0,0,0,0,1,0
phoneix,0,0,0,0,1,0
protcal,0,0,0,0,1,0
priceline,0,0,0,0,1,0
conm,0,0,0,0,1,0
regually,0,0,0,0,1,0
oracle,0,0,0,0,5,0
providentify,0,0,0,0,1,0
bass,0,0,0,0,3,0
verfied,0,0,0,0,3,3
continure,0,0,0,0,1,0
lentz,0,0,0,0,1,0
proivided,0,0,0,0,1,0
resolute,0,0,0,0,2,0
fbcs,0,0,0,0,6,0
uop,0,0,0,0,1,0
northwest,0,0,0,0,1,0
instillation,0,0,0,0,1,0
serivcers,0,0,0,0,2,0
irm,0,0,0,0,1,0
rumor,0,0,0,0,1,0
smith,0,0,0,0,1,0
debnam,0,0,0,0,1,0
revewing,0,0,0,0,1,0
dischardged,0,0,0,0,1,0
reaging,0,0,0,0,2,5
friggin,0,0,0,0,1,0
weltman,0,0,0,0,5,0
weinberg,0,0,0,0,4,0
reis,0,0,0,0,4,0
cbs,0,0,0,0,4,0
hipa,0,0,0,0,1,0
capio,0,0,0,0,4,0
burearu,0,0,0,0,1,0
atempted,0,0,0,0,1,0
corrospondance,0,0,0,0,1,0
servi,0,0,0,0,1,0
stuart,0,0,0,0,1,0
lippman,0,0,0,0,1,0
sonvthere,0,0,0,0,1,0
jacobs,0,0,0,0,4,0
marsh,0,0,0,0,4,0
recntly,0,0,0,0,1,0
wised,0,0,0,0,2,0
hc,0,0,0,0,3,0
accusatory,0,0,0,0,2,0
monroe,0,0,0,0,2,0
accredit,0,0,0,0,2,0
shakedown,0,0,0,0,2,0
obsurd,0,0,0,0,1,1
investigatory,0,0,0,0,2,0
harras,0,0,0,0,1,0
legalities,0,0,0,0,1,1
practies,0,0,0,0,1,0
cosumer,0,0,0,0,1,0
aty,0,0,0,0,1,0
prs,0,0,0,0,4,0
petitioner,0,0,0,0,1,0
endangerment,0,0,0,0,1,0
calli,0,0,0,0,1,0
mel,0,0,0,0,1,0
assoicates,0,0,0,0,1,0
acounts,0,0,0,0,1,0
housebank,0,0,0,0,1,0
tirade,0,0,0,0,2,0
copayment,0,0,0,0,1,0
goggle,0,0,0,0,1,0
indisputably,0,0,0,0,1,0
coerrespondance,0,0,0,0,1,0
classroom,0,0,0,0,1,0
chevrolet,0,0,0,0,2,0
cobalt,0,0,0,0,4,0
synergetic,0,0,0,0,9,0
syncom,0,0,0,0,2,0
nonexistence,0,0,0,0,1,0
creditinformation,0,0,0,0,1,0
thefailure,0,0,0,0,1,0
attemptto,0,0,0,0,1,0
dpennymac,0,0,0,0,1,0
throttle,0,0,0,0,1,0
bottleneck,0,0,0,0,1,0
disconnection,0,0,0,0,1,0
suburban,0,0,0,0,1,0
pinnacle,0,0,0,0,55,0
cpa,0,0,0,0,5,0
huband,0,0,0,0,1,0
recoveries,0,0,0,0,7,0
bake,0,0,0,0,1,0
stement,0,0,0,0,1,0
intrigue,0,0,0,0,1,0
aliases,0,0,0,0,1,1
revenuegroup,0,0,0,0,1,0
orreject,0,0,0,0,1,0
termites,0,0,0,0,1,0
unjustifiably,0,0,0,0,1,0
tpnky,0,0,0,0,1,0
iaw,0,0,0,0,1,0
glc,0,0,0,0,2,0
gcl,0,0,0,0,1,0
arsi,0,0,0,0,3,0
enterprises,0,0,0,0,6,0
acei,0,0,0,0,3,0
childcare,0,0,0,0,2,0
collator,0,0,0,0,1,0
favorite,0,0,0,0,1,0
malcom,0,0,0,0,1,0
gerald,0,0,0,0,1,0
cyberspace,0,0,0,0,1,0
np,0,0,0,0,3,0
cambridge,0,0,0,0,2,0
mysellf,0,0,0,0,1,0
tuitions,0,0,0,0,1,1
procollect,0,0,0,0,20,7
fox,0,0,0,0,16,0
poinnt,0,0,0,0,1,0
disassociate,0,0,0,0,2,0
inisiated,0,0,0,0,1,0
inreturn,0,0,0,0,1,0
maching,0,0,0,0,1,0
backlogged,0,0,0,0,1,0
intill,0,0,0,0,1,0
occaisions,0,0,0,0,1,0
truest,0,0,0,0,1,0
roi,0,0,0,0,2,0
icsysytems,0,0,0,0,1,0
kirlin,0,0,0,0,2,0
anytihing,0,0,0,0,1,0
ide,0,0,0,0,1,0
ntity,0,0,0,0,1,0
legitim,0,0,0,0,1,0
viola,0,0,0,0,1,0
ted,0,0,0,0,2,0
affair,0,0,0,0,3,0
xxxxbalancexxxx,0,0,0,0,2,0
bankoriginal,0,0,0,0,1,0
xxxxhigh,0,0,0,0,5,2
balancexx,0,0,0,0,3,0
xxxxopened,0,0,0,0,3,0
datexx,0,0,0,0,3,2
xxxxbalancemedxxxx,0,0,0,0,1,0
hospitaloriginal,0,0,0,0,1,0
xxxxoriginal,0,0,0,0,2,3
stickers,0,0,0,0,1,0
elusive,0,0,0,0,1,0
chaser,0,0,0,0,1,0
reconize,0,0,0,0,2,0
angency,0,0,0,0,4,0
aledged,0,0,0,0,1,0
oringinal,0,0,0,0,1,0
neighbourhood,0,0,0,0,1,0
majior,0,0,0,0,1,0
unifund,0,0,0,0,7,0
ccr,0,0,0,0,1,0
carruthers,0,0,0,0,6,0
birthdates,0,0,0,0,1,0
demographical,0,0,0,0,1,0
apg,0,0,0,0,1,0
johnson,0,0,0,0,9,0
pingged,0,0,0,0,2,0
ummm,0,0,0,0,1,0
perfection,0,0,0,0,4,0
conatcting,0,0,0,0,1,0
adt,0,0,0,0,1,1
pff,0,0,0,0,1,0
scumbags,0,0,0,0,2,0
radiator,0,0,0,0,1,0
fialed,0,0,0,0,1,0
blakely,0,0,0,0,2,0
witt,0,0,0,0,2,0
rib,0,0,0,0,3,0
observation,0,0,0,0,2,0
bur,0,0,0,0,2,0
sys,0,0,0,0,1,0
hosp,0,0,0,0,1,0
standstill,0,0,0,0,1,0
ounts,0,0,0,0,1,0
partment,0,0,0,0,1,0
swiss,0,0,0,0,6,0
colony,0,0,0,0,6,0
ashro,0,0,0,0,6,0
afraudulent,0,0,0,0,1,0
madami,0,0,0,0,1,0
investigationin,0,0,0,0,1,0
accountwith,0,0,0,0,1,0
skew,0,0,0,0,1,0
mybil,0,0,0,0,1,0
unbundle,0,0,0,0,1,0
unbundled,0,0,0,0,1,0
subsequentally,0,0,0,0,1,0
citbank,0,0,0,0,1,0
aunapropriate,0,0,0,0,1,0
harassments,0,0,0,0,1,0
waisted,0,0,0,0,1,0
rsi,0,0,0,0,3,0
unmarked,0,0,0,0,2,0
sonnenschein,0,0,0,0,1,0
speciality,0,0,0,0,3,0
imc,0,0,0,0,7,0
springer,0,0,0,0,12,0
collectionaccount,0,0,0,0,1,0
jeffcapsys,0,0,0,0,1,0
intro,0,0,0,0,1,0
resist,0,0,0,0,1,1
blatt,0,0,0,0,3,0
hasenmiller,0,0,0,0,3,0
leibsker,0,0,0,0,3,0
moore,0,0,0,0,4,0
sychoney,0,0,0,0,1,0
speliing,0,0,0,0,1,0
noy,0,0,0,0,1,0
underi,0,0,0,0,1,0
sallie,0,0,0,0,6,0
bloomington,0,0,0,0,1,0
pmab,0,0,0,0,2,0
bessemer,0,0,0,0,1,0
simpson,0,0,0,0,2,0
phonr,0,0,0,0,1,0
contrac,0,0,0,0,1,0
xmas,0,0,0,0,1,0
ostensible,0,0,0,0,1,0
insidiously,0,0,0,0,1,0
martial,0,0,0,0,2,0
arts,0,0,0,0,2,0
csn,0,0,0,0,2,0
sectio,0,0,0,0,1,0
reinvestigated,0,0,0,0,1,5
enjoin,0,0,0,0,3,0
ection,0,0,0,0,1,0
secti,0,0,0,0,1,0
packers,0,0,0,0,1,0
stockyards,0,0,0,0,1,0
agriculture,0,0,0,0,1,0
coun,0,0,0,0,1,0
acti,0,0,0,0,1,0
enforcem,0,0,0,0,1,0
oaths,0,0,0,0,1,0
affirmations,0,0,0,0,1,0
attendance,0,0,0,0,1,2
recoverable,0,0,0,0,1,0
twithstanding,0,0,0,0,1,0
regu,0,0,0,0,1,0
larly,0,0,0,0,1,0
examinations,0,0,0,0,2,0
interpretive,0,0,0,0,1,0
interpretations,0,0,0,0,1,0
subsec,0,0,0,0,1,0
wromg,0,0,0,0,1,0
instinct,0,0,0,0,1,0
fdcp,0,0,0,0,4,1
spoof,0,0,0,0,12,0
sw,0,0,0,0,10,0
spill,0,0,0,0,1,1
october,0,0,0,0,1,0
harressing,0,0,0,0,2,0
calk,0,0,0,0,1,0
harressed,0,0,0,0,1,0
theatened,0,0,0,0,2,0
probly,0,0,0,0,1,0
fh,0,0,0,0,7,0
cann,0,0,0,0,7,0
counsil,0,0,0,0,1,0
esquire,0,0,0,0,1,0
assuredly,0,0,0,0,1,0
mes,0,0,0,0,1,0
keybridge,0,0,0,0,6,0
tradename,0,0,0,0,4,0
tacit,0,0,0,0,1,0
orc,0,0,0,0,1,0
decist,0,0,0,0,4,0
awa,0,0,0,0,10,0
umpteenth,0,0,0,0,1,0
qualia,0,0,0,0,3,0
pantry,0,0,0,0,1,0
sucker,0,0,0,0,1,0
cordial,0,0,0,0,1,0
stepson,0,0,0,0,1,0
receiveables,0,0,0,0,1,0
yesterdays,0,0,0,0,1,0
sitused,0,0,0,0,1,0
nada,0,0,0,0,1,0
bam,0,0,0,0,1,0
thusly,0,0,0,0,1,0
pesky,0,0,0,0,1,0
evans,0,0,0,0,2,0
scrambler,0,0,0,0,1,0
genesis,0,0,0,0,3,0
ol,0,0,0,0,1,0
cherokee,0,0,0,0,1,0
motorist,0,0,0,0,1,0
availale,0,0,0,0,1,0
forceful,0,0,0,0,3,0
ambush,0,0,0,0,1,0
drs,0,0,0,0,9,0
header,0,0,0,0,1,0
diversifield,0,0,0,0,1,0
ashame,0,0,0,0,1,0
interfers,0,0,0,0,1,0
creditchase,0,0,0,0,1,0
threathened,0,0,0,0,1,0
frontline,0,0,0,0,2,0
valarity,0,0,0,0,11,0
thurs,0,0,0,0,1,0
methey,0,0,0,0,1,0
conversaation,0,0,0,0,1,0
didgts,0,0,0,0,1,0
allways,0,0,0,0,1,0
soiwant,0,0,0,0,1,0
viii,0,0,0,0,2,0
senders,0,0,0,0,1,0
sublet,0,0,0,0,2,0
wakefield,0,0,0,0,5,0
memebership,0,0,0,0,1,0
agencie,0,0,0,0,1,0
linebarger,0,0,0,0,2,0
googan,0,0,0,0,1,0
blair,0,0,0,0,2,2
sampson,0,0,0,0,2,0
illegaly,0,0,0,0,1,0
willfull,0,0,0,0,1,1
dispatcher,0,0,0,0,1,0
upsp,0,0,0,0,1,0
acacount,0,0,0,0,1,0
publics,0,0,0,0,1,0
indemnify,0,0,0,0,1,0
wpould,0,0,0,0,1,0
simon,0,0,0,0,4,0
imbarassment,0,0,0,0,1,0
alsoi,0,0,0,0,1,0
comeback,0,0,0,0,1,0
watrfield,0,0,0,0,1,0
deign,0,0,0,0,1,0
parish,0,0,0,0,1,0
simulate,0,0,0,0,2,0
communicati,0,0,0,0,1,0
propterty,0,0,0,0,1,0
techs,0,0,0,0,1,0
embolden,0,0,0,0,1,0
trainers,0,0,0,0,1,0
tablott,0,0,0,0,1,0
adams,0,0,0,0,4,0
vist,0,0,0,0,1,0
verifaction,0,0,0,0,2,0
oringal,0,0,0,0,1,0
willingful,0,0,0,0,1,0
uncompliance,0,0,0,0,1,0
surmount,0,0,0,0,1,0
llp,0,0,0,0,10,0
forster,0,0,0,0,2,0
garbus,0,0,0,0,3,0
feeders,0,0,0,0,1,0
fresno,0,0,0,0,3,0
ttempting,0,0,0,0,1,0
ack,0,0,0,0,1,1
falsity,0,0,0,0,1,0
compensatory,0,0,0,0,1,0
thuggish,0,0,0,0,1,0
flashlight,0,0,0,0,1,0
emmett,0,0,0,0,1,0
goodman,0,0,0,0,2,0
upstanding,0,0,0,0,2,0
handwrite,0,0,0,0,3,2
mandarich,0,0,0,0,4,0
inwhich,0,0,0,0,1,0
rgs,0,0,0,0,4,0
imperial,0,0,0,0,1,0
cfs,0,0,0,0,5,0
hatefully,0,0,0,0,1,0
dy,0,0,0,0,1,0
elps,0,0,0,0,1,0
removals,0,0,0,0,2,3
mrn,0,0,0,0,8,0
lansing,0,0,0,0,1,0
vancehuffman,0,0,0,0,1,0
torment,0,0,0,0,1,0
wreak,0,0,0,0,1,1
havoc,0,0,0,0,1,1
unsubsidized,0,0,0,0,1,0
instructor,0,0,0,0,1,0
deposition,0,0,0,0,2,4
adr,0,0,0,0,2,0
complte,0,0,0,0,1,0
soonercare,0,0,0,0,2,0
subpena,0,0,0,0,1,0
iven,0,0,0,0,1,0
oppertunity,0,0,0,0,2,0
dhe,0,0,0,0,1,0
nothering,0,0,0,0,1,0
covereage,0,0,0,0,1,0
fradulently,0,0,0,0,1,0
heath,0,0,0,0,1,1
overxxxx,0,0,0,0,1,0
paypalcredit,0,0,0,0,2,0
creat,0,0,0,0,1,0
hsve,0,0,0,0,1,0
lefal,0,0,0,0,1,0
checksmart,0,0,0,0,1,0
underage,0,0,0,0,2,1
indecomme,0,0,0,0,2,0
maliously,0,0,0,0,1,0
vrs,0,0,0,0,1,0
vsr,0,0,0,0,1,0
gatestone,0,0,0,0,2,0
presentment,0,0,0,0,2,0
validations,0,0,0,0,8,1
assignable,0,0,0,0,1,0
deby,0,0,0,0,2,0
filr,0,0,0,0,1,0
refnance,0,0,0,0,1,0
fdc,0,0,0,0,1,0
hci,0,0,0,0,1,0
ssking,0,0,0,0,1,0
pas,0,0,0,0,1,1
viking,0,0,0,0,3,0
singularly,0,0,0,0,1,0
northstar,0,0,0,0,2,0
convergence,0,0,0,0,2,0
extn,0,0,0,0,2,0
credigy,0,0,0,0,1,0
cacv,0,0,0,0,4,0
integras,0,0,0,0,3,0
resoluation,0,0,0,0,1,0
condense,0,0,0,0,1,1
factitious,0,0,0,0,1,0
throug,0,0,0,0,1,0
wen,0,0,0,0,1,0
empire,0,0,0,0,1,0
ems,0,0,0,0,1,0
noat,0,0,0,0,1,0
lawauit,0,0,0,0,1,0
pendingpending,0,0,0,0,1,0
dential,0,0,0,0,1,0
agmt,0,0,0,0,2,0
feeder,0,0,0,0,1,0
alliedinterstate,0,0,0,0,8,0
lotto,0,0,0,0,1,0
radiology,0,0,0,0,1,0
malaciously,0,0,0,0,1,0
equidata,0,0,0,0,1,0
sm,0,0,0,0,2,0
arera,0,0,0,0,1,0
pf,0,0,0,0,1,0
quedtion,0,0,0,0,1,0
aera,0,0,0,0,1,0
futh,0,0,0,0,1,0
ermore,0,0,0,0,1,0
aquired,0,0,0,0,1,0
sepersting,0,0,0,0,1,0
seperation,0,0,0,0,1,0
cso,0,0,0,0,3,0
rickman,0,0,0,0,2,0
unlicensed,0,0,0,0,1,0
cfpbthanksxxxxxxxx,0,0,0,0,1,0
ands,0,0,0,0,2,1
unread,0,0,0,0,1,0
headers,0,0,0,0,2,0
printable,0,0,0,0,4,0
xxxxdownload,0,0,0,0,1,0
pdfnccob,0,0,0,0,1,0
aknowlodge,0,0,0,0,1,0
calif,0,0,0,0,2,0
router,0,0,0,0,1,0
stien,0,0,0,0,1,0
lnc,0,0,0,0,2,0
byl,0,0,0,0,1,0
unidentifiable,0,0,0,0,1,1
lendify,0,0,0,0,5,0
mug,0,0,0,0,1,0
aksed,0,0,0,0,1,0
documnets,0,0,0,0,1,0
wherabouts,0,0,0,0,1,0
lomg,0,0,0,0,1,0
oved,0,0,0,0,1,0
constable,0,0,0,0,1,0
ballato,0,0,0,0,1,0
recvery,0,0,0,0,1,0
sca,0,0,0,0,1,0
masquerade,0,0,0,0,1,1
ssns,0,0,0,0,1,0
columbia,0,0,0,0,3,0
morriss,0,0,0,0,1,0
apparenly,0,0,0,0,1,0
mistruths,0,0,0,0,1,0
bonneville,0,0,0,0,2,0
thomas,0,0,0,0,1,0
xxxxabout,0,0,0,0,1,0
rocky,0,0,0,0,1,0
tresspasses,0,0,0,0,1,0
restrain,0,0,0,0,1,0
sprint,0,0,0,0,4,0
fcsi,0,0,0,0,4,0
outage,0,0,0,0,2,0
etitle,0,0,0,0,1,0
tutle,0,0,0,0,1,0
aic,0,0,0,0,1,0
hourly,0,0,0,0,2,0
wright,0,0,0,0,8,0
lerch,0,0,0,0,8,0
litow,0,0,0,0,8,0
emphatic,0,0,0,0,1,0
contravene,0,0,0,0,1,0
writs,0,0,0,0,1,0
shermeta,0,0,0,0,3,0
von,0,0,0,0,3,0
allmen,0,0,0,0,3,0
snatch,0,0,0,0,1,0
gettihg,0,0,0,0,1,0
stenger,0,0,0,0,1,0
stegner,0,0,0,0,1,0
pubic,0,0,0,0,1,1
ru,0,0,0,0,4,0
traumatically,0,0,0,0,1,0
mcot,0,0,0,0,1,0
mangement,0,0,0,0,1,0
suprize,0,0,0,0,1,0
vocie,0,0,0,0,1,0
refrence,0,0,0,0,1,0
reletting,0,0,0,0,4,0
wheelhousesettlementoffer,0,0,0,0,1,0
jewlelers,0,0,0,0,1,0
william,0,0,0,0,1,0
plight,0,0,0,0,2,0
animal,0,0,0,0,2,0
midmonth,0,0,0,0,1,0
vacillate,0,0,0,0,1,0
siloed,0,0,0,0,1,0
teleconferenced,0,0,0,0,1,0
silo,0,0,0,0,1,0
prongs,0,0,0,0,1,0
dissappear,0,0,0,0,1,0
iqdi,0,0,0,0,6,0
cargo,0,0,0,0,1,0
wwr,0,0,0,0,10,0
ollections,0,0,0,0,1,0
ort,0,0,0,0,1,1
ainst,0,0,0,0,1,0
targ,0,0,0,0,1,0
tek,0,0,0,0,1,0
acs,0,0,0,0,5,0
verifing,0,0,0,0,1,0
weber,0,0,0,0,8,0
receiptsand,0,0,0,0,1,0
reerred,0,0,0,0,1,0
managmentent,0,0,0,0,1,0
phonecalls,0,0,0,0,2,0
grc,0,0,0,0,2,0
montana,0,0,0,0,1,0
argumentive,0,0,0,0,1,0
coobberating,0,0,0,0,1,0
ulterior,0,0,0,0,2,0
oulets,0,0,0,0,1,0
cockroach,0,0,0,0,1,1
slumlord,0,0,0,0,1,1
gurstel,0,0,0,0,1,0
chargo,0,0,0,0,1,0
interupt,0,0,0,0,1,0
oportun,0,0,0,0,1,0
themy,0,0,0,0,1,0
evergreen,0,0,0,0,4,0
optimum,0,0,0,0,11,0
stella,0,0,0,0,1,0
comcast,0,0,0,0,4,5
residentcollect,0,0,0,0,6,0
mendaciously,0,0,0,0,1,0
unfit,0,0,0,0,1,0
impulse,0,0,0,0,1,0
avenge,0,0,0,0,1,0
supina,0,0,0,0,1,0
descriptive,0,0,0,0,1,0
encurred,0,0,0,0,1,0
depth,0,0,0,0,1,2
omega,0,0,0,0,2,0
internationally,0,0,0,0,1,0
gemoney,0,0,0,0,2,0
americacollectpay,0,0,0,0,1,0
intricately,0,0,0,0,1,0
beligerent,0,0,0,0,1,0
alliant,0,0,0,0,2,0
cae,0,0,0,0,1,0
habitual,0,0,0,0,2,1
offender,0,0,0,0,2,2
midaland,0,0,0,0,1,0
ccredit,0,0,0,0,1,0
ceritfied,0,0,0,0,1,0
concord,0,0,0,0,1,0
unmentioned,0,0,0,0,1,0
janitorial,0,0,0,0,1,0
grimm,0,0,0,0,1,0
slat,0,0,0,0,2,0
uci,0,0,0,0,2,0
rotect,0,0,0,0,1,0
includ,0,0,0,0,1,0
halstad,0,0,0,0,1,0
exuse,0,0,0,0,2,0
clog,0,0,0,0,2,0
neededto,0,0,0,0,1,0
adjustors,0,0,0,0,2,0
contentious,0,0,0,0,1,0
drama,0,0,0,0,1,0
satisified,0,0,0,0,1,0
fincl,0,0,0,0,1,0
reportly,0,0,0,0,2,0
buberau,0,0,0,0,2,0
fcs,0,0,0,0,8,0
ctr,0,0,0,0,1,0
vill,0,0,0,0,1,0
medicaide,0,0,0,0,1,0
tols,0,0,0,0,1,0
interrogatories,0,0,0,0,4,0
accet,0,0,0,0,1,0
authorizatin,0,0,0,0,1,0
knocker,0,0,0,0,1,0
padlock,0,0,0,0,1,0
footprints,0,0,0,0,1,0
cigar,0,0,0,0,1,0
linoleum,0,0,0,0,1,0
pertitent,0,0,0,0,1,0
astria,0,0,0,0,3,0
ee,0,0,0,0,1,0
havard,0,0,0,0,1,0
outa,0,0,0,0,1,0
rossman,0,0,0,0,3,0
ineligability,0,0,0,0,1,0
reexporting,0,0,0,0,1,0
qoute,0,0,0,0,2,2
reseller,0,0,0,0,2,4
citations,0,0,0,0,6,5
dps,0,0,0,0,1,0
optima,0,0,0,0,3,0
counterclaim,0,0,0,0,4,0
rentcollect,0,0,0,0,1,0
loansi,0,0,0,0,1,1
accountings,0,0,0,0,1,0
problematically,0,0,0,0,1,0
prescirbed,0,0,0,0,1,0
texton,0,0,0,0,1,0
xxxxcase,0,0,0,0,1,0
xxxxdue,0,0,0,0,1,0
abscond,0,0,0,0,1,0
conviction,0,0,0,0,1,4
shre,0,0,0,0,1,0
scientist,0,0,0,0,1,0
informatiom,0,0,0,0,1,0
reciet,0,0,0,0,1,0
issures,0,0,0,0,1,0
idont,0,0,0,0,1,0
golds,0,0,0,0,1,0
busines,0,0,0,0,1,0
serrvices,0,0,0,0,1,0
iis,0,0,0,0,1,0
mds,0,0,0,0,7,0
fafsa,0,0,0,0,2,0
continualy,0,0,0,0,1,0
portolio,0,0,0,0,4,0
fie,0,0,0,0,2,0
infringe,0,0,0,0,2,0
trademark,0,0,0,0,2,0
afnixxxx,0,0,0,0,1,0
prerecord,0,0,0,0,5,0
verifiy,0,0,0,0,1,1
occupations,0,0,0,0,1,0
fincial,0,0,0,0,2,0
representaitive,0,0,0,0,1,0
somehad,0,0,0,0,1,0
simons,0,0,0,0,1,0
agenc,0,0,0,0,1,0
realozed,0,0,0,0,1,0
technique,0,0,0,0,1,0
rubin,0,0,0,0,1,0
rothman,0,0,0,0,1,0
ftcxxxx,0,0,0,0,1,0
movies,0,0,0,0,4,0
srvc,0,0,0,0,1,0
copis,0,0,0,0,1,0
argumentaive,0,0,0,0,1,0
fnbc,0,0,0,0,1,0
peter,0,0,0,0,3,0
roberts,0,0,0,0,3,0
ja,0,0,0,0,1,0
xxxxa,0,0,0,0,1,0
daniels,0,0,0,0,1,0
norelli,0,0,0,0,1,0
xxxxxxxxthank,0,0,0,0,1,0
prefect,0,0,0,0,1,0
commonwhealth,0,0,0,0,1,0
em,0,0,0,0,1,0
tension,0,0,0,0,1,0
speedycash,0,0,0,0,2,0
arnette,0,0,0,0,1,0
louder,0,0,0,0,4,0
harrassive,0,0,0,0,2,0
juggle,0,0,0,0,2,0
mrc,0,0,0,0,3,0
nathan,0,0,0,0,6,0
cardxx,0,0,0,0,1,1
xxxxoffered,0,0,0,0,1,0
disconnectedxx,0,0,0,0,1,0
xxxxbased,0,0,0,0,1,0
hudson,0,0,0,0,1,0
lettrs,0,0,0,0,1,0
platforms,0,0,0,0,1,0
annex,0,0,0,0,1,1
aaaaargh,0,0,0,0,1,0
decrepit,0,0,0,0,1,0
childish,0,0,0,0,1,0
inforce,0,0,0,0,1,1
arc,0,0,0,0,2,0
miramed,0,0,0,0,1,0
bailiff,0,0,0,0,1,0
ross,0,0,0,0,5,0
dhs,0,0,0,0,1,1
agressive,0,0,0,0,2,0
acvount,0,0,0,0,2,0
tenn,0,0,0,0,3,0
embarrasse,0,0,0,0,1,0
michael,0,0,0,0,1,0
andrews,0,0,0,0,1,0
firstsource,0,0,0,0,1,0
sthg,0,0,0,0,1,0
definitly,0,0,0,0,1,0
roam,0,0,0,0,1,0
qcs,0,0,0,0,1,0
unregistered,0,0,0,0,1,0
lowery,0,0,0,0,3,0
prevously,0,0,0,0,1,0
burges,0,0,0,0,1,0
wolff,0,0,0,0,2,0
intergrity,0,0,0,0,1,1
frderal,0,0,0,0,1,0
staright,0,0,0,0,1,0
thatxxxx,0,0,0,0,1,0
amo,0,0,0,0,1,0
depostiing,0,0,0,0,1,0
renton,0,0,0,0,8,0
spv,0,0,0,0,8,0
admissions,0,0,0,0,5,0
fantasy,0,0,0,0,1,0
evaporatedwhen,0,0,0,0,1,0
illus,0,0,0,0,1,0
tration,0,0,0,0,1,0
imately,0,0,0,0,1,0
prejudgment,0,0,0,0,1,0
returnedplease,0,0,0,0,1,0
hte,0,0,0,0,1,0
husb,0,0,0,0,1,0
freaney,0,0,0,0,1,0
insta,0,0,0,0,3,0
cellphones,0,0,0,0,3,0
nervers,0,0,0,0,1,0
esser,0,0,0,0,1,0
startle,0,0,0,0,1,0
rhe,0,0,0,0,1,0
telework,0,0,0,0,2,0
fath,0,0,0,0,1,0
__to,0,0,0,0,1,0
iscuss,0,0,0,0,1,0
meade,0,0,0,0,9,0
admonish,0,0,0,0,2,0
ebts,0,0,0,0,1,0
severally,0,0,0,0,1,1
rming,0,0,0,0,2,0
inconsequential,0,0,0,0,1,0
uesting,0,0,0,0,1,0
hcap,0,0,0,0,1,0
bureus,0,0,0,0,1,1
nar,0,0,0,0,2,0
itsels,0,0,0,0,1,0
originality,0,0,0,0,1,1
questional,0,0,0,0,1,0
crosstown,0,0,0,0,1,0
subtly,0,0,0,0,1,1
noticve,0,0,0,0,1,0
cmrefsi,0,0,0,0,1,0
irreparably,0,0,0,0,1,0
mercantile,0,0,0,0,6,0
calied,0,0,0,0,1,0
lane,0,0,0,0,2,0
patron,0,0,0,0,1,0
strictest,0,0,0,0,1,0
lou,0,0,0,0,1,0
spivack,0,0,0,0,1,0
masculinity,0,0,0,0,1,0
oaid,0,0,0,0,1,0
misdemeanors,0,0,0,0,1,0
prof,0,0,0,0,4,3
merch,0,0,0,0,1,0
maliciously,0,0,0,0,3,6
bothersome,0,0,0,0,1,0
nam,0,0,0,0,1,0
awaare,0,0,0,0,1,0
derragatory,0,0,0,0,1,0
kictchen,0,0,0,0,1,0
aplace,0,0,0,0,1,0
agreeement,0,0,0,0,1,0
blackwell,0,0,0,0,2,0
webank,0,0,0,0,2,0
grandma,0,0,0,0,2,0
untruth,0,0,0,0,1,0
garnishee,0,0,0,0,1,0
anitai,0,0,0,0,1,0
inssurance,0,0,0,0,1,0
incredulous,0,0,0,0,1,0
aud,0,0,0,0,1,1
cleary,0,0,0,0,1,0
misreport,0,0,0,0,1,0
windham,0,0,0,0,3,0
tsr,0,0,0,0,1,0
gee,0,0,0,0,1,0
copie,0,0,0,0,1,0
ssdi,0,0,0,0,1,0
equafax,0,0,0,0,1,0
jubilant,0,0,0,0,1,0
ops,0,0,0,0,2,0
deliquincies,0,0,0,0,1,0
mintain,0,0,0,0,1,0
llcplease,0,0,0,0,1,0
blume,0,0,0,0,1,0
nca,0,0,0,0,4,0
unaffiliated,0,0,0,0,1,0
siezed,0,0,0,0,2,0
yaers,0,0,0,0,2,0
pointless,0,0,0,0,1,0
followingsigned,0,0,0,0,1,0
madethis,0,0,0,0,1,0
pursuits,0,0,0,0,1,0
thw,0,0,0,0,1,0
xxxxmidland,0,0,0,0,1,0
spacificly,0,0,0,0,1,0
fidelis,0,0,0,0,1,0
maury,0,0,0,0,1,0
cobb,0,0,0,0,1,0
expeditions,0,0,0,0,1,0
chaplain,0,0,0,0,2,0
rfdcpa,0,0,0,0,1,0
cad,0,0,0,0,1,0
inlaws,0,0,0,0,1,0
amerassist,0,0,0,0,1,0
insurrection,0,0,0,0,1,0
suckered,0,0,0,0,1,0
sarcastically,0,0,0,0,2,0
uverse,0,0,0,0,1,0
aldon,0,0,0,0,1,0
noll,0,0,0,0,1,0
confession,0,0,0,0,1,0
admininstrator,0,0,0,0,1,0
acquirement,0,0,0,0,1,0
verfiable,0,0,0,0,1,0
pronounce,0,0,0,0,1,1
laughable,0,0,0,0,1,1
awaken,0,0,0,0,1,0
constitutionally,0,0,0,0,1,0
anu,0,0,0,0,1,0
unmonitored,0,0,0,0,1,1
disengage,0,0,0,0,1,0
issuedthru,0,0,0,0,1,0
fom,0,0,0,0,1,0
identitiy,0,0,0,0,1,0
sgreeing,0,0,0,0,1,0
rosen,0,0,0,0,2,0
sim,0,0,0,0,3,0
guildlines,0,0,0,0,1,0
helvey,0,0,0,0,1,1
assc,0,0,0,0,1,0
piinnacle,0,0,0,0,1,0
meanjng,0,0,0,0,1,0
humm,0,0,0,0,1,0
oay,0,0,0,0,1,0
phine,0,0,0,0,1,0
fillings,0,0,0,0,2,0
bankructy,0,0,0,0,1,0
depositions,0,0,0,0,1,0
equable,0,0,0,0,1,0
ascent,0,0,0,0,1,0
kingston,0,0,0,0,1,0
sts,0,0,0,0,2,0
rcvryxxxx,0,0,0,0,1,0
detailslast,0,0,0,0,2,2
xxxxcollection,0,0,0,0,2,1
rcvryoriginal,0,0,0,0,1,0
xxxxstatus,0,0,0,0,3,2
openopened,0,0,0,0,2,1
correpondance,0,0,0,0,1,0
transferre,0,0,0,0,1,0
volleyball,0,0,0,0,1,0
quad,0,0,0,0,1,0
debth,0,0,0,0,1,0
thedebth,0,0,0,0,1,0
bereau,0,0,0,0,1,0
breeches,0,0,0,0,1,0
suttell,0,0,0,0,1,0
hammer,0,0,0,0,3,1
kimball,0,0,0,0,1,0
tierey,0,0,0,0,1,0
sensitve,0,0,0,0,1,0
dishonestly,0,0,0,0,1,1
footwork,0,0,0,0,1,1
ics,0,0,0,0,2,0
mist,0,0,0,0,1,0
providedwhat,0,0,0,0,1,0
docotors,0,0,0,0,1,0
ahve,0,0,0,0,1,0
phish,0,0,0,0,2,0
pymnts,0,0,0,0,1,0
pymnt,0,0,0,0,2,3
prev,0,0,0,0,1,0
corrct,0,0,0,0,1,0
burdensome,0,0,0,0,1,0
scg,0,0,0,0,1,0
apalled,0,0,0,0,1,0
centric,0,0,0,0,1,0
xxxxyears,0,0,0,0,1,0
reoccuring,0,0,0,0,1,0
praecipe,0,0,0,0,5,0
hosital,0,0,0,0,1,0
guitar,0,0,0,0,1,0
overview,0,0,0,0,1,0
rmcb,0,0,0,0,1,0
directory,0,0,0,0,2,0
didnot,0,0,0,0,1,0
writen,0,0,0,0,1,0
mta,0,0,0,0,7,0
daystime,0,0,0,0,1,0
charlatans,0,0,0,0,1,0
whic,0,0,0,0,2,0
belks,0,0,0,0,1,0
tranfering,0,0,0,0,1,0
aggresive,0,0,0,0,1,0
lumn,0,0,0,0,1,0
sumn,0,0,0,0,1,0
companie,0,0,0,0,1,0
harrashing,0,0,0,0,1,0
awalamrt,0,0,0,0,1,0
waith,0,0,0,0,1,0
continential,0,0,0,0,1,0
cleanup,0,0,0,0,1,0
candle,0,0,0,0,2,0
melt,0,0,0,0,2,0
yesr,0,0,0,0,1,0
cigarette,0,0,0,0,1,0
sufficent,0,0,0,0,1,0
resolting,0,0,0,0,1,0
violaton,0,0,0,0,1,0
workman,0,0,0,0,4,1
sy,0,0,0,0,1,0
verficaiton,0,0,0,0,1,0
singer,0,0,0,0,1,0
occupation,0,0,0,0,1,0
spp,0,0,0,0,1,0
goggan,0,0,0,0,1,0
sttling,0,0,0,0,1,0
belly,0,0,0,0,1,0
negging,0,0,0,0,1,0
handsomely,0,0,0,0,1,0
accct,0,0,0,0,1,0
rhis,0,0,0,0,1,0
forebearances,0,0,0,0,1,0
signor,0,0,0,0,1,0
du,0,0,0,0,1,0
lifeline,0,0,0,0,2,0
port,0,0,0,0,5,2
alledgely,0,0,0,0,1,0
detainment,0,0,0,0,1,0
friviloious,0,0,0,0,1,0
jacket,0,0,0,0,1,0
harrassement,0,0,0,0,2,0
rereport,0,0,0,0,1,0
dood,0,0,0,0,1,0
wallstreet,0,0,0,0,1,0
fliorida,0,0,0,0,1,0
mumerous,0,0,0,0,1,0
wrokers,0,0,0,0,1,0
responder,0,0,0,0,1,0
oppurtunity,0,0,0,0,1,0
exsisted,0,0,0,0,1,1
haresign,0,0,0,0,1,0
republish,0,0,0,0,1,0
custodian,0,0,0,0,6,0
jurisdictions,0,0,0,0,1,2
hese,0,0,0,0,1,0
balancenational,0,0,0,0,1,0
openaccount,0,0,0,0,1,0
inoriginal,0,0,0,0,1,0
balancejul,0,0,0,0,1,0
datejun,0,0,0,0,1,0
reportedjointresponsibilityplaced,0,0,0,0,1,0
collectionremarksnote,0,0,0,0,1,0
immedietely,0,0,0,0,2,0
felonious,0,0,0,0,1,0
successuflly,0,0,0,0,1,0
successes,0,0,0,0,1,0
cimmunization,0,0,0,0,1,0
legend,0,0,0,0,1,1
orks,0,0,0,0,1,0
foe,0,0,0,0,1,0
reoprt,0,0,0,0,1,0
batteries,0,0,0,0,1,0
standings,0,0,0,0,3,1
accountants,0,0,0,0,1,0
wiill,0,0,0,0,1,0
thiss,0,0,0,0,1,0
pig,0,0,0,0,1,0
rsh,0,0,0,0,4,0
nbc,0,0,0,0,1,0
gsb,0,0,0,0,3,0
ctrl,0,0,0,0,1,0
aw,0,0,0,0,1,0
managexxxx,0,0,0,0,1,0
pk,0,0,0,0,1,0
policeman,0,0,0,0,1,0
sod,0,0,0,0,2,0
trench,0,0,0,0,1,0
hog,0,0,0,0,1,0
circus,0,0,0,0,1,1
indigent,0,0,0,0,3,0
fraternity,0,0,0,0,1,0
parson,0,0,0,0,1,0
bishop,0,0,0,0,1,0
orginally,0,0,0,0,1,0
obliviously,0,0,0,0,1,0
apelles,0,0,0,0,5,0
caretakers,0,0,0,0,2,0
mornin,0,0,0,0,1,0
llecting,0,0,0,0,1,0
tuners,0,0,0,0,1,0
tuner,0,0,0,0,3,0
verication,0,0,0,0,1,1
certied,0,0,0,0,1,0
specically,0,0,0,0,1,0
certication,0,0,0,0,1,0
csi,0,0,0,0,3,0
mrs,0,0,0,0,11,0
opener,0,0,0,0,1,0
kep,0,0,0,0,1,0
xxxxxxxxnovea,0,0,0,0,1,0
drawers,0,0,0,0,1,0
uninstall,0,0,0,0,1,0
stool,0,0,0,0,1,0
reprot,0,0,0,0,1,0
afin,0,0,0,0,3,0
havany,0,0,0,0,1,0
ehanced,0,0,0,0,1,0
edwin,0,0,0,0,1,0
parry,0,0,0,0,1,0
catty,0,0,0,0,1,0
todaynotice,0,0,0,0,1,0
inboxxxxxxxxxxxxxxxxxxxxxcase,0,0,0,0,1,0
xxxxxxxxloan,0,0,0,0,2,0
informationdue,0,0,0,0,1,0
cashyou,0,0,0,0,1,0
withincouple,0,0,0,0,1,0
beforesomething,0,0,0,0,1,0
itseems,0,0,0,0,1,0
atthis,0,0,0,0,1,0
choicebut,0,0,0,0,1,0
allegationsagainst,0,0,0,0,1,0
transfernow,0,0,0,0,1,0
stateprobation,0,0,0,0,1,0
managerwhat,0,0,0,0,1,0
nothear,0,0,0,0,1,0
becompelled,0,0,0,0,1,0
wereserve,0,0,0,0,1,0
wirefraud,0,0,0,0,1,0
byuse,0,0,0,0,1,0
recoveryfor,0,0,0,0,1,0
costincurred,0,0,0,0,1,0
employmentand,0,0,0,0,1,0
bearthe,0,0,0,0,1,0
loanamount,0,0,0,0,1,0
rightto,0,0,0,0,1,0
thenone,0,0,0,0,1,0
intentand,0,0,0,0,1,0
contactour,0,0,0,0,1,0
hourson,0,0,0,0,1,0
xxxxxxxxusa,0,0,0,0,1,0
cashlegal,0,0,0,0,1,0
attorneysxxxxxxxxcopyright,0,0,0,0,1,0
developers,0,0,0,0,1,0
armada,0,0,0,0,1,0
rufusing,0,0,0,0,1,0
transworldpayments,0,0,0,0,2,0
emerg,0,0,0,0,1,0
unlaw,0,0,0,0,1,0
raspy,0,0,0,0,1,0
satfiy,0,0,0,0,1,0
aplly,0,0,0,0,1,0
pcp,0,0,0,0,2,0
ray,0,0,0,0,1,0
portray,0,0,0,0,1,2
alcom,0,0,0,0,1,0
disputer,0,0,0,0,1,1
attendt,0,0,0,0,1,0
dvr,0,0,0,0,1,0
converter,0,0,0,0,1,0
debs,0,0,0,0,1,1
relisted,0,0,0,0,1,1
threathing,0,0,0,0,1,0
chide,0,0,0,0,1,0
patrick,0,0,0,0,1,0
llect,0,0,0,0,1,0
roghts,0,0,0,0,1,0
minimalist,0,0,0,0,1,0
cci,0,0,0,0,5,0
provost,0,0,0,0,1,0
fcpa,0,0,0,0,1,0
lionstone,0,0,0,0,1,0
kirschenbaum,0,0,0,0,4,0
strategically,0,0,0,0,1,0
concernsas,0,0,0,0,1,0
cass,0,0,0,0,1,0
inst,0,0,0,0,1,0
eporting,0,0,0,0,1,0
jepordy,0,0,0,0,1,0
compensations,0,0,0,0,1,0
alltran,0,0,0,0,5,0
drafter,0,0,0,0,1,0
thais,0,0,0,0,1,0
interlopers,0,0,0,0,1,0
omes,0,0,0,0,1,0
col,0,0,0,0,2,0
ccould,0,0,0,0,1,1
disuted,0,0,0,0,1,1
contine,0,0,0,0,1,1
agencyes,0,0,0,0,1,1
completley,0,0,0,0,1,1
dicharged,0,0,0,0,1,1
missreporting,0,0,0,0,1,1
identy,0,0,0,0,1,2
agencey,0,0,0,0,1,1
trippleing,0,0,0,0,1,1
tremendousley,0,0,0,0,1,1
mcalla,0,0,0,0,1,0
raymer,0,0,0,0,2,0
pierce,0,0,0,0,1,0
housegoods,0,0,0,0,1,0
resonse,0,0,0,0,1,0
respectfuly,0,0,0,0,1,0
incl,0,0,0,0,1,1
nelson,0,0,0,0,2,0
cruz,0,0,0,0,1,0
collaterilization,0,0,0,0,1,0
overinflated,0,0,0,0,1,0
scummy,0,0,0,0,1,0
conformity,0,0,0,0,3,0
consultantso,0,0,0,0,1,0
cti,0,0,0,0,1,0
edcuation,0,0,0,0,1,0
pheonix,0,0,0,0,1,0
suffix,0,0,0,0,2,0
aqua,0,0,0,0,14,0
politicians,0,0,0,0,1,1
stooge,0,0,0,0,3,0
hairs,0,0,0,0,1,0
violators,0,0,0,0,1,1
infactions,0,0,0,0,1,0
tribunal,0,0,0,0,2,0
kla,0,0,0,0,2,0
truss,0,0,0,0,7,0
calibration,0,0,0,0,1,0
billied,0,0,0,0,1,0
embarassed,0,0,0,0,1,0
debtdear,0,0,0,0,1,0
rash,0,0,0,0,2,0
curtis,0,0,0,0,2,0
robodialer,0,0,0,0,1,0
debtand,0,0,0,0,1,0
intruders,0,0,0,0,1,0
serives,0,0,0,0,1,0
certificateholders,0,0,0,0,1,0
bony,0,0,0,0,3,0
ocga,0,0,0,0,1,0
indormation,0,0,0,0,1,0
withenhanced,0,0,0,0,1,0
directy,0,0,0,0,1,0
razor,0,0,0,0,3,0
reorts,0,0,0,0,1,0
cob,0,0,0,0,1,0
newpapers,0,0,0,0,1,0
unordered,0,0,0,0,1,0
presumedly,0,0,0,0,1,0
evan,0,0,0,0,2,0
assembly,0,0,0,0,1,0
formalities,0,0,0,0,1,0
allianceone,0,0,0,0,3,0
trauma,0,0,0,0,1,0
icd,0,0,0,0,1,0
pathology,0,0,0,0,1,0
fm,0,0,0,0,1,0
stafford,0,0,0,0,1,0
theftxxxx,0,0,0,0,1,0
rightsincerely,0,0,0,0,1,0
agrivating,0,0,0,0,1,0
callus,0,0,0,0,1,0
doormate,0,0,0,0,1,0
globals,0,0,0,0,1,0
envoy,0,0,0,0,1,0
existant,0,0,0,0,1,0
insurname,0,0,0,0,1,0
revival,0,0,0,0,1,0
killer,0,0,0,0,1,0
ancient,0,0,0,0,1,0
forgetful,0,0,0,0,1,0
shouldt,0,0,0,0,1,0
sparkleletts,0,0,0,0,1,0
hatfield,0,0,0,0,1,0
solicitor,0,0,0,0,1,0
staffer,0,0,0,0,1,0
annonced,0,0,0,0,1,0
orion,0,0,0,0,2,0
resolvoing,0,0,0,0,1,0
templates,0,0,0,0,1,0
donotcall,0,0,0,0,1,0
xxxxthat,0,0,0,0,1,1
biil,0,0,0,0,1,0
prvide,0,0,0,0,1,0
themm,0,0,0,0,1,0
disturbingly,0,0,0,0,1,0
frequestly,0,0,0,0,1,0
ccc,0,0,0,0,1,0
uncles,0,0,0,0,1,0
basely,0,0,0,0,1,0
proably,0,0,0,0,1,0
caci,0,0,0,0,4,0
partsxxxx,0,0,0,0,1,0
agenciesxxxx,0,0,0,0,1,0
heater,0,0,0,0,4,0
possesston,0,0,0,0,1,0
compsny,0,0,0,0,1,0
ridiculus,0,0,0,0,1,0
negoiate,0,0,0,0,1,0
proprerly,0,0,0,0,1,0
harbor,0,0,0,0,1,0
aquisitions,0,0,0,0,1,0
hangup,0,0,0,0,1,0
discombobulate,0,0,0,0,1,0
vibrate,0,0,0,0,2,0
persuasion,0,0,0,0,1,0
ackwardly,0,0,0,0,1,0
fdrc,0,0,0,0,1,0
sherman,0,0,0,0,1,0
revieing,0,0,0,0,1,0
evedentary,0,0,0,0,1,0
pretexts,0,0,0,0,1,0
attorny,0,0,0,0,1,0
treasurere,0,0,0,0,1,0
directv,0,0,0,0,1,0
bolls,0,0,0,0,1,0
goldkey,0,0,0,0,1,0
effectuations,0,0,0,0,1,0
quip,0,0,0,0,1,0
dazzle,0,0,0,0,1,0
wildest,0,0,0,0,1,0
controversy,0,0,0,0,1,1
prone,0,0,0,0,1,1
bww,0,0,0,0,3,0
hero,0,0,0,0,1,0
remand,0,0,0,0,1,0
multiplicative,0,0,0,0,1,0
uo,0,0,0,0,2,0
dci,0,0,0,0,1,0
partnersxxxx,0,0,0,0,2,0
xxxxxxxxhad,0,0,0,0,1,0
reveiws,0,0,0,0,2,0
companyhad,0,0,0,0,1,0
debtdebt,0,0,0,0,1,0
nelnet,0,0,0,0,1,0
assosiciated,0,0,0,0,1,0
magisterial,0,0,0,0,1,0
everyway,0,0,0,0,1,1
superlative,0,0,0,0,1,0
servicews,0,0,0,0,1,0
additoin,0,0,0,0,1,0
troubleshoot,0,0,0,0,1,0
falsed,0,0,0,0,1,0
emorning,0,0,0,0,1,0
reinserte,0,0,0,0,1,0
employement,0,0,0,0,1,0
interferring,0,0,0,0,1,0
remex,0,0,0,0,2,0
cough,0,0,0,0,1,0
spurious,0,0,0,0,1,0
noncommittal,0,0,0,0,1,0
furthest,0,0,0,0,1,0
nonspecific,0,0,0,0,1,0
caresource,0,0,0,0,2,0
cain,0,0,0,0,2,0
instigators,0,0,0,0,1,0
impostors,0,0,0,0,1,0
honorary,0,0,0,0,1,0
amusement,0,0,0,0,1,0
theatres,0,0,0,0,1,0
costume,0,0,0,0,1,0
scenery,0,0,0,0,1,0
debentures,0,0,0,0,1,0
fictitiously,0,0,0,0,1,0
ivity,0,0,0,0,1,0
uested,0,0,0,0,1,0
dnc,0,0,0,0,2,0
mab,0,0,0,0,1,0
subsidy,0,0,0,0,3,0
disqualification,0,0,0,0,1,0
addess,0,0,0,0,1,0
heng,0,0,0,0,2,0
lenscrafters,0,0,0,0,1,0
sidewalk,0,0,0,0,1,0
calvalry,0,0,0,0,4,0
orignially,0,0,0,0,1,0
openedaround,0,0,0,0,1,0
xxxxcalvalry,0,0,0,0,1,0
calvary,0,0,0,0,4,0
aldous,0,0,0,0,2,0
pllc,0,0,0,0,2,0
amnesty,0,0,0,0,1,0
__________,0,0,0,0,1,0
______,0,0,0,0,2,0
bang,0,0,0,0,1,0
xxxxlocal,0,0,0,0,1,0
unchristian,0,0,0,0,1,0
payou,0,0,0,0,1,0
complexes,0,0,0,0,2,0
annualcreditreport,0,0,0,0,1,11
fabco,0,0,0,0,3,0
withfabco,0,0,0,0,1,0
priorities,0,0,0,0,1,1
unblemished,0,0,0,0,2,0
sporatic,0,0,0,0,1,0
sopoke,0,0,0,0,1,0
outsie,0,0,0,0,1,0
anggency,0,0,0,0,1,0
velocity,0,0,0,0,1,0
incentivize,0,0,0,0,1,0
fdgl,0,0,0,0,3,0
haggle,0,0,0,0,2,0
hadve,0,0,0,0,1,0
transmittals,0,0,0,0,1,0
informat,0,0,0,0,1,0
bongos,0,0,0,0,1,0
caucasian,0,0,0,0,1,0
concernmy,0,0,0,0,1,0
ssan,0,0,0,0,3,9
fille,0,0,0,0,1,0
efected,0,0,0,0,1,0
costitution,0,0,0,0,1,0
folow,0,0,0,0,1,0
mimi,0,0,0,0,1,0
inconient,0,0,0,0,1,0
funerals,0,0,0,0,1,0
validiated,0,0,0,0,1,0
subsections,0,0,0,0,1,0
restitituion,0,0,0,0,1,0
knowlege,0,0,0,0,1,0
recealled,0,0,0,0,1,0
vote,0,0,0,0,1,0
servicethe,0,0,0,0,1,0
systemsaddress,0,0,0,0,1,0
xxxxtaddress,0,0,0,0,1,0
xxxxdate,0,0,0,0,1,1
collectionterms,0,0,0,0,1,0
xxxxresponsibility,0,0,0,0,1,1
individualcredit,0,0,0,0,1,0
narecent,0,0,0,0,1,0
xxxxrecent,0,0,0,0,1,0
smog,0,0,0,0,1,0
los,0,0,0,0,1,0
angeles,0,0,0,0,1,0
unassociated,0,0,0,0,1,0
iiegal,0,0,0,0,1,0
inconveience,0,0,0,0,1,0
timrly,0,0,0,0,1,0
clark,0,0,0,0,2,0
tac,0,0,0,0,1,0
tmarr,0,0,0,0,1,0
rondo,0,0,0,0,1,0
interogate,0,0,0,0,1,0
blacken,0,0,0,0,1,0
enforcements,0,0,0,0,1,0
culd,0,0,0,0,1,0
augusta,0,0,0,0,1,0
xxxxwhere,0,0,0,0,1,0
tak,0,0,0,0,1,0
ghetto,0,0,0,0,1,0
dominant,0,0,0,0,1,0
slaverowner,0,0,0,0,1,0
poe,0,0,0,0,1,0
insurnace,0,0,0,0,1,0
presidentially,0,0,0,0,1,0
unihabitable,0,0,0,0,1,0
bracket,0,0,0,0,1,0
bursey,0,0,0,0,1,0
ollection,0,0,0,0,1,0
repeatable,0,0,0,0,1,0
cancele,0,0,0,0,1,0
respon,0,0,0,0,1,0
bana,0,0,0,0,13,0
hawai,0,0,0,0,2,0
unattractive,0,0,0,0,1,0
workmans,0,0,0,0,1,0
compenstion,0,0,0,0,1,0
solutionsxxxx,0,0,0,0,1,0
solutionsi,0,0,0,0,1,0
richard,0,0,0,0,2,0
sokoloff,0,0,0,0,2,0
incphone,0,0,0,0,1,0
sentry,0,0,0,0,1,0
dv,0,0,0,0,1,0
obituary,0,0,0,0,1,0
ercs,0,0,0,0,1,0
insitant,0,0,0,0,1,0
blower,0,0,0,0,1,0
assort,0,0,0,0,1,0
pourch,0,0,0,0,1,0
colecter,0,0,0,0,1,0
arangments,0,0,0,0,1,0
qualifier,0,0,0,0,1,0
xli,0,0,0,0,1,0
monterary,0,0,0,0,1,0
moneterey,0,0,0,0,1,0
nullity,0,0,0,0,1,0
mccalla,0,0,0,0,1,0
serivce,0,0,0,0,2,1
tken,0,0,0,0,1,0
providedand,0,0,0,0,1,0
altran,0,0,0,0,1,0
issurance,0,0,0,0,1,0
fraudutlently,0,0,0,0,1,0
pdm,0,0,0,0,1,0
emptively,0,0,0,0,1,0
ann,0,0,0,0,2,0
throgh,0,0,0,0,1,0
ombudsement,0,0,0,0,1,0
reaponsible,0,0,0,0,1,0
lustig,0,0,0,0,2,0
glaser,0,0,0,0,1,0
wilson,0,0,0,0,2,0
personals,0,0,0,0,1,0
thunderbird,0,0,0,0,2,0
weaker,0,0,0,0,1,1
coradius,0,0,0,0,2,0
aci,0,0,0,0,8,0
glba,0,0,0,0,1,0
crimiinal,0,0,0,0,1,0
tters,0,0,0,0,1,0
vaunt,0,0,0,0,1,0
dagger,0,0,0,0,1,1
hel,0,0,0,0,1,0
coastline,0,0,0,0,1,0
legibly,0,0,0,0,1,2
secuity,0,0,0,0,1,0
def,0,0,0,0,1,0
marine,0,0,0,0,1,0
recxxxx,0,0,0,0,1,0
xxxxopen,0,0,0,0,1,0
recoriginal,0,0,0,0,1,0
xxxxclosed,0,0,0,0,1,1
individualbalance,0,0,0,0,1,1
xxxxremarks,0,0,0,0,1,1
requirementscreditor,0,0,0,0,1,0
detailsgeneral,0,0,0,0,1,0
frau,0,0,0,0,1,0
supposely,0,0,0,0,2,0
debtfor,0,0,0,0,1,0
otherthan,0,0,0,0,1,0
notthe,0,0,0,0,1,0
dailycalls,0,0,0,0,1,0
cout,0,0,0,0,1,0
marshalls,0,0,0,0,1,0
settlment,0,0,0,0,1,0
headlight,0,0,0,0,2,0
wilber,0,0,0,0,2,0
cosignnor,0,0,0,0,1,0
cosignor,0,0,0,0,1,0
oter,0,0,0,0,1,0
xxxxforward,0,0,0,0,1,0
incurr,0,0,0,0,1,0
wisconsion,0,0,0,0,1,0
hillcrest,0,0,0,0,2,0
davidson,0,0,0,0,2,0
orobligated,0,0,0,0,1,0
chesterfield,0,0,0,0,1,0
unecpectedly,0,0,0,0,1,0
agreementa,0,0,0,0,1,0
clavary,0,0,0,0,1,0
penncredit,0,0,0,0,1,0
hauge,0,0,0,0,1,0
delamrva,0,0,0,0,1,0
containg,0,0,0,0,1,0
plz,0,0,0,0,1,1
muse,0,0,0,0,1,0
reinitiated,0,0,0,0,1,0
yob,0,0,0,0,1,0
disconnections,0,0,0,0,1,0
supposably,0,0,0,0,1,0
wrack,0,0,0,0,1,0
kwh,0,0,0,0,1,0
consumption,0,0,0,0,1,0
congradulated,0,0,0,0,1,0
peak,0,0,0,0,2,0
ridicoulouse,0,0,0,0,1,0
hubby,0,0,0,0,1,0
weatherization,0,0,0,0,1,0
contactin,0,0,0,0,1,0
yah,0,0,0,0,1,0
sdebit,0,0,0,0,1,0
scavenger,0,0,0,0,1,0
millienium,0,0,0,0,1,0
educator,0,0,0,0,1,0
educap,0,0,0,0,1,0
concidering,0,0,0,0,1,0
lyes,0,0,0,0,1,0
shoulder,0,0,0,0,1,0
answersthere,0,0,0,0,1,0
cplr,0,0,0,0,2,0
fingertips,0,0,0,0,1,0
wahat,0,0,0,0,1,0
dictation,0,0,0,0,1,0
_______,0,0,0,0,2,0
gav,0,0,0,0,1,0
um,0,0,0,0,2,0
disconne,0,0,0,0,1,0
_,0,0,0,0,2,0
tryi,0,0,0,0,1,0
________,0,0,0,0,1,0
__,0,0,0,0,3,0
____,0,0,0,0,2,0
___,0,0,0,0,5,2
bein,0,0,0,0,1,0
orignate,0,0,0,0,1,0
xxxxg,0,0,0,0,1,2
satusifued,0,0,0,0,1,0
southwestern,0,0,0,0,5,0
recruit,0,0,0,0,2,1
prothonotary,0,0,0,0,1,0
phothonotary,0,0,0,0,2,0
impolite,0,0,0,0,1,0
convergant,0,0,0,0,1,0
isurance,0,0,0,0,1,0
shoo,0,0,0,0,1,0
recipe,0,0,0,0,1,0
messengers,0,0,0,0,1,0
withe,0,0,0,0,1,0
cbegroup,0,0,0,0,1,0
wisleblower,0,0,0,0,1,0
possiblity,0,0,0,0,1,0
nationals,0,0,0,0,1,0
bla,0,0,0,0,3,0
warfie,0,0,0,0,1,0
fur,0,0,0,0,1,0
apts,0,0,0,0,1,1
famous,0,0,0,0,1,1
graphic,0,0,0,0,1,0
unconscious,0,0,0,0,1,0
taint,0,0,0,0,1,0
cir,0,0,0,0,1,3
fios,0,0,0,0,1,0
disillusion,0,0,0,0,1,0
lexis,0,0,0,0,2,24
nexis,0,0,0,0,2,24
suborn,0,0,0,0,1,0
richland,0,0,0,0,2,0
acctcorp,0,0,0,0,1,0
accorp,0,0,0,0,1,0
tennent,0,0,0,0,1,0
neater,0,0,0,0,1,0
cleaner,0,0,0,0,1,0
degrease,0,0,0,0,1,0
shampoo,0,0,0,0,1,0
tare,0,0,0,0,1,0
komyatte,0,0,0,0,1,0
casbon,0,0,0,0,1,0
sra,0,0,0,0,1,0
contiuning,0,0,0,0,1,0
xxxxif,0,0,0,0,1,0
genrral,0,0,0,0,1,0
esteem,0,0,0,0,1,0
roomate,0,0,0,0,1,0
mny,0,0,0,0,1,0
affifavit,0,0,0,0,1,0
johanas,0,0,0,0,1,0
wiht,0,0,0,0,1,0
reynolds,0,0,0,0,2,0
sims,0,0,0,0,2,0
patenaude,0,0,0,0,2,0
felix,0,0,0,0,1,0
dla,0,0,0,0,1,1
newsroom,0,0,0,0,1,0
clinics,0,0,0,0,1,0
udren,0,0,0,0,4,0
tecco,0,0,0,0,2,0
awy,0,0,0,0,1,0
ahllf,0,0,0,0,1,0
jut,0,0,0,0,1,1
oof,0,0,0,0,1,0
hink,0,0,0,0,1,0
arcadia,0,0,0,0,1,0
wam,0,0,0,0,1,0
indepedent,0,0,0,0,1,0
xxxxorchard,0,0,0,0,1,0
paperworking,0,0,0,0,1,0
scince,0,0,0,0,1,0
leagal,0,0,0,0,1,0
constanamous,0,0,0,0,1,0
ese,0,0,0,0,1,0
guarentees,0,0,0,0,1,0
recivables,0,0,0,0,1,0
inn,0,0,0,0,1,0
pfr,0,0,0,0,2,0
cunning,0,0,0,0,1,1
followiing,0,0,0,0,1,0
laible,0,0,0,0,1,0
oac,0,0,0,0,1,0
mame,0,0,0,0,1,0
securtiy,0,0,0,0,1,0
bullcity,0,0,0,0,2,0
feign,0,0,0,0,1,0
preimptively,0,0,0,0,1,0
priori,0,0,0,0,1,0
cleanliness,0,0,0,0,2,0
redialed,0,0,0,0,1,0
midstate,0,0,0,0,1,0
jur,0,0,0,0,1,0
subrogate,0,0,0,0,1,0
hould,0,0,0,0,1,0
departme,0,0,0,0,1,0
repossesion,0,0,0,0,1,0
fns,0,0,0,0,1,0
vibration,0,0,0,0,1,0
alomg,0,0,0,0,1,0
confidentially,0,0,0,0,1,0
stammer,0,0,0,0,1,0
athletic,0,0,0,0,1,0
xxxxxname,0,0,0,0,1,0
deliveries,0,0,0,0,1,1
burgess,0,0,0,0,1,0
conrad,0,0,0,0,6,0
honeymoon,0,0,0,0,1,0
leins,0,0,0,0,2,2
googlexxxx,0,0,0,0,1,0
eons,0,0,0,0,1,0
unmerge,0,0,0,0,1,0
insertion,0,0,0,0,1,12
heeeeloooo,0,0,0,0,1,0
henriques,0,0,0,0,2,0
abstract,0,0,0,0,1,0
accociated,0,0,0,0,1,0
lincare,0,0,0,0,3,0
buddy,0,0,0,0,3,0
minuets,0,0,0,0,2,0
slur,0,0,0,0,2,0
beacuse,0,0,0,0,1,0
arrangemtent,0,0,0,0,1,0
peddle,0,0,0,0,1,0
aback,0,0,0,0,1,0
calleddebt,0,0,0,0,1,0
propane,0,0,0,0,1,0
retrieveable,0,0,0,0,1,0
mice,0,0,0,0,1,0
glasser,0,0,0,0,4,0
weinburg,0,0,0,0,1,0
pluses,0,0,0,0,1,0
vestigate,0,0,0,0,1,0
macho,0,0,0,0,1,0
isc,0,0,0,0,1,0
histoury,0,0,0,0,1,0
vertification,0,0,0,0,1,0
resoursed,0,0,0,0,1,0
scattershot,0,0,0,0,1,0
blip,0,0,0,0,1,0
mgt,0,0,0,0,1,0
creidt,0,0,0,0,1,2
ernst,0,0,0,0,1,0
artmann,0,0,0,0,1,0
wayyyyy,0,0,0,0,1,0
payloan,0,0,0,0,1,0
numbe,0,0,0,0,1,0
dipsutes,0,0,0,0,1,0
gthese,0,0,0,0,1,0
housemy,0,0,0,0,1,0
phonethe,0,0,0,0,1,0
amounthe,0,0,0,0,1,0
debtthis,0,0,0,0,1,0
pms,0,0,0,0,3,0
shin,0,0,0,0,1,0
cup,0,0,0,0,1,0
fowarded,0,0,0,0,1,0
subhuman,0,0,0,0,1,0
sigh,0,0,0,0,1,0
fromby,0,0,0,0,1,0
blueshore,0,0,0,0,1,0
rsmo,0,0,0,0,1,0
cells,0,0,0,0,1,0
iru,0,0,0,0,1,0
gallons,0,0,0,0,1,0
march,0,0,0,0,1,0
watchdogs,0,0,0,0,1,0
revsolve,0,0,0,0,1,0
expulsion,0,0,0,0,1,0
bitter,0,0,0,0,1,0
nordstroms,0,0,0,0,1,0
kolhs,0,0,0,0,2,0
nudelman,0,0,0,0,2,0
klemm,0,0,0,0,2,0
golub,0,0,0,0,2,0
frim,0,0,0,0,1,1
permissions,0,0,0,0,1,0
defenders,0,0,0,0,1,0
collectionon,0,0,0,0,1,0
downthey,0,0,0,0,1,0
downthe,0,0,0,0,1,0
whearabouts,0,0,0,0,1,0
smarter,0,0,0,0,1,0
dyke,0,0,0,0,4,0
neal,0,0,0,0,4,0
lette,0,0,0,0,1,0
excellant,0,0,0,0,1,0
pvt,0,0,0,0,1,0
plural,0,0,0,0,1,1
eastate,0,0,0,0,1,0
yeilded,0,0,0,0,1,0
cbr,0,0,0,0,1,0
unbecoming,0,0,0,0,1,0
etiquette,0,0,0,0,1,0
sopervisor,0,0,0,0,1,0
cerastes,0,0,0,0,4,0
precinct,0,0,0,0,6,0
wirt,0,0,0,0,1,0
bondedin,0,0,0,0,1,0
ginna,0,0,0,0,1,0
xxxxace,0,0,0,0,1,0
fingerhut,0,0,0,0,1,0
eave,0,0,0,0,1,0
innaccurate,0,0,0,0,1,1
liek,0,0,0,0,1,0
adulthood,0,0,0,0,1,0
fds,0,0,0,0,3,0
rote,0,0,0,0,1,0
hum,0,0,0,0,1,0
overton,0,0,0,0,3,0
russell,0,0,0,0,3,0
doerr,0,0,0,0,3,0
donovan,0,0,0,0,3,0
excercised,0,0,0,0,1,0
refereced,0,0,0,0,1,0
crdit,0,0,0,0,1,1
whisper,0,0,0,0,1,0
aps,0,0,0,0,1,0
arding,0,0,0,0,1,0
sledge,0,0,0,0,1,0
tra,0,0,0,0,1,0
nsferred,0,0,0,0,1,0
fense,0,0,0,0,1,0
firstcreditonline,0,0,0,0,1,0
addedif,0,0,0,0,1,0
mirnada,0,0,0,0,1,0
solutionssolutions,0,0,0,0,1,0
limations,0,0,0,0,1,0
reobtaining,0,0,0,0,1,0
stepsister,0,0,0,0,1,0
pizza,0,0,0,0,1,0
motto,0,0,0,0,1,0
unwisely,0,0,0,0,1,0
restraint,0,0,0,0,1,0
selfish,0,0,0,0,2,0
sob,0,0,0,0,1,0
kennard,0,0,0,0,1,0
iphones,0,0,0,0,2,1
durress,0,0,0,0,1,0
coward,0,0,0,0,2,0
educaiton,0,0,0,0,1,0
rehabilation,0,0,0,0,1,0
rehabiliation,0,0,0,0,1,0
payemnts,0,0,0,0,1,0
creditorxxxx,0,0,0,0,1,3
defaultxxxx,0,0,0,0,2,0
limitationsxxxx,0,0,0,0,1,0
orxxxx,0,0,0,0,1,0
debtsxxxx,0,0,0,0,2,0
alabamaby,0,0,0,0,1,0
notverify,0,0,0,0,1,0
garnishi,0,0,0,0,1,0
grayson,0,0,0,0,1,0
withro,0,0,0,0,1,0
arcp,0,0,0,0,1,0
junkdebtcollectors,0,0,0,0,1,0
pennys,0,0,0,0,1,0
bogginng,0,0,0,0,1,0
betwent,0,0,0,0,1,0
outsider,0,0,0,0,1,0
unending,0,0,0,0,1,0
nimerous,0,0,0,0,1,0
roundabout,0,0,0,0,1,0
icy,0,0,0,0,1,0
ignal,0,0,0,0,1,0
economical,0,0,0,0,2,0
tale,0,0,0,0,1,1
relapse,0,0,0,0,1,0
dispenser,0,0,0,0,1,0
unsophisticated,0,0,0,0,1,0
rescindeded,0,0,0,0,1,0
gmail,0,0,0,0,1,0
myimaginecard,0,0,0,0,1,0
tan,0,0,0,0,2,0
extrinsic,0,0,0,0,1,0
provid,0,0,0,0,1,0
indocates,0,0,0,0,1,0
nfs,0,0,0,0,1,0
succesors,0,0,0,0,1,0
cwhl,0,0,0,0,11,0
pif,0,0,0,0,1,1
asha,0,0,0,0,2,0
hayt,0,0,0,0,2,0
landau,0,0,0,0,1,0
aberteli,0,0,0,0,1,0
abertelli,0,0,0,0,2,0
wssnt,0,0,0,0,1,0
callpaid,0,0,0,0,1,0
xxxxccount,0,0,0,0,1,0
releatives,0,0,0,0,1,0
tey,0,0,0,0,1,0
severeal,0,0,0,0,1,1
caed,0,0,0,0,1,0
realist,0,0,0,0,1,0
reallly,0,0,0,0,1,0
madamas,0,0,0,0,1,0
lethargy,0,0,0,0,1,0
tranunion,0,0,0,0,0,5
dateofbirth,0,0,0,0,0,1
namesreported,0,0,0,0,0,1
addressesreported,0,0,0,0,0,1
adaquate,0,0,0,0,0,1
assassination,0,0,0,0,0,1
curios,0,0,0,0,0,1
unlimitedly,0,0,0,0,0,1
tackle,0,0,0,0,0,1
infraction,0,0,0,0,0,2
picketer,0,0,0,0,0,1
verizon,0,0,0,0,0,8
delclaration,0,0,0,0,0,1
prestigious,0,0,0,0,0,1
nebraska,0,0,0,0,0,1
cooridating,0,0,0,0,0,1
compliedi,0,0,0,0,0,1
bankruuptcy,0,0,0,0,0,1
countinuous,0,0,0,0,0,1
authorisation,0,0,0,0,0,3
xxxxexperian,0,0,0,0,0,2
compant,0,0,0,0,0,1
worththiness,0,0,0,0,0,1
hae,0,0,0,0,0,1
curent,0,0,0,0,0,1
pastdue,0,0,0,0,0,3
staue,0,0,0,0,0,1
wasxx,0,0,0,0,0,1
threre,0,0,0,0,0,1
curtail,0,0,0,0,0,1
califonrnia,0,0,0,0,0,1
alternatvely,0,0,0,0,0,1
signups,0,0,0,0,0,1
grubbers,0,0,0,0,0,1
treason,0,0,0,0,0,2
oscar,0,0,0,0,0,8
accessi,0,0,0,0,0,3
breachon,0,0,0,0,0,3
locker,0,0,0,0,0,3
inordinately,0,0,0,0,0,3
litter,0,0,0,0,0,4
inquiriesmy,0,0,0,0,0,3
sction,0,0,0,0,0,1
informally,0,0,0,0,0,1
mointoring,0,0,0,0,0,1
attacehed,0,0,0,0,0,1
bewilderment,0,0,0,0,0,1
contac,0,0,0,0,0,2
billfold,0,0,0,0,0,1
xxxxstate,0,0,0,0,0,1
aprx,0,0,0,0,0,1
accounti,0,0,0,0,0,1
wriring,0,0,0,0,0,1
iota,0,0,0,0,0,1
slick,0,0,0,0,0,1
linesxxxx,0,0,0,0,0,1
depublished,0,0,0,0,0,2
heretofore,0,0,0,0,0,3
onlythe,0,0,0,0,0,1
relevancy,0,0,0,0,0,4
wenet,0,0,0,0,0,1
eqafacts,0,0,0,0,0,1
probaly,0,0,0,0,0,1
acr,0,0,0,0,0,1
designator,0,0,0,0,0,4
persoanl,0,0,0,0,0,1
undeleted,0,0,0,0,0,3
exes,0,0,0,0,0,1
emotion,0,0,0,0,0,1
verifiction,0,0,0,0,0,1
thiefs,0,0,0,0,0,1
vein,0,0,0,0,0,1
tracker,0,0,0,0,0,2
anonymously,0,0,0,0,0,1
synthetic,0,0,0,0,0,1
blend,0,0,0,0,0,2
throughly,0,0,0,0,0,1
infallible,0,0,0,0,0,1
companyacknowledged,0,0,0,0,0,1
withequifax,0,0,0,0,0,1
cied,0,0,0,0,0,1
contrive,0,0,0,0,0,1
organzation,0,0,0,0,0,1
url,0,0,0,0,0,1
ccsusa,0,0,0,0,0,1
nissian,0,0,0,0,0,1
undelierable,0,0,0,0,0,1
fraudluent,0,0,0,0,0,1
statng,0,0,0,0,0,1
accont,0,0,0,0,0,2
correctness,0,0,0,0,0,4
averments,0,0,0,0,0,4
warner,0,0,0,0,0,1
backlash,0,0,0,0,0,1
animosity,0,0,0,0,0,1
envy,0,0,0,0,0,1
strife,0,0,0,0,0,1
hypocrisy,0,0,0,0,0,1
heretic,0,0,0,0,0,1
bigotry,0,0,0,0,0,1
attatched,0,0,0,0,0,8
transunions,0,0,0,0,0,3
dofdxxxx,0,0,0,0,0,1
doue,0,0,0,0,0,1
unacceptably,0,0,0,0,0,1
interchange,0,0,0,0,0,2
lase,0,0,0,0,0,1
equifaxin,0,0,0,0,0,1
ideas,0,0,0,0,0,2
aforestated,0,0,0,0,0,1
equfax,0,0,0,0,0,6
fromtransunion,0,0,0,0,0,1
ligament,0,0,0,0,0,1
brave,0,0,0,0,0,1
receve,0,0,0,0,0,1
collction,0,0,0,0,0,1
permanantly,0,0,0,0,0,1
disobedience,0,0,0,0,0,1
acurate,0,0,0,0,0,1
claime,0,0,0,0,0,1
lawsuite,0,0,0,0,0,1
comforter,0,0,0,0,0,2
blat,0,0,0,0,0,1
unwriting,0,0,0,0,0,1
duspute,0,0,0,0,0,1
attepmts,0,0,0,0,0,1
explaing,0,0,0,0,0,1
persistant,0,0,0,0,0,2
advisnig,0,0,0,0,0,1
dismissals,0,0,0,0,0,6
cese,0,0,0,0,0,1
incharge,0,0,0,0,0,1
cheater,0,0,0,0,0,1
specials,0,0,0,0,0,1
retuns,0,0,0,0,0,1
ocurred,0,0,0,0,0,1
reinvestigating,0,0,0,0,0,1
nonstandard,0,0,0,0,0,1
sidestep,0,0,0,0,0,1
segregate,0,0,0,0,0,1
myfico,0,0,0,0,0,1
monopoly,0,0,0,0,0,2
exc,0,0,0,0,0,1
lexisnexis,0,0,0,0,0,6
shoul,0,0,0,0,0,1
dbe,0,0,0,0,0,1
inclose,0,0,0,0,0,1
ccm,0,0,0,0,0,2
equilfax,0,0,0,0,0,1
ccompany,0,0,0,0,0,1
wouldhandle,0,0,0,0,0,1
acdv,0,0,0,0,0,1
xxxxposted,0,0,0,0,0,1
transactionsxx,0,0,0,0,0,1
xxxxrecurring,0,0,0,0,0,4
xxxxpurchase,0,0,0,0,0,3
scorecard,0,0,0,0,0,1
xxxxtotals,0,0,0,0,0,1
xxxxuse,0,0,0,0,0,1
inqs,0,0,0,0,0,3
derelict,0,0,0,0,0,1
removplease,0,0,0,0,0,1
bankrupty,0,0,0,0,0,2
numbskulls,0,0,0,0,0,1
responsed,0,0,0,0,0,1
attem,0,0,0,0,0,1
aninquiry,0,0,0,0,0,1
thisinquiry,0,0,0,0,0,1
verydifficult,0,0,0,0,0,1
landlines,0,0,0,0,0,3
abbreviate,0,0,0,0,0,3
naval,0,0,0,0,0,1
duplications,0,0,0,0,0,3
simulator,0,0,0,0,0,1
lazier,0,0,0,0,0,1
reckon,0,0,0,0,0,1
angle,0,0,0,0,0,1
burials,0,0,0,0,0,1
mortuary,0,0,0,0,0,1
cemetery,0,0,0,0,0,1
heel,0,0,0,0,0,1
thaat,0,0,0,0,0,1
scorespace,0,0,0,0,0,1
changeseven,0,0,0,0,0,1
comthank,0,0,0,0,0,1
edst,0,0,0,0,0,1
disconneced,0,0,0,0,0,1
upsc,0,0,0,0,0,1
freecreditreport,0,0,0,0,0,3
experion,0,0,0,0,0,9
xxxxbut,0,0,0,0,0,1
tpd,0,0,0,0,0,3
creditchecktotal,0,0,0,0,0,2
advertisment,0,0,0,0,0,1
caan,0,0,0,0,0,1
foreigner,0,0,0,0,0,1
soil,0,0,0,0,0,2
tern,0,0,0,0,0,1
solvency,0,0,0,0,0,9
conservancy,0,0,0,0,0,9
examinership,0,0,0,0,0,9
reconstruction,0,0,0,0,0,9
bapcpa,0,0,0,0,0,8
continuosly,0,0,0,0,0,1
delincuent,0,0,0,0,0,1
responsability,0,0,0,0,0,1
revenge,0,0,0,0,0,2
defrauders,0,0,0,0,0,1
experain,0,0,0,0,0,12
tease,0,0,0,0,0,1
clickthrough,0,0,0,0,0,2
gravely,0,0,0,0,0,11
truns,0,0,0,0,0,1
carring,0,0,0,0,0,1
infowhen,0,0,0,0,0,1
theftwhen,0,0,0,0,0,1
asssure,0,0,0,0,0,1
agnecy,0,0,0,0,0,1
xxxxeach,0,0,0,0,0,1
xxxxva,0,0,0,0,0,3
xxxxabove,0,0,0,0,0,1
collecton,0,0,0,0,0,1
nieces,0,0,0,0,0,1
cfpbs,0,0,0,0,0,1
advancexxxx,0,0,0,0,0,1
errant,0,0,0,0,0,1
unknowns,0,0,0,0,0,1
tmobile,0,0,0,0,0,1
abrogate,0,0,0,0,0,2
bankruptcys,0,0,0,0,0,2
ka,0,0,0,0,0,1
bruce,0,0,0,0,0,1
naylor,0,0,0,0,0,1
renumerated,0,0,0,0,0,1
tthrow,0,0,0,0,0,1
goq,0,0,0,0,0,1
couirut,0,0,0,0,0,1
frivilouse,0,0,0,0,0,1
discpute,0,0,0,0,0,1
xxxxdo,0,0,0,0,0,1
minipulating,0,0,0,0,0,1
accountble,0,0,0,0,0,1
unprotected,0,0,0,0,0,1
swhy,0,0,0,0,0,1
arduous,0,0,0,0,0,1
invalidity,0,0,0,0,0,1
solvent,0,0,0,0,0,1
subsiduary,0,0,0,0,0,1
reamins,0,0,0,0,0,1
neg,0,0,0,0,0,1
xxxxare,0,0,0,0,0,1
soldin,0,0,0,0,0,1
thecompany,0,0,0,0,0,2
showingup,0,0,0,0,0,1
ifxxxx,0,0,0,0,0,1
currenthome,0,0,0,0,0,1
depose,0,0,0,0,0,1
lime,0,0,0,0,0,1
applicability,0,0,0,0,0,1
anyhone,0,0,0,0,0,1
automat,0,0,0,0,0,1
earners,0,0,0,0,0,4
disputexxxx,0,0,0,0,0,1
reinserts,0,0,0,0,0,1
mismatch,0,0,0,0,0,1
aletter,0,0,0,0,0,1
bankrutct,0,0,0,0,0,3
transunionaccording,0,0,0,0,0,2
ispunishable,0,0,0,0,0,1
experiean,0,0,0,0,0,1
respons,0,0,0,0,0,1
aboveboard,0,0,0,0,0,1
omb,0,0,0,0,0,2
inaccurateand,0,0,0,0,0,1
andscheduled,0,0,0,0,0,1
extortionof,0,0,0,0,0,1
violationof,0,0,0,0,0,1
tostatute,0,0,0,0,0,1
itt,0,0,0,0,0,1
inliting,0,0,0,0,0,1
answere,0,0,0,0,0,1
highschool,0,0,0,0,0,1
checksystems,0,0,0,0,0,1
fraught,0,0,0,0,0,1
finex,0,0,0,0,0,1
bureu,0,0,0,0,0,1
completethey,0,0,0,0,0,1
superviso,0,0,0,0,0,1
fastest,0,0,0,0,0,1
preselected,0,0,0,0,0,1
selfs,0,0,0,0,0,1
misspellings,0,0,0,0,0,1
shwing,0,0,0,0,0,1
handlings,0,0,0,0,0,1
authroization,0,0,0,0,0,1
frauduantly,0,0,0,0,0,1
ridiciulous,0,0,0,0,0,1
situs,0,0,0,0,0,2
germane,0,0,0,0,0,2
sxxxx,0,0,0,0,0,1
bkpt,0,0,0,0,0,7
falloff,0,0,0,0,0,1
kroll,0,0,0,0,0,2
elentary,0,0,0,0,0,1
udpdate,0,0,0,0,0,1
tuc,0,0,0,0,0,1
overstock,0,0,0,0,0,2
purpatraitor,0,0,0,0,0,1
credirmt,0,0,0,0,0,1
creedit,0,0,0,0,0,1
cedit,0,0,0,0,0,1
partied,0,0,0,0,0,1
majestic,0,0,0,0,0,2
monitory,0,0,0,0,0,1
heartbroken,0,0,0,0,0,1
experians,0,0,0,0,0,5
mistakingly,0,0,0,0,0,1
unwarrented,0,0,0,0,0,1
appretiated,0,0,0,0,0,1
lens,0,0,0,0,0,1
equefax,0,0,0,0,0,1
perpertrator,0,0,0,0,0,1
requsted,0,0,0,0,0,1
voila,0,0,0,0,0,1
cnsumers,0,0,0,0,0,1
immeiately,0,0,0,0,0,1
tthe,0,0,0,0,0,1
unbearably,0,0,0,0,0,1
infant,0,0,0,0,0,1
standers,0,0,0,0,0,1
hippia,0,0,0,0,0,1
eq,0,0,0,0,0,8
depiction,0,0,0,0,0,1
franchiseboard,0,0,0,0,0,1
sac,0,0,0,0,0,1
yearsas,0,0,0,0,0,1
verfiy,0,0,0,0,0,2
lastwritten,0,0,0,0,0,1
autodebit,0,0,0,0,0,2
shameless,0,0,0,0,0,1
udf,0,0,0,0,0,1
sos,0,0,0,0,0,4
enroute,0,0,0,0,0,1
hopelessness,0,0,0,0,0,1
creditability,0,0,0,0,0,3
rigid,0,0,0,0,0,1
inreferrecne,0,0,0,0,0,1
resons,0,0,0,0,0,1
promiced,0,0,0,0,0,1
fustrated,0,0,0,0,0,2
handlebars,0,0,0,0,0,1
reviewers,0,0,0,0,0,1
yto,0,0,0,0,0,1
equfix,0,0,0,0,0,1
txu,0,0,0,0,0,3
dist,0,0,0,0,0,1
notbe,0,0,0,0,0,1
beloing,0,0,0,0,0,1
experianin,0,0,0,0,0,1
rebuildinghas,0,0,0,0,0,1
characterno,0,0,0,0,0,1
readded,0,0,0,0,0,5
redispited,0,0,0,0,0,1
smalls,0,0,0,0,0,1
servicest,0,0,0,0,0,1
unionformity,0,0,0,0,0,1
supposidly,0,0,0,0,0,1
theift,0,0,0,0,0,1
orwww,0,0,0,0,0,1
learnmore,0,0,0,0,0,1
isp,0,0,0,0,0,1
creditreport,0,0,0,0,0,2
sup,0,0,0,0,0,2
iare,0,0,0,0,0,1
satified,0,0,0,0,0,1
originalcontract,0,0,0,0,0,1
writtenequifax,0,0,0,0,0,1
havenot,0,0,0,0,0,1
contaced,0,0,0,0,0,1
hevea,0,0,0,0,0,1
equifaxthen,0,0,0,0,0,1
reportand,0,0,0,0,0,1
losns,0,0,0,0,0,1
lioke,0,0,0,0,0,1
genealogical,0,0,0,0,0,1
myscore,0,0,0,0,0,9
genealogy,0,0,0,0,0,1
ssue,0,0,0,0,0,3
euifax,0,0,0,0,0,2
skyping,0,0,0,0,0,1
greatfurnituredeal,0,0,0,0,0,2
katy,0,0,0,0,0,1
afterr,0,0,0,0,0,1
baffelled,0,0,0,0,0,1
hassl,0,0,0,0,0,1
suprm,0,0,0,0,0,1
attentioni,0,0,0,0,0,1
concordance,0,0,0,0,0,1
markers,0,0,0,0,0,1
entires,0,0,0,0,0,1
calim,0,0,0,0,0,1
chptr,0,0,0,0,0,1
appropiately,0,0,0,0,0,1
swell,0,0,0,0,0,2
discernible,0,0,0,0,0,1
fdcra,0,0,0,0,0,6
asnwering,0,0,0,0,0,1
consumber,0,0,0,0,0,1
vender,0,0,0,0,0,1
carter,0,0,0,0,0,2
inquriy,0,0,0,0,0,5
reporto,0,0,0,0,0,2
numeral,0,0,0,0,0,1
experianxxxxxxxxxxxx,0,0,0,0,0,1
suppport,0,0,0,0,0,1
similair,0,0,0,0,0,1
adebt,0,0,0,0,0,1
homephone,0,0,0,0,0,1
resodual,0,0,0,0,0,1
crisscross,0,0,0,0,0,1
readding,0,0,0,0,0,1
inparticular,0,0,0,0,0,1
nounce,0,0,0,0,0,1
immediatley,0,0,0,0,0,2
notmines,0,0,0,0,0,1
reuglations,0,0,0,0,0,1
eval,0,0,0,0,0,1
politician,0,0,0,0,0,1
languages,0,0,0,0,0,1
hypothetical,0,0,0,0,0,1
entrepreneur,0,0,0,0,0,1
benefactors,0,0,0,0,0,2
considerately,0,0,0,0,0,1
demonstrably,0,0,0,0,0,1
blatanlty,0,0,0,0,0,1
mycase,0,0,0,0,0,2
failur,0,0,0,0,0,1
accoriding,0,0,0,0,0,1
aloted,0,0,0,0,0,1
perminiately,0,0,0,0,0,1
filexxxx,0,0,0,0,0,1
prearrange,0,0,0,0,0,1
obligatory,0,0,0,0,0,1
legalization,0,0,0,0,0,1
wisely,0,0,0,0,0,1
posses,0,0,0,0,0,2
credidt,0,0,0,0,0,1
accurint,0,0,0,0,0,9
riskview,0,0,0,0,0,2
peoplewise,0,0,0,0,0,3
knowx,0,0,0,0,0,3
suppressions,0,0,0,0,0,1
conflate,0,0,0,0,0,2
murky,0,0,0,0,0,1
insturctions,0,0,0,0,0,1
ssc,0,0,0,0,0,1
partisans,0,0,0,0,0,1
criminaly,0,0,0,0,0,1
boughten,0,0,0,0,0,1
fluris,0,0,0,0,0,1
monitered,0,0,0,0,0,1
havnt,0,0,0,0,0,1
trivially,0,0,0,0,0,1
didputed,0,0,0,0,0,1
willy,0,0,0,0,0,1
nilly,0,0,0,0,0,1
unsupported,0,0,0,0,0,1
monumentally,0,0,0,0,0,1
aboutitems,0,0,0,0,0,1
tmines,0,0,0,0,0,1
tand,0,0,0,0,0,1
daysso,0,0,0,0,0,1
managent,0,0,0,0,0,1
survivor,0,0,0,0,0,2
consumerfinancialprottection,0,0,0,0,0,1
billling,0,0,0,0,0,1
peopleequifax,0,0,0,0,0,1
recentjul,0,0,0,0,0,1
pmre,0,0,0,0,0,1
physc,0,0,0,0,0,1
unauthorise,0,0,0,0,0,1
correctand,0,0,0,0,0,1
dearly,0,0,0,0,0,1
theycant,0,0,0,0,0,1
theysaid,0,0,0,0,0,1
thatpossible,0,0,0,0,0,1
informatoin,0,0,0,0,0,1
crest,0,0,0,0,0,1
thesome,0,0,0,0,0,1
birthdays,0,0,0,0,0,3
bacause,0,0,0,0,0,1
inaccuarate,0,0,0,0,0,1
deleled,0,0,0,0,0,1
unconditionally,0,0,0,0,0,2
baseless,0,0,0,0,0,1
acconts,0,0,0,0,0,1
_______________________________________,0,0,0,0,0,1
andthey,0,0,0,0,0,1
reportedxx,0,0,0,0,0,3
agencyxxxx,0,0,0,0,0,2
xxxxstatusopenopened,0,0,0,0,0,2
responsibilityindividualbalance,0,0,0,0,0,2
xxxxremarksplaced,0,0,0,0,0,2
collectionxxxx,0,0,0,0,0,1
becausethe,0,0,0,0,0,1
muchalso,0,0,0,0,0,1
soi,0,0,0,0,0,1
feesi,0,0,0,0,0,1
recitfy,0,0,0,0,0,1
wana,0,0,0,0,0,1
trabsunion,0,0,0,0,0,1
anuual,0,0,0,0,0,1
boxis,0,0,0,0,0,1
complacency,0,0,0,0,0,1
economies,0,0,0,0,0,1
mascot,0,0,0,0,0,1
barons,0,0,0,0,0,1
ef,0,0,0,0,0,4
ffffurnishers,0,0,0,0,0,1
teenager,0,0,0,0,0,1
bits,0,0,0,0,0,1
feeze,0,0,0,0,0,1
thrm,0,0,0,0,0,2
numbertransunion,0,0,0,0,0,1
closeness,0,0,0,0,0,1
movements,0,0,0,0,0,1
subside,0,0,0,0,0,3
accountsb,0,0,0,0,0,1
statusc,0,0,0,0,0,1
accounte,0,0,0,0,0,1
notf,0,0,0,0,0,1
currentg,0,0,0,0,0,1
currenth,0,0,0,0,0,1
xxxxii,0,0,0,0,0,1
xxxxiii,0,0,0,0,0,1
didiv,0,0,0,0,0,1
accountsi,0,0,0,0,0,1
weed,0,0,0,0,0,1
dca,0,0,0,0,0,1
collectoiion,0,0,0,0,0,1
fiber,0,0,0,0,0,1
owewho,0,0,0,0,0,1
owestatement,0,0,0,0,0,1
debtstatement,0,0,0,0,0,1
youstatement,0,0,0,0,0,1
daysnote,0,0,0,0,0,1
authorit,0,0,0,0,0,1
diabolical,0,0,0,0,0,1
staus,0,0,0,0,0,1
defenseless,0,0,0,0,0,1
verbage,0,0,0,0,0,1
acurately,0,0,0,0,0,1
reguarly,0,0,0,0,0,1
reprt,0,0,0,0,0,1
equiafax,0,0,0,0,0,1
inq,0,0,0,0,0,1
paydayloans,0,0,0,0,0,1
fpur,0,0,0,0,0,1
delinquincy,0,0,0,0,0,1
officr,0,0,0,0,0,1
derog,0,0,0,0,0,1
challanged,0,0,0,0,0,1
sacramen,0,0,0,0,0,1
oin,0,0,0,0,0,1
collectionagency,0,0,0,0,0,1
experiain,0,0,0,0,0,1
leau,0,0,0,0,0,2
beareau,0,0,0,0,0,2
hourse,0,0,0,0,0,1
sendiing,0,0,0,0,0,1
mhl,0,0,0,0,0,1
deleation,0,0,0,0,0,1
eqifax,0,0,0,0,0,3
superviosr,0,0,0,0,0,1
thel,0,0,0,0,0,1
etetr,0,0,0,0,0,1
madethree,0,0,0,0,0,1
noavail,0,0,0,0,0,1
author,0,0,0,0,0,1
centerxxxx,0,0,0,0,0,1
ibeen,0,0,0,0,0,1
myapplying,0,0,0,0,0,1
hardinquiries,0,0,0,0,0,1
byinquiring,0,0,0,0,0,1
creditorsfrom,0,0,0,0,0,1
shashall,0,0,0,0,0,1
apllplications,0,0,0,0,0,1
areasonable,0,0,0,0,0,1
empirically,0,0,0,0,0,1
andstatically,0,0,0,0,0,1
judgmental,0,0,0,0,0,1
companiescompanies,0,0,0,0,0,1
eachthem,0,0,0,0,0,1
canget,0,0,0,0,0,1
forcredit,0,0,0,0,0,1
discouragingnot,0,0,0,0,0,1
reportwith,0,0,0,0,0,1
toestablish,0,0,0,0,0,1
transuion,0,0,0,0,0,3
atatched,0,0,0,0,0,1
drasticly,0,0,0,0,0,1
inquiree,0,0,0,0,0,1
spr,0,0,0,0,0,1
cour,0,0,0,0,0,1
illictly,0,0,0,0,0,1
slu,0,0,0,0,0,1
forfails,0,0,0,0,0,1
toolkit,0,0,0,0,0,1
educationthis,0,0,0,0,0,1
windowknow,0,0,0,0,0,1
rightsthis,0,0,0,0,0,1
windowlisted,0,0,0,0,0,1
updatedplease,0,0,0,0,0,1
facets,0,0,0,0,0,1
clearinghouse,0,0,0,0,0,1
irk,0,0,0,0,0,1
drivin,0,0,0,0,0,1
dui,0,0,0,0,0,2
inted,0,0,0,0,0,1
lawnmower,0,0,0,0,0,3
alabamaalso,0,0,0,0,0,1
ipurchased,0,0,0,0,0,1
theone,0,0,0,0,0,1
theretheir,0,0,0,0,0,1
doorshe,0,0,0,0,0,1
screenby,0,0,0,0,0,1
puta,0,0,0,0,0,1
findmy,0,0,0,0,0,1
airconditioner,0,0,0,0,0,2
creditas,0,0,0,0,0,1
beterminated,0,0,0,0,0,1
forxxxx,0,0,0,0,0,1
countersue,0,0,0,0,0,1
manydifferent,0,0,0,0,0,1
coenside,0,0,0,0,0,1
buraus,0,0,0,0,0,1
captcha,0,0,0,0,0,1
alpha,0,0,0,0,0,1
numeric,0,0,0,0,0,1
requestors,0,0,0,0,0,1
xp,0,0,0,0,0,2
sevaral,0,0,0,0,0,1
creditreporting,0,0,0,0,0,1
emplyer,0,0,0,0,0,1
cls,0,0,0,0,0,1
anymoreafter,0,0,0,0,0,1
imoved,0,0,0,0,0,2
apartmentthe,0,0,0,0,0,1
availment,0,0,0,0,0,1
tellamarketers,0,0,0,0,0,1
pesonal,0,0,0,0,0,1
brong,0,0,0,0,0,1
credco,0,0,0,0,0,7
laegely,0,0,0,0,0,1
assesing,0,0,0,0,0,2
imbalance,0,0,0,0,0,1
morph,0,0,0,0,0,1
eperian,0,0,0,0,0,1
posisible,0,0,0,0,0,1
fordwarding,0,0,0,0,0,1
deregotory,0,0,0,0,0,1
lossing,0,0,0,0,0,1
xxxxbankxxxx,0,0,0,0,0,1
agm,0,0,0,0,0,1
fraudulenty,0,0,0,0,0,1
smh,0,0,0,0,0,1
everbeen,0,0,0,0,0,1
iave,0,0,0,0,0,1
appoligized,0,0,0,0,0,1
yearsago,0,0,0,0,0,1
exsist,0,0,0,0,0,1
defuncted,0,0,0,0,0,1
ater,0,0,0,0,0,1
ddition,0,0,0,0,0,1
exac,0,0,0,0,0,1
crcs,0,0,0,0,0,4
crc,0,0,0,0,0,7
ler,0,0,0,0,0,3
ita,0,0,0,0,0,2
idr,0,0,0,0,0,3
malignant,0,0,0,0,0,1
wiithout,0,0,0,0,0,1
legalitems,0,0,0,0,0,1
dop,0,0,0,0,0,1
cloak,0,0,0,0,0,1
reportxxxx,0,0,0,0,0,1
txxxxx,0,0,0,0,0,1
han,0,0,0,0,0,1
usefulness,0,0,0,0,0,1
hendering,0,0,0,0,0,1
hungre,0,0,0,0,0,1
destroyers,0,0,0,0,0,1
unreporting,0,0,0,0,0,1
ruiened,0,0,0,0,0,1
ejectment,0,0,0,0,0,1
partnerships,0,0,0,0,0,1
undersatanding,0,0,0,0,0,1
philanthropic,0,0,0,0,0,2
boggle,0,0,0,0,0,1
amercian,0,0,0,0,0,1
democracy,0,0,0,0,0,2
picket,0,0,0,0,0,1
shotted,0,0,0,0,0,1
delinquint,0,0,0,0,0,2
amonut,0,0,0,0,0,1
irrationally,0,0,0,0,0,1
weopon,0,0,0,0,0,1
lateness,0,0,0,0,0,2
bks,0,0,0,0,0,1
berlin,0,0,0,0,0,2
wheeler,0,0,0,0,0,2
eport,0,0,0,0,0,1
countersuit,0,0,0,0,0,1
alledges,0,0,0,0,0,1
deformation,0,0,0,0,0,1
zerord,0,0,0,0,0,1
ovation,0,0,0,0,0,1
smoker,0,0,0,0,0,1
odor,0,0,0,0,0,1
out,0,0,0,0,0,1
investigateto,0,0,0,0,0,1
anual,0,0,0,0,0,1
begrudgingly,0,0,0,0,0,1
thesee,0,0,0,0,0,1
puppy,0,0,0,0,0,1
thebureaumustgenerally,0,0,0,0,0,1
theconsumer,0,0,0,0,0,1
ifthereinvestigationdeterminesthattheconsumer,0,0,0,0,0,1
sdataisinaccurate,0,0,0,0,0,1
thebureaumustdeletethedisputeddata,0,0,0,0,0,1
furnishershaveindependentobligationsunderthe,0,0,0,0,0,1
transunioni,0,0,0,0,0,1
peron,0,0,0,0,0,1
weong,0,0,0,0,0,1
torts,0,0,0,0,0,1
commonsensically,0,0,0,0,0,1
pacify,0,0,0,0,0,1
electively,0,0,0,0,0,1
kindergarten,0,0,0,0,0,1
tortfeasor,0,0,0,0,0,1
tortuous,0,0,0,0,0,1
george,0,0,0,0,0,1
bush,0,0,0,0,0,1
toto,0,0,0,0,0,1
freeannualreport,0,0,0,0,0,1
leoan,0,0,0,0,0,1
sling,0,0,0,0,0,1
permanetly,0,0,0,0,0,1
pseudonyms,0,0,0,0,0,1
allusion,0,0,0,0,0,1
attachement,0,0,0,0,0,1
receivers,0,0,0,0,0,2
oftentimes,0,0,0,0,0,2
unawares,0,0,0,0,0,2
scoredescribe,0,0,0,0,0,2
commonplace,0,0,0,0,0,1
putrid,0,0,0,0,0,2
derelicts,0,0,0,0,0,1
saleable,0,0,0,0,0,1
stillon,0,0,0,0,0,1
knowsa,0,0,0,0,0,1
streetcaused,0,0,0,0,0,1
causedby,0,0,0,0,0,1
reflectingsomething,0,0,0,0,0,1
marker,0,0,0,0,0,1
tragically,0,0,0,0,0,1
cos,0,0,0,0,0,2
reptg,0,0,0,0,0,2
financin,0,0,0,0,0,1
permant,0,0,0,0,0,1
collectioni,0,0,0,0,0,1
lifelife,0,0,0,0,0,1
sutff,0,0,0,0,0,1
asnwer,0,0,0,0,0,1
subpeana,0,0,0,0,0,1
neglagence,0,0,0,0,0,2
fst,0,0,0,0,0,1
premieraccount,0,0,0,0,0,1
cardaccount,0,0,0,0,0,1
xxxxterm,0,0,0,0,0,1
xxxxhighest,0,0,0,0,0,1
xxxxpayment,0,0,0,0,0,1
lateworst,0,0,0,0,0,1
latedate,0,0,0,0,0,1
xxxxtimes,0,0,0,0,0,1
latecredit,0,0,0,0,0,1
detailsxxxxxxxx,0,0,0,0,0,1
xxxxxxxxsee,0,0,0,0,0,1
recommendationsfind,0,0,0,0,0,1
inforation,0,0,0,0,0,1
recors,0,0,0,0,0,1
scorethere,0,0,0,0,0,1
isxxxx,0,0,0,0,0,1
reportsequifax,0,0,0,0,0,1
thereand,0,0,0,0,0,1
removedi,0,0,0,0,0,1
wrongfulness,0,0,0,0,0,1
immorally,0,0,0,0,0,1
transunuon,0,0,0,0,0,2
accountaccount,0,0,0,0,0,1
accountloan,0,0,0,0,0,1
protract,0,0,0,0,0,1
unforgivable,0,0,0,0,0,1
cis,0,0,0,0,0,1
terrorize,0,0,0,0,0,1
confiration,0,0,0,0,0,1
authorizzed,0,0,0,0,0,1
hovg,0,0,0,0,0,1
bacs,0,0,0,0,0,1
parities,0,0,0,0,0,1
corelogic,0,0,0,0,0,8
saferent,0,0,0,0,0,4
sixth,0,0,0,0,0,1
bankruyptcy,0,0,0,0,0,1
privet,0,0,0,0,0,2
scrore,0,0,0,0,0,1
divorsed,0,0,0,0,0,1
brine,0,0,0,0,0,1
comparisons,0,0,0,0,0,1
pacer,0,0,0,0,0,2
butying,0,0,0,0,0,1
differenct,0,0,0,0,0,1
racisim,0,0,0,0,0,1
reuqested,0,0,0,0,0,1
uptates,0,0,0,0,0,1
hjr,0,0,0,0,0,2
thereto,0,0,0,0,0,1
herby,0,0,0,0,0,1
repeal,0,0,0,0,0,2
agricultural,0,0,0,0,0,2
plument,0,0,0,0,0,1
legislature,0,0,0,0,0,1
hows,0,0,0,0,0,3
idiotic,0,0,0,0,0,1
offxxxx,0,0,0,0,0,1
orbankruptcy,0,0,0,0,0,1
aso,0,0,0,0,0,1
pappliations,0,0,0,0,0,1
abl,0,0,0,0,0,1
abolish,0,0,0,0,0,1
listred,0,0,0,0,0,1
thd,0,0,0,0,0,1
retify,0,0,0,0,0,1
equifaxxxxx,0,0,0,0,0,2
notifiying,0,0,0,0,0,1
accuracies,0,0,0,0,0,1
efiled,0,0,0,0,0,2
worthyness,0,0,0,0,0,1
bankrucy,0,0,0,0,0,1
dissmissed,0,0,0,0,0,1
comprimised,0,0,0,0,0,1
valadate,0,0,0,0,0,1
exoneration,0,0,0,0,0,1
exonerate,0,0,0,0,0,1
percise,0,0,0,0,0,1
preferable,0,0,0,0,0,1
mechanisms,0,0,0,0,0,1
skiptracing,0,0,0,0,0,1
discusted,0,0,0,0,0,1
alredi,0,0,0,0,0,1
mam,0,0,0,0,0,1
same_only,0,0,0,0,0,1
number_,0,0,0,0,0,1
tbe,0,0,0,0,0,1
comitted,0,0,0,0,0,1
frauad,0,0,0,0,0,1
insinuation,0,0,0,0,0,1
vendetta,0,0,0,0,0,1
xxxxtransunionxxxx,0,0,0,0,0,1
beaurous,0,0,0,0,0,1
blossom,0,0,0,0,0,1
fragment,0,0,0,0,0,1
literal,0,0,0,0,0,1
delted,0,0,0,0,0,1
xxxxmus,0,0,0,0,0,1
snt,0,0,0,0,0,1
havin,0,0,0,0,0,1
experien,0,0,0,0,0,3
cerfied,0,0,0,0,0,1
becauae,0,0,0,0,0,1
verifed,0,0,0,0,0,2
anyproof,0,0,0,0,0,1
singarture,0,0,0,0,0,1
goto,0,0,0,0,0,1
authourized,0,0,0,0,0,1
cmplaint,0,0,0,0,0,1
dpo,0,0,0,0,0,1
numbet,0,0,0,0,0,1
disabilty,0,0,0,0,0,1
knewe,0,0,0,0,0,1
ujnable,0,0,0,0,0,1
notk,0,0,0,0,0,1
unwind,0,0,0,0,0,2
backdoored,0,0,0,0,0,1
fil,0,0,0,0,0,1
reportinaccurate,0,0,0,0,0,1
systemsplease,0,0,0,0,0,1
equipfax,0,0,0,0,0,1
listedxx,0,0,0,0,0,1
stative,0,0,0,0,0,1
discus,0,0,0,0,0,1
truncate,0,0,0,0,0,1
themwith,0,0,0,0,0,1
officeand,0,0,0,0,0,1
followstax,0,0,0,0,0,1
accountit,0,0,0,0,0,1
mannerthis,0,0,0,0,0,1
atthe,0,0,0,0,0,1
utilitze,0,0,0,0,0,1
howver,0,0,0,0,0,1
idao,0,0,0,0,0,1
comminsion,0,0,0,0,0,1
aformentioned,0,0,0,0,0,1
unequal,0,0,0,0,0,1
taunt,0,0,0,0,0,1
desppite,0,0,0,0,0,1
arraign,0,0,0,0,0,1
addiction,0,0,0,0,0,1
hant,0,0,0,0,0,1
mult,0,0,0,0,0,1
thougtht,0,0,0,0,0,1
educations,0,0,0,0,0,1
electronicall,0,0,0,0,0,1
oldthey,0,0,0,0,0,1
inconvienence,0,0,0,0,0,1
ageny,0,0,0,0,0,1
basel,0,0,0,0,0,1
conventions,0,0,0,0,0,1
folowing,0,0,0,0,0,1
edition,0,0,0,0,0,2
learners,0,0,0,0,0,1
chexsystemsxxxx,0,0,0,0,0,2
agncy,0,0,0,0,0,1
complainting,0,0,0,0,0,1
unremoved,0,0,0,0,0,1
equafaix,0,0,0,0,0,1
tat,0,0,0,0,0,1
collectoras,0,0,0,0,0,1
statu,0,0,0,0,0,1
sumbitted,0,0,0,0,0,1
eports,0,0,0,0,0,1
sercuity,0,0,0,0,0,2
alredy,0,0,0,0,0,1
termscreditor,0,0,0,0,0,1
statuspaid,0,0,0,0,0,1
informatio,0,0,0,0,0,1
worng,0,0,0,0,0,1
minesota,0,0,0,0,0,1
chxxxxbk,0,0,0,0,0,1
beureaus,0,0,0,0,0,2
bearues,0,0,0,0,0,1
iquiry,0,0,0,0,0,1
balences,0,0,0,0,0,1
scorces,0,0,0,0,0,1
candidly,0,0,0,0,0,1
snoop,0,0,0,0,0,1
nr,0,0,0,0,0,1
xxxxcc,0,0,0,0,0,1
xxxxequifaxxxxxxxxx,0,0,0,0,0,1
claimaccount,0,0,0,0,0,1
creditbureaus,0,0,0,0,0,1
federalstatues,0,0,0,0,0,1
faircredit,0,0,0,0,0,1
rcw,0,0,0,0,0,2
andpresented,0,0,0,0,0,1
herebyconditionally,0,0,0,0,0,1
demandfor,0,0,0,0,0,1
followingconditions,0,0,0,0,0,1
llcconsumer,0,0,0,0,0,1
reword,0,0,0,0,0,1
delte,0,0,0,0,0,1
itn,0,0,0,0,0,1
filied,0,0,0,0,0,1
incorect,0,0,0,0,0,1
excersized,0,0,0,0,0,1
lawfull,0,0,0,0,0,2
basicaly,0,0,0,0,0,1
fdra,0,0,0,0,0,2
disreguard,0,0,0,0,0,1
excersizing,0,0,0,0,0,1
phyically,0,0,0,0,0,1
exsists,0,0,0,0,0,1
answerfrom,0,0,0,0,0,1
impermissible,0,0,0,0,0,1
responsibilty,0,0,0,0,0,1
aerate,0,0,0,0,0,1
formatin,0,0,0,0,0,1
nformation,0,0,0,0,0,1
areally,0,0,0,0,0,1
punatively,0,0,0,0,0,1
fluctuation,0,0,0,0,0,2
practise,0,0,0,0,0,1
liners,0,0,0,0,0,1
thimes,0,0,0,0,0,1
transunioun,0,0,0,0,0,1
wel,0,0,0,0,0,1
recenmt,0,0,0,0,0,1
onterest,0,0,0,0,0,1
trhey,0,0,0,0,0,1
balsanve,0,0,0,0,0,1
threm,0,0,0,0,0,1
whenmi,0,0,0,0,0,1
custumer,0,0,0,0,0,1
thryre,0,0,0,0,0,1
alwayts,0,0,0,0,0,1
earl,0,0,0,0,0,1
anmd,0,0,0,0,0,1
wazy,0,0,0,0,0,1
bedore,0,0,0,0,0,1
coap,0,0,0,0,0,1
nquiries,0,0,0,0,0,1
preapprovalo,0,0,0,0,0,1
apxc,0,0,0,0,0,1
itafter,0,0,0,0,0,1
monhs,0,0,0,0,0,1
wantyed,0,0,0,0,0,1
inteest,0,0,0,0,0,1
documentationstill,0,0,0,0,0,1
vaca,0,0,0,0,0,1
tiohn,0,0,0,0,0,1
fort,0,0,0,0,0,1
weelks,0,0,0,0,0,1
inrest,0,0,0,0,0,1
thisw,0,0,0,0,0,1
reportinb,0,0,0,0,0,1
incompetently,0,0,0,0,0,1
xxxxequifax,0,0,0,0,0,2
datting,0,0,0,0,0,1
ohsu,0,0,0,0,0,1
representataive,0,0,0,0,0,1
reprted,0,0,0,0,0,1
idenitity,0,0,0,0,0,1
equifa,0,0,0,0,0,1
beaureaus,0,0,0,0,0,1
trully,0,0,0,0,0,1
indirect,0,0,0,0,0,1
pymtss,0,0,0,0,0,1
xxxxhas,0,0,0,0,0,1
producting,0,0,0,0,0,1
fasta,0,0,0,0,0,1
cprb,0,0,0,0,0,1
intenionally,0,0,0,0,0,1
profesional,0,0,0,0,0,1
strangest,0,0,0,0,0,1
possibile,0,0,0,0,0,1
experianxxxx,0,0,0,0,0,2
hardball,0,0,0,0,0,1
buereas,0,0,0,0,0,1
sickness,0,0,0,0,0,1
transuinion,0,0,0,0,0,2
firestone,0,0,0,0,0,1
cfpbfrom,0,0,0,0,0,1
equifaxthank,0,0,0,0,0,1
heartfelt,0,0,0,0,0,1
columns,0,0,0,0,0,1
writings,0,0,0,0,0,1
harmedi,0,0,0,0,0,1
fcraxxxx,0,0,0,0,0,1
distinctively,0,0,0,0,0,1
additng,0,0,0,0,0,1
fiscally,0,0,0,0,0,1
immedi,0,0,0,0,0,1
invistigate,0,0,0,0,0,1
suporting,0,0,0,0,0,2
auot,0,0,0,0,0,2
havesubmitted,0,0,0,0,0,1
numberthey,0,0,0,0,0,1
themail,0,0,0,0,0,1
backsaying,0,0,0,0,0,1
thereforei,0,0,0,0,0,1
thephone,0,0,0,0,0,1
theinstructions,0,0,0,0,0,1
itunfroze,0,0,0,0,0,1
lanlord,0,0,0,0,0,1
roommmate,0,0,0,0,0,1
roomates,0,0,0,0,0,1
appilcation,0,0,0,0,0,1
whererby,0,0,0,0,0,1
focal,0,0,0,0,0,1
algorithms,0,0,0,0,0,1
certainty,0,0,0,0,0,1
accesshave,0,0,0,0,0,1
xxxxhard,0,0,0,0,0,1
ftb,0,0,0,0,0,4
indisputable,0,0,0,0,0,1
subtraction,0,0,0,0,0,1
furinsher,0,0,0,0,0,1
voter,0,0,0,0,0,1
unprofesisonal,0,0,0,0,0,2
comissions,0,0,0,0,0,1
affodavid,0,0,0,0,0,1
becuse,0,0,0,0,0,1
wiling,0,0,0,0,0,1
verifiying,0,0,0,0,0,1
imposter,0,0,0,0,0,1
covenant,0,0,0,0,0,1
hv,0,0,0,0,0,1
pretented,0,0,0,0,0,1
kudos,0,0,0,0,0,1
ah,0,0,0,0,0,1
hah,0,0,0,0,0,1
agenecies,0,0,0,0,0,1
nosy,0,0,0,0,0,1
quanity,0,0,0,0,0,1
xxxxxxxxequifax,0,0,0,0,0,1
distinctive,0,0,0,0,0,1
climate,0,0,0,0,0,1
grindstone,0,0,0,0,0,1
yhou,0,0,0,0,0,1
rhetorically,0,0,0,0,0,1
concieve,0,0,0,0,0,1
wing,0,0,0,0,0,1
acompanies,0,0,0,0,0,1
ccap,0,0,0,0,0,1
snuff,0,0,0,0,0,1
positivity,0,0,0,0,0,1
validte,0,0,0,0,0,1
itended,0,0,0,0,0,1
ofxxxx,0,0,0,0,0,1
meme,0,0,0,0,0,1
unreversable,0,0,0,0,0,1
cookie,0,0,0,0,0,1
cutter,0,0,0,0,0,1
smarten,0,0,0,0,0,1
deleated,0,0,0,0,0,2
evey,0,0,0,0,0,1
transd,0,0,0,0,0,1
childs,0,0,0,0,0,1
factortrust,0,0,0,0,0,1
rehabbing,0,0,0,0,0,1
finaling,0,0,0,0,0,1
andxx,0,0,0,0,0,1
intital,0,0,0,0,0,1
rmation,0,0,0,0,0,1
lisc,0,0,0,0,0,1
laborious,0,0,0,0,0,1
closedthe,0,0,0,0,0,1
falsexxxx,0,0,0,0,0,1
anise,0,0,0,0,0,1
ajperes,0,0,0,0,0,1
undesireables,0,0,0,0,0,1
sociopath,0,0,0,0,0,1
counbtries,0,0,0,0,0,1
allowedd,0,0,0,0,0,1
allert,0,0,0,0,0,1
hisbtax,0,0,0,0,0,1
ihio,0,0,0,0,0,1
attourny,0,0,0,0,0,1
lwins,0,0,0,0,0,1
kot,0,0,0,0,0,1
xxxxbankruptcy,0,0,0,0,0,1
mib,0,0,0,0,0,7
mvr,0,0,0,0,0,1
memphis,0,0,0,0,0,1
flaud,0,0,0,0,0,1
faules,0,0,0,0,0,1
storiesi,0,0,0,0,0,1
statis,0,0,0,0,0,1
responseability,0,0,0,0,0,1
wittness,0,0,0,0,0,1
iquire,0,0,0,0,0,1
autorize,0,0,0,0,0,1
divorceddivorced,0,0,0,0,0,1
recotds,0,0,0,0,0,1
sevrel,0,0,0,0,0,1
agreedto,0,0,0,0,0,1
xxxxchexsystemsxxxx,0,0,0,0,0,1
unknownto,0,0,0,0,0,1
chexystems,0,0,0,0,0,1
xxxxincorrect,0,0,0,0,0,1
goin,0,0,0,0,0,1
informationas,0,0,0,0,0,1
refrigerators,0,0,0,0,0,1
soapbox,0,0,0,0,0,1
whistle,0,0,0,0,0,1
chocolate,0,0,0,0,0,1
graciously,0,0,0,0,0,1
decimate,0,0,0,0,0,1
tattle,0,0,0,0,0,1
overhaul,0,0,0,0,0,1
droppedfrom,0,0,0,0,0,1
theyrefuse,0,0,0,0,0,1
greatlyappreciate,0,0,0,0,0,1
exprian,0,0,0,0,0,1
thisinformation,0,0,0,0,0,1
certegy,0,0,0,0,0,2
filedxx,0,0,0,0,0,1
outlive,0,0,0,0,0,1
terriable,0,0,0,0,0,1
fighing,0,0,0,0,0,1
longers,0,0,0,0,0,1
wwant,0,0,0,0,0,1
corrrect,0,0,0,0,0,1
funnybusiness,0,0,0,0,0,1
circular,0,0,0,0,0,1
indentification,0,0,0,0,0,1
geographical,0,0,0,0,0,1
whosoever,0,0,0,0,0,1
mindless,0,0,0,0,0,1
inflexibility,0,0,0,0,0,1
acute,0,0,0,0,0,1
socials,0,0,0,0,0,1
recents,0,0,0,0,0,1
xxxxacc,0,0,0,0,0,1
untitled,0,0,0,0,0,1
accountxxxx,0,0,0,0,0,1
ruld,0,0,0,0,0,1
detainer,0,0,0,0,0,1
jurisprudence,0,0,0,0,0,1
subreption,0,0,0,0,0,1
___xxxx,0,0,0,0,0,1
agencies____,0,0,0,0,0,1
unrentable,0,0,0,0,0,1
habitability,0,0,0,0,0,1
idiot,0,0,0,0,0,1
irrefutable,0,0,0,0,0,1
dreg,0,0,0,0,0,1
slumlords,0,0,0,0,0,1
mounthy,0,0,0,0,0,1
crease,0,0,0,0,0,1
primer,0,0,0,0,0,1
remtal,0,0,0,0,0,1
spackled,0,0,0,0,0,1
brittle,0,0,0,0,0,2
experianto,0,0,0,0,0,1
scrub,0,0,0,0,0,1
reportable,0,0,0,0,0,1
arrangemet,0,0,0,0,0,1
connot,0,0,0,0,0,1
indiscretion,0,0,0,0,0,1
recordit,0,0,0,0,0,1
wrongfulpractices,0,0,0,0,0,1
composition,0,0,0,0,0,1
misheard,0,0,0,0,0,1
csa,0,0,0,0,0,1
edxxxx,0,0,0,0,0,1
las,0,0,0,0,0,1
vegas,0,0,0,0,0,1
tillxxxx,0,0,0,0,0,1
invastigated,0,0,0,0,0,1
registererd,0,0,0,0,0,1
dispalying,0,0,0,0,0,1
impartially,0,0,0,0,0,1
disput,0,0,0,0,0,1
helpthank,0,0,0,0,0,1
insanely,0,0,0,0,0,1
veer,0,0,0,0,0,1
informaton,0,0,0,0,0,1
nexus,0,0,0,0,0,2
docxxxx,0,0,0,0,0,4
aciency,0,0,0,0,0,1
agiency,0,0,0,0,0,1
imediatley,0,0,0,0,0,2
upscale,0,0,0,0,0,1
loner,0,0,0,0,0,1
collectability,0,0,0,0,0,3
doi,0,0,0,0,0,1
indepent,0,0,0,0,0,1
thaw,0,0,0,0,0,1
detector,0,0,0,0,0,1
fraduantly,0,0,0,0,0,1
wtl,0,0,0,0,0,1
responsded,0,0,0,0,0,1
innacuriaces,0,0,0,0,0,1
pagexxxx,0,0,0,0,0,1
erouneous,0,0,0,0,0,1
wxplained,0,0,0,0,0,1
responsibitlity,0,0,0,0,0,1
sitution,0,0,0,0,0,1
interactive,0,0,0,0,0,2
inclusions,0,0,0,0,0,1
repeatidily,0,0,0,0,0,1
pinnical,0,0,0,0,0,1
mimic,0,0,0,0,0,1
rbfcu,0,0,0,0,0,1
ttried,0,0,0,0,0,1
eqiifax,0,0,0,0,0,1
recordfederal,0,0,0,0,0,1
bankruptcya,0,0,0,0,0,1
petitioners,0,0,0,0,0,1
informationdisputed,0,0,0,0,0,1
canc,0,0,0,0,0,1
discrepies,0,0,0,0,0,1
thess,0,0,0,0,0,1
grads,0,0,0,0,0,1
orphan,0,0,0,0,0,1
aspire,0,0,0,0,0,2
inaccurrate,0,0,0,0,0,1
